Key;English;French;German;Polish;Spanish;Italian;Swedish;Czech;Hungarian;Dutch;Portuguese;Russian;Finnish;
EVTNAME50000;The New Reactionary Regime;;;;;;;;;;;;;
EVTDESC50000;The recent successful military action by reactionary cadres has caused the total overthrow of our nation’s government. Revolutionary guards organized by radicalized noblemen and clerical dissenters seized the major arteries of government in $CAPITAL$, causing most of the remaining legitimate government to flee or resign. The capital remains in a somber mood after the closure of frantic violence in the streets. Citing causes of tradition, legitimacy, the ancestral faith, and the divinely ordained order, they have rolled back political and social privileges dramatically. The parliament has been suspended, and rapidly a number of edicts restoring the old nobility and church to positions have been promulgated. This will be sure to cause domestic unrest, as well as has destabilized our position abroad as local governments attempt to regularize relations with the new regime. It remains to be seen how this will affect the development of our country long term. ;;;;;;;;;;;;;
EVT50000OPTA;Reaction is the order of the day, it seems.;;;;;;;;;;;;;
EVTNAME50001;The New Theocratist Regime;;;;;;;;;;;;;
EVTDESC50001;The recent successful seizure of power by the theocratist paramilitary faction in $CAPITAL$ has affected a radical transformation of our state. After the brutal capture of the city, the theocratists forced a mass resignation of most officials, and performed a couple of particularly brutal religious killings of a number of non-compliant social activists and former governmental elites. They have rapidly set up a parallel bureaucracy as an outgrowth of their paramilitary faction’s political secretariat, and have quickly and violently enforced Theocratic control over much of the rest of the country though local gauleiter and collaborating clergy. Ultimately state power now rests in theory within the national theocratist synod, the collection of life-term clerics and internally elected party functionaries that head the political and military direction of the theocratist party. ;;;;;;;;;;;;;
EVT50001OPTA;I’ll see you at worship, then, fonctionnaire…;;;;;;;;;;;;;
EVTNAME50002;The New Free-Yoker Regime;;;;;;;;;;;;;
EVTDESC50002;The recent seizure of $CAPITAL$ by radical bands of 'Free-Yokers' has dramatically transformed the political constitution of our country. In their iconoclastic crusade against all symbols of privilege, aristocracy, and clericalism, they have routed the last government supporters that continued to fight and hung those which they could capture. Proclaiming the rights of the citizen-farmer and the “unfettered national spirit”, they have established a radical directorate committee to direct the “preservation of the national corps”, which has assumed most governmental powers for the time being. The central government in the meantime has passed a number of radical edicts, guaranteeing the privileges of the yeoman farmer as well as the rural laborer and the urban menu peuple, establishing labor regulation boards, grain distribution laws, encouraging anti-competitive and protective economic policies, and abolishing aristocratic privilege. Now it only remains to be seen how we can spread liberty beyond our borders…;;;;;;;;;;;;;
EVT50002OPTA;Hurrah for the popular will, I say!;;;;;;;;;;;;;
EVTNAME50003;The New Absolutist Regime;;;;;;;;;;;;;
EVTDESC50003;The recent capture of our seat of government by the so-called $COUNTRY_ADJ$ Absolutist Army Faction has ushered in an age of new and shockingly different governments. Proclaiming the ‘age of the state’ begun, in the central square of $CAPITAL$, now rechristened ‘State Square’, the reconstruction of society began with the total abolition of identities beyond ‘citizen’, and it is clear that paramount leadership seems to lie in the bureaucratic secretariat or the military-political commissariate. Most state offices have either been awarded by appointment by the party leadership, or have been abolished and reshaped. Much private land has been seized as “wastage” for alternative usage, and a number of “inefficiencies, abuses, and crimes” have been abolished. It seems that in the foreseeable future our country will be under the strict and punctual leadership of a swarm of party functionaries, teachers, shop-floor managers and agricultural overseers.;;;;;;;;;;;;;
EVT50003OPTA;Why, good chap, I believe that’s quorum!;;;;;;;;;;;;;
EVTNAME50004;The Age of the State;;;;;;;;;;;;;
EVTDESC50004;Recently, a certain group of new political theorists in $COUNTRY$, stimulated, they say, by a reflection upon the perennial disorders of war, industrial recession, famine, inefficiency, have diagnosed the source of society's ills as not one of inequality or political radicalism, but one of 'anarchy'. Growing out of social liberationist speculation, they have arrived at the conclusion that despite the correct impulses of liberationism, the current state cannot correctly support its intentions. Claiming the current state is ill suited to deal with modern material civilization - the various industrial innovations that have reshaped the economic and attendant social order of the day - they propose a radical reorganization of the state along the lines of the most efficient industrial and corporate enterprises. Endorsing all reforms to rid the state of inefficiency, by means centralized planning, a needed expression of state bureaucracy, rationalization of legislation, elimination of autonomy, etc, the 'statist' ideology demands that the state itself be rationalized to save the gains of social libertarianism from the new ills of inefficiency and the vagaries of the market.;;;;;;;;;;;;;
EVT50004OPTA;Fascinating;;;;;;;;;;;;;
EVTNAME50005;The Doctrine of Absolutism;;;;;;;;;;;;;
EVTDESC50005;Ever since the increased agitation of statist reforms and political organization, a new, more virulent and extreme form of statism has emerged from a circle of intellectuals in $COUNTRY$ out of frustration with the statist impulse to compromise with and even protect Liberationist reforms. Turning their back on statism's roots as a means for the preservation of social Liberationism, they have come to suggest that the state itself is an 'absolute' good, an entity that serves no greater good than itself. They cry that the efficiency and capacity of the state must be enforced and pursued 'absolutely', with total indifference to petty squabbling and selfish demands of its constituents. This, they claim, will ultimately, and exclusively, bring true prosperity to those members of the state, unlike the illusions of other ideologies which bring only selfish gain to certain members of the state. Ultimately the absolutist impulse is a radical reformulation and indeed clarification of the purpose and even very being of the state: the state should be seen as an enterprise that succeeds or fails in the preservation and expansion of its own power, capacity, and efficiency, and nothing else.;;;;;;;;;;;;;
EVT50005OPTA;How peculiar;;;;;;;;;;;;;
EVTNAME50006;The First Theocratist Synod;;;;;;;;;;;;;
EVTDESC50006;The principles of conservatism and reaction have long languished in the doldrums of opposition and desperate compromise. Now, however, we are seeing the revival of the forces of reaction. The 'theocratist' speculators of $COUNTRY$ make radical claims: everywhere, fat and useless bureaucracies deliver grains to idle vagrants and wastrels who have been uprooted from their ancestral homes, great slum tenements have risen up in our once bright cities, the humble farmer is ruined by the slump in the prices of commodities, and mankind wallows, spiritually blighted by this atheistic age of worldly delights. And so a voice hearkens for the halcyon days of yore, when each man knew his station and worked the land of a fatherly lord. A day when each man did not indulge in strange, synthetic compounds, or interpret scriptures in his own degenerate way, but listened to the strictures of the educated priest. But how to achieve this, in such an age of markets and factories? The theocratist ideology claims that the authoritarian and centralizing implements of the modern state pioneered by statism must be employed in fact explicitly for the sake of moral edification and social order.;;;;;;;;;;;;;
EVT50006OPTA;Interesting;;;;;;;;;;;;;
EVTNAME50007;A Country Mobilized;;;;;;;;;;;;;
EVTDESC50007;Conscripts are being drafted left and right and the poor are being trained and prepared to fight. Military camps are full of fresh recruits, troops are carrying out exercises in our borders and every aspect of society and every signal the government gives seems to indicate a war is in progress, yet there's no war. This large disruption in the country's daily life is angering our population and making our neighbours increasingly wary.;;;;;;;;;;;;;
EVT50007OPTA;These are just harmless exercises.;;;;;;;;;;;;;
EVTNAME50008;A Theocratic Government;;;;;;;;;;;;;
EVTDESC50008;Recent reforms in our state have dramatically elevated the significance and constitutional role of a number of religious authorities and bodies. This preponderant influence of the clergy and faith institutions in decision making, legislation, and judgment means our state most properly ought to be described as a 'theocracy' above anything else. Gradually, through the influence of the courts and religious police, much of the nominally “secular” government has become beholden to religious authorities, and has melded into one structure. Religious discourse dominates the public sphere, and there is at this point very few who would not publicly profess the state faith. ;;;;;;;;;;;;;
EVT50008OPTA;Glory be, and all that, yes, yes.;;;;;;;;;;;;;
EVTNAME50009;The Rise of a Prince;;;;;;;;;;;;;
EVTDESC50009;Recent reforms in our country have graduated centralized power around a single authoritarian personage of an aristocratic dynasty, suggesting that at this point it is probably appropriate to call our country a “princely despotate”, as per the common parlance. This creeping shift has occurred as the executive has gradually gained power by the slow removal of special ecclesiastical dominion, as well as centralized the bureaucracy in the hands of loyalist bourgeois officeholders. The effective decline of aristocratic power in active governance has weakened the parliament with the rise of the power of the prince. Local magnates and squires in the countryside are bewailing a decline in “natural liberties” and “the old constitution and our beloved commonwealth”, and clerics are warning of a “new secularism”, but it seems most subjects have quiescently accepted the augmented power of our monarch, who increasingly formalizes their power by the day, as the royal court grows more sure of itself.;;;;;;;;;;;;;
EVT50009OPTA;Well, at least it will cut down on squabbling...;;;;;;;;;;;;;
EVTNAME50010;The New Constitution;;;;;;;;;;;;;
EVTDESC50010;Our state has recently undergone a number of critical political changes related to political decentralization, corporate legislation, and aristocratic privilege, such that we might at this point call our country an “aristocratic commonwealth”. Power lies now first and foremost amongst a body of great noble proprietors collaborating in a parliamentary body. The gradual devolution of both the regional executive and judicial powers to local aristocratic magnates has enabled the graduate capture of the country by these great barons and marcher lords. While this generally bodes poorly for the serf and whatever remnants of an executive remain, most burghers and yeomen have silently accepted the changes, integrating themselves into the increasingly aristocratic structures through town charters and elective corporations. It is not long, surely, before the executive is neigh more than a figurehead, and the church is all but private property of the local lord, some are saying. ;;;;;;;;;;;;;
EVT50010OPTA;Two, or six hundred, heads, are better than one?;;;;;;;;;;;;;
EVTNAME50011;The Abolition of Serfdom;;;;;;;;;;;;;
EVTDESC50011;The practice of serfdom - land-labour bondage of all types, has been abolished in all manners in our nation. All banalities, corvee, tributes, and levies have been strictly banned. This is likely to enrage many great aristocrats and their servants, who hate to see this ancient rite disappear. They bewail the end of the bond between lord and villein, an ancient bond going far back into yore. However, these dues have long worn upon our people, and the rural folk resent greatly these impositions on their lives. Many considered these restrictions on movement, land usage, and labor sales a great drag on our economy as well. The so-called 'serf problem', which has created many dilapidated estates and rural slums, will hopefully be gradually cleared up by this effort to suppress these unjust dues, regularize our economy and land usage, and make these families a functioning part of our markets.;;;;;;;;;;;;;
EVT50011OPTA;Well, that will make these folk jolly!;;;;;;;;;;;;;
EVTNAME50012;The Abolition of Thralldom;;;;;;;;;;;;;
EVTDESC50012;The barbaric practice of thralldom - the rearing, culling, vending, driving, transhumance, pasturing, breeding, and above all consuming the flesh of hominid cattle, or ‘thralls’ has finally been abolished in our country. This will greatly enrage all traditionalists of various types - great landowners, wretched yeomen, and consumers with a certain taste for man flesh. Nonetheless, its quite clear that this clumsy and strange practise was a great drag on our economy and our moral decency as a state. Now these able bodies folk will surely be free to join the economy, and we will no longer have the stain of near-cannibalism on our consciousness.;;;;;;;;;;;;;
EVT50012OPTA;Social progress, they call it!;;;;;;;;;;;;;
EVTNAME50013;$FROMCOUNTRY_ADJ$ Winds;;;;;;;;;;;;;
EVTDESC50013;$MONARCHTITLE$, the $FROMCOUNTRY_ADJ$ ambassador has presented us with news from the $UNION_ADJ$ Congress. $FROMCOUNTRY$ has accepted the $UNION_ADJ$ crown, and proclaimed themselves the one true $UNION_ADJ$ nation. These winds of change will be hard to resist.;;;;;;;;;;;;;
EVT50013OPTA;Long live the $UNION_ADJ$ people!;;;;;;;;;;;;;
EVT50013OPTB;We will not have our ancestral rights infringed!;;;;;;;;;;;;;
EVTNAME50014;The $FROMCOUNTRY_ADJ$ Congress;;;;;;;;;;;;;
EVTDESC50014;EVTDESC11100;A rising tide of nationalism within greater $CULTURE_GROUP_UNION$ has toppled the government in $FROMCOUNTRY$. A congress of nationalistic revolutionaries has been convened, with representatives from all of $CULTURE_GROUP_UNION$, which has decreed that the time is right for the nation to unite under one banner. The congress has offered the crown of this united $CULTURE_GROUP_UNION$ to us. We could accept the offer, but doing so would cause international alarm, and require us to compensate the revolutionaries politically.;;;;;;;;;;;;;
EVT50014OPTA;Hurrah!;;;;;;;;;;;;;
EVT50014OPTB;I will not accept a crown from the gutter.;;;;;;;;;;;;;
EVTNAME50015;A Scandal of the Past;;;;;;;;;;;;;
EVTDESC50015;It has been about a decade since we stacked the upper house with loyal partisans, and though the memory this scandal still remains among the minds of few, the general public has moved on and seemingly forgotten about it.;;;;;;;;;;;;;
EVT50015OPTA;Whew!;;;;;;;;;;;;;
EVTNAME50016;$FROMCOUNTRY$ Has Requested a Grant!;;;;;;;;;;;;;
EVTDESC50016;The $FROMCOUNTRY_ADJ$ nation has requested a sum of money from any nations willing to fund them.;;;;;;;;;;;;;
EVT50016OPTA;Deny Request;;;;;;;;;;;;;
EVT50016OPTB;We Can Afford 50,000;;;;;;;;;;;;;
EVT50016OPTC;We Can Afford 100,000;;;;;;;;;;;;;
EVT50016OPTD;We Can Afford 250,000;;;;;;;;;;;;;
EVT50016OPTE;We Can Afford 500,000;;;;;;;;;;;;;
EVTNAME50017;$FROMCOUNTRY$ Defaults in Defiance of our Military!;;;;;;;;;;;;;
EVTDESC50017;I pledge you, I pledge myself to a new deal for the $FROMCOUNTRY_ADJ$ people. Let us here assembled constitute ourselves prophets of a new order of competence and courage. This is more than a political campaign, it is a call to arms...\n\nA spokesperson of the $COUNTRY_ADJ$ government was quoted saying as the matter of the $FROMCOUNTRY_ADJ$ debt exploded in the press. They went bankrupt again, defying previous treaties and now there's talk of military intervention to make sure we will get paid.;;;;;;;;;;;;;
EVT50017OPTA;We are ready to move from the conference to the battlefield table.;;;;;;;;;;;;;
EVT50017OPTB;Issue an official declaration forgiving their debt.;;;;;;;;;;;;;
EVTNAME50018;$FROMCOUNTRY$ Defaults!;;;;;;;;;;;;;
EVTDESC50018;Any lack of confidence in the economic future of $FROMCOUNTRY$ is foolish, the $FROMCOUNTRY_ADJ$ ruler was quoted as saying, "I do not believe that the power and the duty of the $FROMCOUNTRY_ADJ$ Government ought to be extended to the relief of individual suffering.... The lesson should be constantly enforced that though the people support the Government, the Government should not support the people."\n\nAs the $FROMCOUNTRY_ADJ$ defaults on their debts, the civil servants and the economy are suffering greatly from austerity measures. They owed us some money when they defaulted but since the amount is small, we wouldn't normally take any action. We can choose to act, but not forgiving such a small debt will get some worried and angry reactions from the Great Powers.;;;;;;;;;;;;;
EVT50018OPTA;$FROMCOUNTRY$ better pay their debts from now on.;;;;;;;;;;;;;
EVT50018OPTB;We will have our money back.;;;;;;;;;;;;;
EVT50018OPTC;Issue an official declaration forgiving their debt.;;;;;;;;;;;;;
EVTNAME50019;$FROMCOUNTRY$ Goes Bankrupt!;;;;;;;;;;;;;
EVTDESC50019;Wave after wave of selling again moved down prices on the Stock Exchange today and billions of moji were clipped from values. Traders surged about brokerage offices watching their holdings wiped out.... It was one of the worst breaks in history.... For a time, in the morning, the market was showing signs of rallying power.... Then new waves of selling out of poorly margined accounts started another reaction...\n\n$FROMCOUNTRY$ has gone bankrupt and defaulted on all their debts. We must use our military might if we want to safeguard our investors.;;;;;;;;;;;;;
EVT50019OPTA;The $FROMCOUNTRY_ADJ$ better pay their debts.;;;;;;;;;;;;;
EVT50019OPTB;Issue an official declaration forgiving their debt.;;;;;;;;;;;;;
EVTNAME50020;$PROVINCENAME$ Old Naval Base;;;;;;;;;;;;;
EVTDESC50020;A half abandoned leviathan stuck in the coast. That is how locals in $PROVINCENAME$ describe the decrepit facilities of the old naval base that used to be a local asset strategically important for the $COUNTRY_ADJ$ government. In truth, the naval base has been in decline for a long while and the government defaulting is just the rock bottom. Hit with a severe economic recession in $YEAR$, $COUNTRY_ADJ$ politicians in $CAPITAL$ have no money to spend on repairing and maintaining non-essential staff and facilities.;;;;;;;;;;;;;
EVT50020OPTA;A sad state of affairs;;;;;;;;;;;;;
EVTNAME50021;Overgrown Railways in $STATENAME$;;;;;;;;;;;;;
EVTDESC50021;What once was one of the arteries of $COUNTRY_ADJ$ industry, the railway in $PROVINCENAME$ fell into such disrepair that it's path is barely visible and its tracks are unusable. Economic recession has hit $STATENAME$ harshly for the last years and without money from $CAPITAL$ being invested, most of the railways in $STATENAME$ are in such a state that they will need to be rebuilt to become train-worthy again.;;;;;;;;;;;;;
EVT50021OPTA;A sad state of affairs;;;;;;;;;;;;;
EVTNAME50022;Forts Close in $STATENAME$;;;;;;;;;;;;;
EVTDESC50022;If one in $YEAR$ were to look at the state of the $COUNTRY_ADJ$ line of defences in $PROVINCENAME$, what they would see is a multitude of abandoned bases and unmanned fortifications occupied only by squatters. A fortification is something tricky to maintain - not only it needs regular assessment of the integrity of walls and gates, but also a constant supply of new armaments, supplies and tools for repair. If one of these ingredients are missing, the structures become useless and the military corps are powerless to stop decay from setting in. After several years of hardship, what is seen in $STATENAME$ is this picture, a consequence of the disastrous bankruptcy that is crushing $COUNTRY$.;;;;;;;;;;;;;
EVT50022OPTA;A sad state of affairs;;;;;;;;;;;;;
EVTNAME50023;Ancestral Swamp Farming;;;;;;;;;;;;;
EVTDESC50023;Our civilisation is a truly ancient one - for millennia our people have worked on the vast paddies and swamplands that constitute the great Poudwouvas river valley. Thousands of years of careful earthworks, dredging, canal construction, and bank reinforcement have turned our great mangroves and swamplands into carefully cultivated fertile paddies for the harvest of riverseed and Pruub flower. Huge mud and root embankments of dense, drooping mangroves line the cuts and gullies to protect from excessive flooding, and provide channels for the barges and gondolas to gently pass through. The houses of our people lie on elegant stilts, or their mud dwellings rest safely atop vast stones moved centuries ago in forgotten engineering feats. When his majesty the Vopodwou, the celestial emperor, the very lynchpin of the world, looks upon his vast domain in the morning, when the rays of the sun kiss the paddies, he can be sure that his civilisation will be bountiful and enduring for the unending future.;;;;;;;;;;;;;
EVT50023OPTA;The great Vopudshawrish is truly eternal!;;;;;;;;;;;;;
EVTNAME50024;A Peculiar Request;;;;;;;;;;;;;
EVTDESC50024;The foreign secretary maintains, out of necessity, congress with the leading figures of industrial and imperial circles: elegant soirees hosted for the $COUNTRY_ADJ$ Settlement Society, lavish dinners with industrialists, and hundreds of subtle conversations in private dwellings. Now, however, we are informed of a most peculiar request. An adventurous sort of man, an ex-lieutenant, a self-styled explorer who’s spent time in the far east among the locals, who came into a private fortune by either smuggling, trading, or inheritance (the matter remains murky), has seemingly drummed up a lot of enthusiasm about leading a small band of reservists, thugs, and other martial men to take over some godforsaken chiefdom or other in the wild beyond, with which he seems to be somehow sordidly personally entangled, due to his travels. Most pertinently, he’s passed a request to the foreign secretary actually asking for ships and means to achieve this, promising to incorporate these lands into our state.;;;;;;;;;;;;;
EVT50024OPTA;Who is this fool? Get him out of here!;;;;;;;;;;;;;
EVT50024OPTB;We can provide him with funding;;;;;;;;;;;;;
EVT50024OPTC;We can provide him funding and guns;;;;;;;;;;;;;
EVT50024OPTD;We can provide him with the boats, the funding and the guns!;;;;;;;;;;;;;
EVTNAME50025;The Filibuster Succeeds!;;;;;;;;;;;;;
EVTDESC50025;About fourteen months ago, our foreign office and exchequer, for better or for worse, provided a soldier of fortune with means to make himself master of a small undeveloped region beyond our shores. His unkempt soldiers shuffled into their vessels in an unspectacular way, and with little fanfare left our wharfs for distant shores, to scant notice outside of certain circles. Staggeringly, however, we have just received a formal communique from this man who informs us that he and his men have mastered this distant land, and established a small colonial government. He wishes to hand over a government of ‘protectorate’ to the colonial office, in exchange only for a number of handsome concessions on commercial prospects and trading regions, and large parcels of land for himself and his soldiers, as well as a small lifelong stipend from the state. It’s better to have such an ambitious man overseas, anyhow, says the minister of the interior.;;;;;;;;;;;;;
EVT50025OPTA;Hoorah!;;;;;;;;;;;;;
EVTNAME50026;The Filibuster Fails!;;;;;;;;;;;;;
EVTDESC50026;It has now been over fourteen months since we last heard from this adventurer. Rumor has it that he and his men were eaten alive by beast-men in Shobgizob, or vanquished in battle in some cursed desert in Bafozh, or simply destroyed by a great ocean storm before they had even stepped foot on foreign lands. Regardless, it is safe to assume that this adventurer and his men are long dead, our money wasted, and our officials made to look foolish for ever trusting this soldier of fortune.;;;;;;;;;;;;;
EVT50026OPTA;Never again will I trust another fool with an expensive dream!;;;;;;;;;;;;;
EVTNAME50027;The Treacherous Adventurer;;;;;;;;;;;;;
EVTDESC50027;About fourteen months ago, someone, surely sacked now, in the government made the dubious call to provide a roguish and dashing fellow with the substantial means to master a small overseas region for our own colonial aggrandizement. Now, however, we are receiving reports that while this chap did manage to make himself master of this region, he has been decidedly silent in communicating with our government, and is actually styling himself as a local king after intermarrying with local nobility! Him and his thugs have made themselves the effective elites of the region, and have even had the gall to begin encouraging settlements from our mainland! While he has managed to extend the norms of our government across the region, all in all it is a huge embarrassment for the foreign office to have this little tyrant renege on his promises to hand over governance and to continue to live as a prince on our dime!;;;;;;;;;;;;;
EVT50027OPTA;This blackguard and his rogue state must be brought to justice!;;;;;;;;;;;;;
EVTNAME50028;Demand a Colonial Concession!;;;;;;;;;;;;;
EVTDESC50028;The colonial frontier is always a flexible thing - indeed, all frontiers and borderlands are. Porous and shifting, these regions admit the passage of settlers, traders, laborers, ranchers, trappers, and the border itself encourages the mercenary trade, the suttler’s trade, and the development of mixed frontier communities. However, sometimes these territories can ignite into great conflagrations of tension. This is what happened recently at one of our colonial borders - it’s not exactly clear what has happened, but it appears some movement of settlers has provoked a raid of a sort that ended in masacre. Local gazetteers are crying out for blood, and settler violence has already flared up in an alarming way. The local colonial governor is actually recommending sendings soldiers to take over and pacify the bordering region to prevent excesses, establish a new secure frontier, and address all regional security concerns.;;;;;;;;;;;;;
EVT50028OPTA;Their lands will fall under our banner!;;;;;;;;;;;;;
EVT50028OPTB;This is simply not possible at this moment;;;;;;;;;;;;;
EVTNAME50029;Forcefully Establish a Protectorate!;;;;;;;;;;;;;
EVTDESC50029;The colonial frontier is always a flexible thing - indeed, all frontiers and borderlands are. Porous and shifting, these regions admit the passage of settlers, traders, laborers, ranchers, trappers, and the border itself encourages the mercenary trade, the suttler’s trade, and the development of mixed frontier communities. However, sometimes these territories can ignite into great conflagrations of tension. This is what happened recently at one of our colonial borders - it’s not exactly clear what has happened, but it appears some movement of settlers has provoked a raid of a sort that ended in masacre. Local gazetteers are crying out for blood, and settler violence has already flared up in an alarming way. The local colonial governor is actually recommending sendings soldiers to take over and pacify the bordering region to prevent excesses, establish a new secure frontier, and address all regional security concerns.;;;;;;;;;;;;;
EVT50029OPTA;This will make a fine addition to the empire;;;;;;;;;;;;;
EVT50029OPTB;This is simply not possible at this moment;;;;;;;;;;;;;
EVTNAME50030;The Raid on the Mountain;;;;;;;;;;;;;
EVTDESC50030;The progressive sophistication of the state, theories of negotiation with the primitive mind, and increasing access to inhospitable regions due to modern technology has created a great amount of tension over the barren Sithit desert. This largely inhospitable empty region is mainly dominated by Sithit wastlanders and their thralls, vewugist mullahs, and strange desert fauna. Nonetheless, the potential security issues with another power controlling it has brought this issue to the forefront of political debate on our frontier. Happily, however, it seems the situation has resolved itself! The Gashdzii marcher lords of the western reaches have staged what is already being called ‘Gibbalobba’s Raid on the Mountain’: a wild band of Gashdzii soldiers of fortune made their way deep into the center of the desert to the great lone mountain, stormed the primitive Sithit fortress city, and declared themselves Lords. However, facing native resistance, they are seeking state reinforcements to guarantee their power…;;;;;;;;;;;;;
EVT50030OPTA;How convenient. Send an emissary and a detachment of soldiers. ;;;;;;;;;;;;;
EVTNAME50031;Occupation of the Dheduhd;;;;;;;;;;;;;
EVTDESC50031;The Dheduhd region to our north has long been the purview of slavers, political exiles, and religious extremists. While nominally within our 'borders', populated by tribesmen and itinerant bedouins, this region has long been pointless to control besides by mild tributary means and soft religious authority. However, recent innovations in population management and transportation technology has led to the encroachments upon desert regions around the world, and our interior ministry is concerned about security issues in this region should it fall into the hands of foreign powers. They advise the establishment of a frontier garrison to enforce an effective occupation of this region.;;;;;;;;;;;;;
EVT50031OPTA;Arrange these matters promptly, minister.;;;;;;;;;;;;;
EVTNAME50032;Diplomatic Mission under Siege!;;;;;;;;;;;;;
EVTDESC50032;News reaches us from $FROMCOUNTRY$ that the local ruling elites have thrown our ambassador out of the country, and that their troops are laying siege to our embassy with apparent intent to enforce that decision. This affair is developing into an enormous loss of international face, one which can only be avoided through a formal declaration of war against $FROMCOUNTRY$. Sire, how should we respond?;;;;;;;;;;;;;
EVT50032OPTA;To war!;;;;;;;;;;;;;
EVT50032OPTB;Call our Allies and let's make this right!;;;;;;;;;;;;;
EVT50032OPTC;We don't have the resources to waste on this.;;;;;;;;;;;;;
EVTNAME50033;The Arid Shores of Ishahfazh;;;;;;;;;;;;;
EVTDESC50033;The long stretch of coast below the temperate forests of the northern valley has for centuries been borderline impossible to inhabit, let alone govern, by all but the most hardy bedouins and their itinerant councils. Hemmed in by mountains, and a calm, shallow sea, these are some of the driest places on the planet. However, as transportation technology improves, military force advances, and government bureaucracy expands, the management of populations and regions like this becomes more and more feasible. Our predominant influence in the posts on the edge of the desert and dominance of the adjacent sea gives us a decided advantage already in projecting influence. Our interior ministry suggests establishing a number of coastal fortifications and naval outposts in the bays our sailors already frequent, and extending the frontier garrisons into the few oases of the interior. ;;;;;;;;;;;;;
EVT50033OPTA;I like the sound of this, minister.;;;;;;;;;;;;;
EVTNAME50034;$FROMCOUNTRY$ denies the divinity of the Pudwou!;;;;;;;;;;;;;
EVTDESC50034;We are receiving reports from $FROMCOUNTRY$, really no more than a wretched tributary of our empire, that they have suddenly closed the temples to the Vopudwou and have officially removed it from state doctrine that his imperial majesty is the very God of the world! This is heretical doctrine and a horrendous insult to the honor of the master of life and death and the earth and heavens! More galling, even, is that they have elevated some Pruuntish paganism to their new state cult! This act is a blatant challenge to both his majesty's honor and to the legitimacy of our regime. Truly, nothing, nothing in millenia, has brought so much shame to the people of Pruuntia and done such great disrespect to the empire. The people across the land are crying out for their emperor, and the overwhelming consensus is that these traitors must be terribly punished.;;;;;;;;;;;;;
EVT50034OPTA;Death to the snake-worshippers!;;;;;;;;;;;;;
EVT50034OPTB;It would be delusional to pretend we still hold sway there.;;;;;;;;;;;;;
EVTNAME50035;Oil Discovered!;;;;;;;;;;;;; #OIL EVENTS GO TO 50037
EVTDESC50035;Thick, slick, flammable, and above all - valuable. Since the discovery of liquid fuels for locomotives and automotive engines, and the technology to break down hydrocarbons has become more understood, the oil slicks, tar pits, and underground deposits around the world have been of increasing interest for both large firms and prospectors. In fact, a number of our provinces have suddenly become new hot spots for this activity! Whether stumbled across by a hapless mining firm trying to break new land in carbon rich soils, or by a local eccentric plumbing the land, one can see the pumps going up and the barrels slowly beginning to trickle back to our metropolitan hubs for refinement and processing.;;;;;;;;;;;;;
EVT50035OPTA;Excellent!;;;;;;;;;;;;;
EVTNAME50038;Rubber Discovered!;;;;;;;;;;;;; #RUBBER EVENTS GO TO 50039
EVTDESC50038;Gums and natural elastics have always been a useful and curious commodity. However, since the discovery of how to process natural latex and extract it from the rubber tree, there has been a great proliferation of industrial ventures towards the cultivation of this useful substance. A number of provinces in our territory have recently undergone a number of changes in production related to these development: explorers and hired mercenaries have generally invaded and graduated co-opted local populations through violence, coercion, and opportunity, to the erection of large rubber tree plantations, the effective development of which we are now seeing. Huge monoculture forests now sprawl over rolling hills, and the little whitewashed cabins of the overseers hold papers and men direct the latex down the forested paths back to our cities to processed into a thousands forms, as tyres, sealants, clothing, chemical implements, and more.;;;;;;;;;;;;;
EVT50038OPTA;Excellent!;;;;;;;;;;;;;
EVTNAME50040;A Question of Sovereignty;;;;;;;;;;;;;
EVTDESC50040;For a long time we have had paramount influence in a certain primitive nation. Our consuls maintain separate jurisdictions, the legation quarter has its own civilian and military authorities, and our large companies have exclusive monopolies over major commodities and trading districts. Our currency has rapidly taken on the role of a parallel object of exchange, and for all intents and purposes $FROMCOUNTRY$ is a subordinate part of our imperial system. However, with recent changes in the global political arena, there seems to be an annexationist fever amongst rival powers. Swathes of territory are being picked off left and right, and our merchants and missionaries are increasingly worried about $FROMCOUNTRY$ falling into foreign hands. The foreign ministry is currently drafting a proposal to proclaim protectorate over these lands and remove civilian and military authority totally into our hands.;;;;;;;;;;;;;
EVT50040OPTA;It is time for them to accept their new masters.;;;;;;;;;;;;;
EVT50040OPTB;At this moment we cannot, but perhaps in the future.;;;;;;;;;;;;;
EVTNAME50041;The $FROMCOUNTRY_ADJ$ ultimatum;;;;;;;;;;;;;
EVTDESC50041;Our country has recently fallen under the tutelage of a great power. Their functionaries, missionaries, and merchants swarm over our land. Very few citizens have gone unexposed to the tendrils of their power, and much of the civilian government has fallen under their influence. Recently, however, things have taken an alarming turn. Their consul has made a number of proposals about placing us under protectorate, and ‘reorganization’ of our army, financial structure, and proposing new judicial districts for our own courts. This would effectively annihilate any remaining scraps of independence we may have. This is a crucial time for our nation and we must be very careful if we are ready to resist this great power to save our homeland from foreign domination.;;;;;;;;;;;;;
EVT50041OPTA;With great sadness I will lay my crown upon the dirt;;;;;;;;;;;;;
EVT50041OPTB;The streets of $CAPITAL$ will run red with $FROMCOUNTRY_ADJ$ blood!;;;;;;;;;;;;;
EVTNAME50042;$FROMCOUNTRY$ refuses to become a protectorate!;;;;;;;;;;;;;
EVTDESC50042;The foreign minister reports, to great frustration, and shock that $FROMCOUNTRY$ has expelled our consulate and laid siege to our legation district! It appears they are attempting to resist our generous offer of protectorate and are now attempting to drive all our influence from the country. Local expatriate gazettes are reporting shock and horror, as missionaries are massacred, traders are hung up on gallows, and gentle folk are being stabbed in the streets by fanatical madmen! The situation has become decidedly out of our control, and the military is in a position to step in to put these regrettable upstarts in their place, and establish control of this valuable region with which for so long we have had happy and peaceful interests.;;;;;;;;;;;;;
EVT50042OPTA;Then we shall force them into submission with musket and ball!;;;;;;;;;;;;;
EVT50042OPTB;Well... let's not do anything too drastic;;;;;;;;;;;;;
EVTNAME50044;Defeated by Poumnia;;;;;;;;;;;;;
EVTDESC50044;Our recent defeat by the armies of Poumnia has left a tragic state of affairs in our country. Their savage soldiers have destroyed and sacked our capital, and they have killed not only most of our ministers, but any of the nationalistic elite in a particularly brutal series of beheadings. Any signs of Shamushi worship have been violently stamped out in their long and horrific punitive occupation, and a new collaborationist, decidedly pro-imperial elite has been installed as the new regent class. This marks an age of increased Poumnian influence in our lands, and one can feel it will be many years before the stirrings of Pruuntish identity can begin to organize themselves again after this shattering event. This war will live in infamy in the annals of Pruuntish history.;;;;;;;;;;;;;
EVT50044OPTA;We will lick our wounds...;;;;;;;;;;;;;
EVTNAME50045;Claim the Island of Ghurv?;;;;;;;;;;;;;
EVTDESC50045;This is another age of exploration: new steamships issue forward from our ports that allow our sailors to travel further, faster, and safer. Vast oceans cover the majority of our vast planet, and huge prohibitive storms have historically encouraged traders and explorers to cling to the coasts. Now, however, as ever-more liners cross distant seas, we are making a number of unexpected discoveries. Small islands reported by wrecked merchant men in the distant far east, which have appeared and disappeared from our maps for the past couple hundred years are becoming definitively known. In recent months, a small vessel of ours came across a small unclaimed set of islands, and the captain of which, after a small ceremony exchanging honors and meals with the locals, decided to claim the island in our name! It is up to us if we would like to accept these new lands into our patrimony - a new coaling station or trading outpost is attractive, but we would of course have to staff an administration.;;;;;;;;;;;;;
EVT50045OPTA;Plant the $COUNTRY_ADJ$ flag!;;;;;;;;;;;;;
EVT50045OPTB;Bah, why would we want a patch of lifeless sand in the sea?;;;;;;;;;;;;;
EVTNAME50046;Claim the Island of Taafraavsk?;;;;;;;;;;;;;
EVTNAME50047;Claim the Island of Mress?;;;;;;;;;;;;;
EVTNAME50048;Claim the Island of Njinye?;;;;;;;;;;;;;
EVTNAME50049;Claim the Island of Hrnid?;;;;;;;;;;;;;
EVTNAME50050;Claim the Island of Hun?;;;;;;;;;;;;;
EVTNAME50051;Claim the Sipdish Isles?;;;;;;;;;;;;;
EVTNAME50052;$FROMCOUNTRY$ has Razed the Great Drupe!;;;;;;;;;;;;;
EVTDESC50052;Rumors that the wretched $FROMCOUNTRY_ADJ$ have razed our holy site, the Great Drupe, have just now been proven to be true! Tens of thousands of faithful $COUNTRY_ADJ$ Vewugists line the streets of $CAPITAL$ to mourn this terrible occasion. They cry out in sorrow, confusion, and most of all, in rage! Such acts of villainy cannot be tolerated, they cry out! They demand $FROMCOUNTRY_ADJ$ blood to pay for this barbaric act!;;;;;;;;;;;;;
EVT50052OPTA;Ten thousand $FROMCOUNTRY_ADJ$ heads on pikes will line the ruins of the holy Drupe!;;;;;;;;;;;;;
EVT50052OPTB;It is a shame, truly, but what do they want me to do about it?;;;;;;;;;;;;;
EVTNAME50053;$FROMCOUNTRY$ has Razed the Great Drupe!;;;;;;;;;;;;;
EVTDESC50053;Reports have just trickled in that $FROMCOUNTRY$ has razed our Holy Drupe, a site of utmost importance in the Vewugi faith. Thousands of years of history and spiritual guidance have gone up in smoke due to this cursed war. Pious Vewugis across the nation cry out in anguish at this heinous loss. Many call for an end to the conflict that caused this, while others call for the heads of all leading officials. Whatever the future may hold for the millions of Vewugis around the world, we can be certain that never again will the light of the Great Vewug shine as brightly as it did even a few days ago.;;;;;;;;;;;;;
EVT50053OPTA;May the great Vewug guide us through this!;;;;;;;;;;;;;
EVTNAME50054;The Guiding hand of $FROMCOUNTRY$;;;;;;;;;;;;;
EVTDESC50054;It is no secret that the Yamoujoy and Maumoujoy peoples are one and the same. We speak the same language, worship the same gods, and live in the same manner! Even in our folktales, we are born as one family! When the Soil gave birth to the Sky's children, did not the Yamoujoy and Maumoujoy rise from the mud together? It has only been by the will of petty kings and dividing foreign Vewugis that we have become separate people, but now, $FROMCOUNTRY$ offers the people of $COUNTRY$ to form a union with them to finally unite our divided people. We are really in no position to refuse this offer with their domineering position over us, but their offer is kind and our people cheer loudly in the streets at the idea of a union.;;;;;;;;;;;;;
EVT50054OPTA;Brothers we shall be!;;;;;;;;;;;;;
EVT50054OPTB;You're no brother of mine, $FROMCOUNTRY_ADJ$ swine!;;;;;;;;;;;;;
EVTNAME50055;$PROVINCENAME$ Cored!;;;;;;;;;;;;; #$PROVINCENAME$ recognized as an integral part of $COUNTRY$!
EVTDESC50055;It has been long since $PROVINCENAME$ was added to our mighty domain. Many of our people now reside here and call $PROVINCENAME$ home. Both domestically and internationally $PROVINCENAME$ is referred to as an integral part of $PROVINCENAME$, without scrutiny or debate.;;;;;;;;;;;;;
EVT50055OPTA;Excellent;;;;;;;;;;;;;
EVTNAME50056;The Poumnian Demand!;;;;;;;;;;;;;
EVTDESC50056;The time that many $COUNTRY_ADJ$s have feared would come has now finally come. The Poumnians, who for long have meddled in our affairs, seized our treasures, and yoked our people to their plows, have now officially demanded we become their protectorate. If we refuse, it will surely result in a swift invasion, the deaths of thousands, and the complete destruction of Aaykeum.;;;;;;;;;;;;;
EVT50056OPTA;We will submit;;;;;;;;;;;;;
EVT50056OPTB;Let them come!;;;;;;;;;;;;;
EVTNAME65000;Initial Leadership Selection;;;;;;;;;;;;;x
EVTDESC65000;GGG has a ‘leader’ system, by which national civilian political leaders are represented in the former functional role for ‘national values’. Leaders change with elections, deaths, resignations, and more. The ‘leadership’ system can be turned off in the settings decision within the first year of play. In multiplayer, this will disable the mechanic for everyone. This event exists to inform you of this system and randomly select a first leader for your state.;;;;;;;;;;;;;x
EVT65000OPTA;Hopefully he's no fool;;;;;;;;;;;;;x
EVTNAME65001;Initial Leadership Selection;;;;;;;;;;;;;x
EVTDESC65001;GGG has a ‘leader’ system, by which national civilian political leaders are represented in the former functional role for ‘national values’. Leaders change with elections, deaths, resignations, and more. The ‘leadership’ system can be turned off in the settings decision within the first year of play. In multiplayer, this will disable the mechanic for everyone. This event exists to inform you of this system and randomly select a first leader for your state.;;;;;;;;;;;;;x
EVT65001OPTA;Hopefully he's no fool;;;;;;;;;;;;;x
EVTNAME65002;Leadership Enabled;;;;;;;;;;;;;x
EVTDESC65002;GGG's 'leadership' mechanic has been enabled for the duration of this game. This cannot be undone and is still a work in progress feature.;;;;;;;;;;;;;x
EVT65002OPTA;Excellent;;;;;;;;;;;;;x
EVTNAME65003;Leader Assassinated!;;;;;;;;;;;;;x
EVTDESC65003;Shock and horror in $CAPITAL$! We have just received harrowing reports that our leader, that old $NATIONAL_VALUE$, has just been slain on the streets of $CAPITAL$ by some lunatic or fanatic. It’s not exactly clear whether this was driven by some personal disturbance or part of a broader political or revolutionary conspiracy. Nonetheless, the government is scrambling to organize a replacement and crack down on civil disturbances like this.;;;;;;;;;;;;;x
EVT65003OPTA;It was only a matter of time;;;;;;;;;;;;;x
EVTNAME65004;Leader Passes Away!;;;;;;;;;;;;;x
EVTDESC65004;We have just received a report from the executive office to inform us that our leader has passed away of natural causes during the course of office. The secretariat has released the news to the public, and the nation is broadly aware that a new leader will come to office. A notable $CAPITAL$ broadsheet remembers our leader as a “$NATIONAL_VALUE$”, and recounted their various deeds and doings in office. Succession will procede as dictated by the laws of our state.;;;;;;;;;;;;;x
EVT65004OPTA;The streets of $CAPITAL$ will fill with mourners and celebrators alike;;;;;;;;;;;;;x
EVTNAME65005;Leader Resigns!;;;;;;;;;;;;;x
EVTDESC65005;In a speech before the state building in $CAPITAL$ today, our state’s leader, who has broadly been dubbed a $NATIONAL_VALUE$ by the public and the media, delivered a resignation speech. Citing difficulties with governance, the various ills of the nation, and opposition within the party, our leader believed it was time to step down from office. It remains to be seen who will come to power next, and how they will reckon with the challenges faced by our state.;;;;;;;;;;;;;x
EVT65005OPTA;About time!;;;;;;;;;;;;;x
EVTNAME50057;International Sanctions;;;;;;;;;;;;;x
EVTDESC50057;Our outrageous warmongering has finally provoked a response from large powers around the world. A combine of international powers have declared a total trade embargo against us. Vessels trading in our ports may be seized or even sank with relative impunity, scaring most traders away from our lands, and our neighbors have closed their borders to us.;;;;;;;;;;;;;x
EVT50057OPTA;This is worrying;;;;;;;;;;;;;x
EVTNAME50058;International Sanctions Lifted;;;;;;;;;;;;;x
EVTDESC50058;Time has passed, and finally the international campaign of sanctions against us has ended. Merchants now trade freely with us, and cargo trains are once again rolling across our borders.;;;;;;;;;;;;;x
EVT50058OPTA;May this dark period be forgotten;;;;;;;;;;;;;x
EVTNAME65006;Regency;;;;;;;;;;;;;x
EVTDESC65006;With the untimely death of our monarch, and the minority of our heir, a new regent has come to power to guide the little autocrat through their minority. We will see how this affects our country's fate.;;;;;;;;;;;;;x
EVT65006OPTA;These are strange times;;;;;;;;;;;;;x
EVTNAME65007;Highly Influential Spouse;;;;;;;;;;;;;x
EVTDESC65007;Our current monarch is known to be desperately besotted with their spouse. Whether though political adroitness, sexual mystique, or some are even saying, occult influences, it is unquestionable that the royal consort is exercising great influence over our country and is the "power behind the throne".;;;;;;;;;;;;;x
EVT65007OPTA;We must watch this one with caution;;;;;;;;;;;;;x
EVTNAME65008;New Favored Advisor;;;;;;;;;;;;;x
EVTDESC65008;A certain courtier has gained a vast amount of control over our monarch's favours and seems to have their ear on matters of state. This 'Royal Favourite' is arousing great resentment, as they seem to be the new paramount leader of our state.;;;;;;;;;;;;;x
EVT65008OPTA;We must watch this one with caution;;;;;;;;;;;;;x
EVTNAME65009;Internal Fued in Faction;;;;;;;;;;;;;x
EVTDESC65009;Our ruling party, which maintains pratical dominance over the state through a system of parasitism and managed elections, has recently undergone an internal party struggle. Their opaque dealings are hard to follow, but it seems a new paramount leader has arisen, monopolising a number of key appointments both inside the party and the formal state bureaucracy.;;;;;;;;;;;;;x
EVT65009OPTA;What will their new agenda be?;;;;;;;;;;;;;x
EVTNAME65010;Leader Killed in Private Feud!;;;;;;;;;;;;;x
EVTDESC65010;Shockingly, our leader has been killed in what seems to the result of a private feud! It might have been a crime of passion, or a revenge killing for some old wrong, but the perpetrators seem to have nothing to do with any of the major rival political factions which were at once suspected.;;;;;;;;;;;;;x
EVT65010OPTA;These are strange times;;;;;;;;;;;;;x
EVTNAME65011;New Party Leadership!;;;;;;;;;;;;;x
EVTDESC65011;The ruling party of our state is practically synonymous with the state itself, ruling through a delicate system of party-internal appointments, managed nominations, etc. This means that any internal party change is pratically a change within our state. The previous chairperson of the party exited their role yesterday, and today the general party congress has elected a new leader, who is quickly emerging as the new paramount leader of our society.;;;;;;;;;;;;;x
EVT65011OPTA;What will their new agenda be?;;;;;;;;;;;;;x
EVTNAME65012;Military Ousts Current Leader!;;;;;;;;;;;;;x
EVTDESC65012;In a shocking turn of events in $CAPITAL$ today, the military marched on the executive centres of power and forced our leaders to resign. There are no signs of them, and who knows what is to become of them. In the meantime, the military has put forward an 'acting' leader, who seems to be, for the time being, in 'charge', but many question if it is really the top brass of the army calling the shots.;;;;;;;;;;;;;x
EVT65012OPTA;These are strange times;;;;;;;;;;;;;x
EVTNAME65013;New Dominant Faction!;;;;;;;;;;;;;x
EVTDESC65013;Our ruling party, which maintains pratical dominance over the state through a system of parasitism and managed elections, has recently undergone an internal party struggle. Their opaque dealings are hard to follow, but it seems a new paramount leader has arisen, monopolising a number of key appointments both inside the party and the formal state bureaucracy.;;;;;;;;;;;;;x
EVT65013OPTA;What will their new agenda be?;;;;;;;;;;;;;x
EVTNAME65014;Military Ousts Current Leader!;;;;;;;;;;;;;x
EVTDESC65014;In a shocking turn of events in $CAPITAL$ today, the military marched on the executive centres of power and forced our leaders to resign. There are no signs of them, and who knows what is to become of them. In the meantime, the military has put forward an 'acting' leader, who seems to be, for the time being, in 'charge', but many question if it is really the top brass of the army calling the shots.;;;;;;;;;;;;;x
EVT65014OPTA;These are strange times;;;;;;;;;;;;;x
EVTNAME50059;Free-Yoker Agitation;;;;;;;;;;;;;x
EVTDESC50059;It began quietly but now it has become a major problem. Over the previous decades, our society has seen the steady formation of a broad, underground, free-yoker movement. From secret societies in the cities, taking the usual cryptic names that international liberationism does, like ‘Dancers’ and ‘Boar-Merchants’, to clandestine rural meetings on moonlit fields by stolid rustics, there has become established a dangerous network of free-yoker agitators. And now, in recent months, the problem seems to be coming to a head. It’s not clear exactly why it began, but early protests quashed by the gendarme have now broken out into large-scale civilian resistance. Everywhere they drag their feet: the fields go unharvested, the yarn unspun, the stones uncut - everywhere they scorn authority: they assault policemen, they loot manors, they riot in the square and they even raid prisons - and worse still, everywhere they call for change: they are organising region councils, they are calling for the estates to assemble, and they are calling for the old order to be abolished.;;;;;;;;;;;;;x
EVT50059OPTA;Damn these rabble-rousers!;;;;;;;;;;;;;x
EVTNAME50060;Free-Yoker Agitation Ends;;;;;;;;;;;;;x
EVTDESC50060;Finally, the period of Free-Yoker agitation seems to have ended in our country, and we seem to be passing back into an era of relative political disinterest, and domestic harmony. It’s not clear what exactly has brought this about either - perhaps it has been rising economic tides, new interests overseas, successful concessions, or the successful repression and deportation of the worst troublemakers by our security forces. In any case, our society has weathered this period of unrest and we can expect, hopefully, greater calm and unity in the future.;;;;;;;;;;;;;x
EVT50060OPTA;Thank Goodness!;;;;;;;;;;;;;x
EVTNAME50061;Yokers take control of province!;;;;;;;;;;;;;x
EVTDESC50061;It seems that the broader free-yoker agitation has become particularly extreme in one of our provinces. A group of fanatical free-yoker agitators seem to have established dominance over the local government, and are even maintaining a local ‘citizen guard’ to keep control of the province. The area is, essentially, in open rebellion and refuses to cooperate with our government. This province is a hair's-breadth away from descending into civil conflict with the state. They are seemingly doing everything to propagate their delusional ideology: organising regional land associations, regional grain doles, breaking up great manorial estates, and even emancipating serfs. This has done nothing but stir up the populace to even greater extremism. We must quickly decide how to deal with these troublemakers in local government.;;;;;;;;;;;;;x
EVT50061OPTA;Hang the ringleaders, but allow the peasantry to keep their gains.;;;;;;;;;;;;;x
EVT50061OPTB;Hang these scum and restore order by any means necessary!;;;;;;;;;;;;;x
EVT50062NAME;Banditry in Paknâg!;;;;;;;;;;;;;x
EVT50062DESC;Paknâg is a land that has long been plagued by a tradition of social banditry. Since the disentanglement of the empire and the attendant periods of violence as borders were readjusted, Paknâg’s central position has left it a regular victim to the transit of pillaging armies. The perennial devestion, and the cruelty of the castellan lords who barely kept order in the region usually, allowed for the development of a tradition of social bandits living on the margins of society. These freebooters and warriors in previous times often lent their weapons to the defense of farming communities or worked as mercenaries abroad, but now, as the confederal Paknâg state is better able to keep order, they have merely become a menace to the east-west trade out of the south. There has been, sadly, a recent flare up on banditry in Paknâg.;;;;;;;;;;;;;x
EVT50062OPTA;What a terrible problem...;;;;;;;;;;;;;x
EVTNAME50063;Clerical Conflict in the Provinces;;;;;;;;;;;;;x
EVTDESC50063;One of the fiercest demands of the Free-Yoker movement goes back to their anti-magisterial beginnings. The end of clerical courts, law, the right to heterodox beliefs, and local congregationalism. With the background of the ongoing free-yoker agitation, this has made the usual seasonal provincial religious ceremonies a point of extreme tension. In one province in particular, a number of free yokers, uncollaborative clergy, and radical preachers have demanded that local communities be allowed to engage in divergent rites from the usual practice. The local governmental officials are refusing to allow this to happen on the grounds that it violates statutes that prescribe correct observances, but a number of our advisors suggest we must tread carefully here and consider concessions.;;;;;;;;;;;;;x
EVT50063OPTA;Grant some requests, but forbid the most extreme.;;;;;;;;;;;;;x
EVT50063OPTB;We cannot allow any sectarian lunacy in $COUNTRY$!;;;;;;;;;;;;;x
EVTNAME50064;Tensions ease in the provinces;;;;;;;;;;;;;x
EVTDESC50064;Despite the chaos afflicting our country in the form of free-yoker agitation, it seems that one in one province there has been easing of tensions. It seems the local government has made an effort to drum up fear around the chaos in other provinces, and it seems people have come to believe there are roving bands of irreligious bigots who are frothing at the mouth, eager to pillage their fields. Particularly, the government has deemed it wise to attempt to support a few further proposals to try to divert social unrest to other fears and concerns. Local reactionaries are attempting to organise a provincial militia to defend against the chaos in other provinces, and the government has attempted to organise efforts towards relief in the fluctuating grain market, to quash rural discontent. ;;;;;;;;;;;;;x
EVT50064OPTA;Encourage the militia's efforts - that will keep them busy!;;;;;;;;;;;;;x
EVT50064OPTB;Encourage the relief efforts - we must avert violence.;;;;;;;;;;;;;x
EVTNAME50065;Shock and Horror in the Provinces!;;;;;;;;;;;;;x
EVTDESC50065;Recently, as a consequence of the free yoker agitation afflicting our land, tensions have boiled over in an extreme way in the provinces. It’s not exactly clear how things developed, but an encounter between soldiers of the state, a number of reactionary elites and their servants, and armed townsfolk developed into a bloodbath. The melee, more than a battle, seems to have involved a brutal and chaotic fight that left a number of soldiers, prominent landowners, and several villagers dead. Both sides, it seems, both claim victory and claim to be the victims of a heinous massacre that left them routed. The whole province then seems to have exploded into low grade violence: several manors were pillaged, a village or two was set upon by brutal soldiers, and the governors has fled to the capital. As the situation stands now, the province is on a knife’s edge.;;;;;;;;;;;;;x
EVT50065OPTA;Good heavens!;;;;;;;;;;;;;x
EVT50066;The Treaty Port of Niiz Moji;;;;;;;;;;;;;x
EVTDESC50066;Niiz Moji, or ‘Gold Port’ is the oldest continuously established Gashdzii possession on the great mainland of Kovazh. Acquired in 1089 by a concession of Qooxib Emperor Ohadh-Bohen Qamo III, a perpetual charter to trade free of duties was granted to the Jiishanagi South Seas Trading League. The Merchants had long kept an informal residence in cities on the great delta, but now they began building a fortress to protect against the violence of Poumnian rival trader-governors, who often employed the imperial garrisons of Mra-Ouswun in the interest of private profit. However, Niiz Moji’s proximity to the Imperial capital and its place on the river allows for supreme access to the trade of Qooxib and its interior, allowing it to eclipse the older Poumnian traders. Nowadays, Niiz Moji is a byword for lucrative profit, and has grown into a teeming metropolis boasting of over 200,000 residents, with elegant gardens on the river deltas, proud walls, and sober townhouses.;;;;;;;;;;;;;x
EVT50066OPTA;'Tis a handsome place, indeed.;;;;;;;;;;;;;x
EVT50067OPTA;Hurrah for House Shoummid!;;;;;;;;;;;;;x
EVT50068OPTA;Why, just splendid views!;;;;;;;;;;;;;x
EVT50069OPTA;I just love to watch the sun set here, dear chap.;;;;;;;;;;;;;x
EVT50067;The Factory of Mra-Ouswun;;;;;;;;;;;;;x
EVTDESC50067;Mra-Ouswun, or ‘Fort Mra’ is the oldest Ishahfazhi possession on the Kovan mainland. It meaningly consists of the trading factory and settlement of Mra, begun in 1045 on the orders of the Viceroy-General Ashou Sha-Shoummid, an adventurous scion of House Shoummid, who was that time the ‘Viceroy of the Pudwou in the Southern Continent’. A fine title for a man who was not much more than a merchant in the Qooxibi capital, but he nominally held the power to dispense justice to Poumnian subjects in all of Mainlanz Kovazh. Employing private levies to aid against a Souxappi revolt, he impressed and gained the favour of Odadh-Bohen Qamo II, who granted him extraterritoriality and allowed him to build a fort, as a nominal ‘vassal’ of the Qooxib. This factory station gradually became a great trading town, was granted independence of the Qooxib, and is still a fief of House Shoummid.;;;;;;;;;;;;;x
EVT50068;The Factory of Niiz Jadhov;;;;;;;;;;;;;x
EVTDESC50068;Old Niiz Jadhov, ‘Kingsport’, is a commanding Vokonazhi factory in the land of the Ourrhond, the great monarchy of central Kovash. This aristocratic confederacy, fraught by regular internal conflict, nonetheless yields great trade goods, with carved furniture made from the lumber of the rich woodlands that dot the plains, ivories from the great beasts of Kovazh, and precious objects made by the locals. Niiz Jadhov was established in 1167 by a number of intrepid Vokonazhi traders who took advantage of a civil conflict between local tribesmen in the local region and its lord, Hana Birhim. Delicately balancing various loyalties between the distracted locals, the fort was satisfactorily risen, and became a great holdfast for Vokonazhi trading in the area. Eventually a smaller inland fort was raised, which attracted the local manufacturing community. Niiz Jadhov boasts of the headquarters of the Imperial Kovan Trading Company, nominally granted by the Emperor in Pashdzii.;;;;;;;;;;;;;x
EVT50069;The City of Niiz Kan;;;;;;;;;;;;;x
EVTDESC50069;Niiz Kan is the premier Gashdzii trading port in the west of Kovazh. Established by Ishnapt Tea Company charter in 1160, its key figure is intrepid Bida Kazak, a trader originally based in the island of Rouxaem. Kazak settled a fertile stretch of coast with a hope to plant his own tea crops - he married a local Chobaji heiress and added to his fortune a number of large estates nearby. Shockingly, he and his wife both were buried after the fashion of the Vewugist. A community began to grow around this settlement, attracting goods brought down the coastal road. Until 1221, however, the main Gashdzii trading settlement in the area, Anzhapt, was on the southern delta, but in 1221 the new Emperor declared the expulsion of all foreigners from the delta, and riotous violence drove many Gashdzii north, eventually to hybrid Niiz Kan. The city survived the failure of the Ishapt Tea Company in 1241, and was given a responsible government by the Parliament in Nozho.;;;;;;;;;;;;;x
EVT50070;Decline of Former Treaty Port;;;;;;;;;;;;;x
EVTDESC50070;Our recent acquisition of a city once owned by overseas powers with exclusive trade charters has caused a regrettable, but not unexpected decline in the trading power of that city. Our proximity to this land, and the revocation of exclusivity charters has effectively removed whatever value was generated by these special privileges. The region has now shifted its production and exports to only local goods.;;;;;;;;;;;;;x
EVTOPTA50070;Well, it was to be expected...;;;;;;;;;;;;;x
EVT50071;Booming Treaty Port;;;;;;;;;;;;;x
EVTDESC50071;Since we have acquired a certain treaty port on foreign shores, it has now become a booming trading metropolis! It houses vast amounts of merchants, longshoremen, keelmen, factors, agents, secretaries, and other attendants of the shipping trade who work to pull value and goods out of the continental interior. Its proud warehouses owned companies around the world gleam bright in the sun, its great docks boast of ships from all around the world, and, above all, it generates lucrative revenue.;;;;;;;;;;;;;x
EVTOPTA50070;Excellent!;;;;;;;;;;;;;x
EVT50072;The Kovazh Carrying Trade;;;;;;;;;;;;;x
EVTDESC50072;The lands of east Kofazh are dominated by the two great Momurist empires: Imperial Qooxib and aristocratic Ourrhond. These two lands are some of the most populous states in the world, and the great rivers they lie upon, most primarily the Caigur in Ourrhond and Vetchk in Qooxib, are home to huge markets of diverse goods. While not yielding the prime silks and teas of the monsoon ridden west, the torrid lands of the east yield strange fruits, fine pelts, mountains of spindleweed, well-spun cloths, sturdy and elegant furniture and pottery, and many ornate luxuries. These lovely goods are much coveted by the people of Ishahfazh, and our ports in the south east are great trading hubs for this wonderfully profitably carrying trade. Recently, in fact, it seems this trade is booming!;;;;;;;;;;;;;x
EVTOPTA50072;Oh - Haul, boys, haul!;;;;;;;;;;;;;x
EVT50073;The Good Old Ishnapt Tea Trade;;;;;;;;;;;;;x
EVTDESC50073;The Great Ishnapt Ocean, the largest on our planet, brings temperate rainstorms to the coasts of the southern continent, Kovazh. Drenched in warm mist, the rolling plains grow the finest tea known to the world. For centuries Ishahfazi merchants have been crossing the Zhibom, the calm shallow sea ringed by the great continents, to the lands of the Chobajhi and the Ftemioq for tea. Our outposts on the western coasts, recently, have been thriving: the tea trade seems to be booming, and our agents and factors can’t find enough tea in the mainland to meet the consumer demand for this fine tea at home and abroad!;;;;;;;;;;;;;x
EVT50073OPTA;The song goes: Sirrah, we brough' ten tonnes of tea to Nozho from Nhanavu...;;;;;;;;;;;;;x
EVTNAME50074;Debates about Yokerism!;;;;;;;;;;;;;x
EVTDESC50074;Amidst the political chaos afflicting our country, we have enough trouble keeping the rowdy masses in line, without the recent developments in the public sphere. A number of dissident and radical intellectuals seemed to have embraced free yoker agitation, and have publicly called, whether in national newspapers, seditious pamphlets, or learned tomes, for the reform of the state and society. These ideas seem to be leaking into the broader public consciousness whether through bastardized doggerel and pulp literature playing with the concerns of the intellectuals, or chatter between the literati, intermediaries, and the masses in public settings. This seems to have inflamed desire for political reform in our society, and everywhere revolutionaries and yokers can seemingly produce the hazy rudiments of political theory and its language.;;;;;;;;;;;;;x
EVT50074OPTA;Curtial these publications and arrest these godforsaken authors.;;;;;;;;;;;;;x
EVT50074OPTB;What harm can mere words do...?;;;;;;;;;;;;;x
EVTNAME50075;Land of Gold No More;;;;;;;;;;;;;x
EVTDESC50075;For centuries, the land of Mojifa, the ‘Gold Country’, has mined gold for its daily bread. The great mine of Dhâfkmahk ‘Mahk’s Kettle’ (it is believed ‘Mahk’ was a indigenous pagan word for the devil from long ago) yielded for nearly six centuries a steady flow of gold. It was this gold that garnished the royal jewels of the emperor in Pashdzii, the thrones of the great castellans of Vokonazh, and gave the goldsmiths of Mojifa a superb reputation. Indeed, the coins minted in the Dhâfkmahk area gave their name to the Gashdzii language’s standard word for coin through their prolific usage: Dhâmahk. But in recent years, things have looked grim. The small lodes have grown smaller, and new shafts opened up seem to be dry of gold. Indeed, there has been a recent saying in the area: ‘the kettle no longer sings’. And now the worst has happened: House Dhâfk has closed their shops, told all the workers to seek other work, and are seeking a buyer for this empty land.;;;;;;;;;;;;;x
EVT50075OPTA;O, Buzzamnan, Divine Lady of Fortune, thou turnst thy wheel blindly!;;;;;;;;;;;;;x
EVTNAME50076;A Scheme to End Foriegn Impositions;;;;;;;;;;;;;x
EVTDESC50076;Throughout our history our great wealth has attracted many foreigners to trade in our lands, and throughout history we have been convinced or, recently, been forced to give the most powerful among them concessions to build fortresses, control ports, and dispense justice in their districts within our patrimony. This has for centuries never been much of a concern to our elite: we grant our diverse subjects many privileges, and concessions to foreign merchants has just been an accommodation to what was, in the eyes of our state, another sort of subject. However, in recent years our people have rankled at the imposition of these trading posts. As we learn more about the global economy and the states of the foreign powers, it now seems a humiliation to have granted concessions. A number of patriotic radicals have thus come to our government with a proposal: provide them with arms and smuggle them into a treaty port, and they will incite a riot and take it over for us!;;;;;;;;;;;;;x
EVT50076OPTA;Excellent, equip them with what they need!;;;;;;;;;;;;;x
EVT50076OPTB;Are you joking? And risk futher imperialist action?;;;;;;;;;;;;;x
EVTNAME50077;Chaos in Kovazh!;;;;;;;;;;;;;x
EVTDESC50077;In our concession territory in the $FROMCOUNTRY$ it seems the unbelievable has happened. What began as seemingly a protest against the treatment of local coolies, developed into a firefight at the state house, and, after some street fighting, rioting, and violence for several hours it seems a collection of agents from $FROMCOUNTRY$ have conspired to control the town and in fact are proclaiming themselves representatives of the $FROMCOUNTRY_ADJ$ government! Our informers and spies in $FROMCOUNTRY$ say that this is indeed very likely the case. The foreign office is livid - we are, they say, basically at war with $FROMCOUNTRY$ and must employ military force to recover our concession, as well as teach them a lesson for their audacity!;;;;;;;;;;;;;x
EVT50077OPTA;This will not go unpunished!;;;;;;;;;;;;;x
EVT50077OPTB;This sounds very expensive to deal with...;;;;;;;;;;;;;x
EVTNAME50078;Dangerous Plots in $FROMCOUNTRY$;;;;;;;;;;;;;x
EVTDESC50078;§RNOTE: This enables demand concession CBs against the large, settled empires of Kovazh, the Qooxib Empire, Ourrhond, the Pusenetos of the Great Khan, the Nhuiqourran Empire, and the Fazhri Chrur, for ALL civilized countries that have the techs Nationalism and Particularism, Machine Guns, and Medicine.§! There has been much consternation in the foreign office recently. Our spies in $FROMCOUNTRY$ have whispered the outline of a plot offered to the $FROMCOUNTRY_ADJ$ government to sneak into one of our treaty concessions and take it over in the name of the state! While we feel reasonably sure that the $FROMCOUNTRY_ADJ$ government declined, this speaks to a much more hostile attitude than is usually felt from the large settled empires of Kovazh. There is talk that the usual policy of ‘informal empire’ in Kovazh must be set aside and we must be willing to wage territorial war in these lands to establish military rule and tightly controlled protectorates. These murmurs seemed to have leaked to our rivals in Ishahfazh, and now there seems to be a building scramble to seize land in Kovazh lest it resist or some other Imperial power gets their hands on it!;;;;;;;;;;;;;x
EVT50078OPTA;By Jingo, we've got devils on all sides of us!;;;;;;;;;;;;;x
EVTNAME50079;Ishahfazhi designs on $COUNTRY$;;;;;;;;;;;;;x
EVTDESC50079;§RNOTE: This enables demand concession CBs against the large, settled empires of Kovazh, the Qooxib Empire, Ourrhond, the Pusenetos of the Great Khan, the Nhuiqourran Empire, and the Fazhri Chrur, for ALL civilized countries that have the techs Nationalism and Particularism, Machine Guns, and Medicine.§! Since our scheme to take over a concession treaty port, things seemed to have taken an alarming turn. Rather than acquiesce to our annexation, the foreigners have declared that they will preserve this leased land as an integral part of their empire, which seems to be far different to the treaty we originally agreed upon. Furthermore, we hear alarming rumors that military and industrial circles across Ishahfazh, observing the conflict, feel that there is both an increasing capacity to wage territorial war in Kovazh, and also a protective need to establish direct control over the continent, rather than the previous policy of indirect rule and spheres of influence. We seem to be entering an existential struggle for the integrity of our state.;;;;;;;;;;;;;x
EVT50079OPTA;The armies of the foreigners will crash upon our shores like waves upon rocks.;;;;;;;;;;;;;x
EVTNAME50080;Military Industrial Interest in Kovazh;;;;;;;;;;;;;x
EVTDESC50080;§RNOTE: This enables demand concession CBs against the large, settled empires of Kovazh, the Qooxib Empire, Ourrhond, the Pusenetos of the Great Khan, the Nhuiqourran Empire, and the Fazhri Chrur, for ALL civilized countries that have the techs Nationalism and Particularism, Machine Guns, and Medicine.§! As our state and society has advanced technologically, one hears increasing talk in military-industrial circles of establishing direct control over the large empires of the Kovan mainland. Typically our war office has avoided even discussing the idea of direct attacks on these powers, citing logistical issues of supplying a large scale land campaign against a powerful overseas foe, but we have now seemingly eclipsed these powers in military capacity. Societies like the $COUNTRY_ADJ$ Kovan Colonisation League, which have recently held a number of symposiums on topics like ‘Spindleweed Growth Opportunities on the Vetchk River’ and have invited a number of lieutenants and other officials to patronise their societies seem to exerting an influence on the thinking of our military establishment.;;;;;;;;;;;;;x
EVT50080OPTA;Something to consider, certainly.;;;;;;;;;;;;;x
EVTNAME50081;Shock and Horror in Kovazh!;;;;;;;;;;;;;x
EVTDESC50081;§RNOTE: This enables demand concession CBs against the large, settled empires of Kovazh, the Qooxib Empire, Ourrhond, the Pusenetos of the Great Khan, the Nhuiqourran Empire, and the Fazhri Chrur, for ALL civilized countries that have the techs Nationalism and Particularism,Machine Guns, and Medicine.§! A couple months ago we decided to cede a leased port back to the Kovan empire that we had it from after an underhanded subterfuge that saw us lose it. Now, however, a few of those merchants we had living there, and indeed much of the former $COUNTRY_ADJ$ expatriate community in the port have communicated to us both the regular tyranny they suffer under this despotic primitive government: floggings, imprisonment, ghastly tortures, and worse, but also of the weakness and poverty of  $FROMCOUNTRY$. Many are saying we have got to wage a proper land military campaign against these barbarians, which has plunged much of Ishahfazh into an annexationist fervor, upon hearing these reports and our rumoured intentions.;;;;;;;;;;;;;x
EVT50081OPTA;Good heavens, we've got to do something! Get the war minister!;;;;;;;;;;;;;x
EVTNAME50082;Success!;;;;;;;;;;;;;x
EVTDESC50082;Very recently we shuffled a number of agents into a previous treaty concession of ours, as part of a bid to recover control of the territory. Shockingly, things seemingly have gone off without a hitch. They staged a riot over the treatment of locals, and managed to drive the foreigners out of the state house. A few days ago they proclaimed themselves representatives of our government, and now we’ve established regular control over these territories again. The community of $FROMCOUNTRY_ADJ$ waits with bated breath about our governance, but many locals seem glad to be returned to our patrimony. ‘Tis a great day for $COUNTRY$.;;;;;;;;;;;;;x
EVT50082OPTA;Hurrah!;;;;;;;;;;;;;x
EVTNAME50083;The Holy Drupe in Sesi;;;;;;;;;;;;;x
EVTDESC50083;The ‘Drupe’ or the Drupe of the Vewug is a gargantuan, rambling temple and palace complex located in Sesi, in the Sublime Veyethu. It is the focal point of the Vewugi religion, being the alleged residence of the Vewug, the powerful spirit worshiped by the Vewugi faithful. It attracts holymen from all parts of the dominion of the Vewug, who spend many years living in the complex, and taking notes on the actions and omens of the Vewug. To stand in vigil and watch for apparitions and signs of the Vewug is typically the purview of initiated holy man, but with the advent of our liberationist government, there are cries from the people to open the Drupe to pilgrims. Intellectuals and anti-magisterialists cry out for the privilege of visiting the great master of the worldly plane, but the traditionalist clergy are dragging their feet and protesting this as an indignity upon their orders and the house of the Vewug. §RNOTE: If Sesi is occupied, foreign powers may burn the Drupe!§!;;;;;;;;;;;;;x
EVT50083OPTA;Let the Drupe be open to the faithful!;;;;;;;;;;;;;x
EVT50083OPTB;The holy men are right. We must curtail the unitiated.;;;;;;;;;;;;;x
EVTNAME50084;Our Developing Economy;;;;;;;;;;;;;x
EVTDESC50084;We are beginning to see notable changes in our economy and consequently our society. The introduction of machines for industrial production has begun to change the way the rest of society organises itself. We are seeing new sets of emerging values among the people of all classes, such as greater consumption levels, emphasis placed on thrift and saving, and new attitudes to goods and marketing. We have also seen the institutionalization of markets: a proliferation of small scale retailers, larger buying and selling firms, and informational periodicals about products. Finally, our government has adapted by showing greater interest in consumer markets. This is, one could believe, the beginning of a dramatic transformation of society. ;;;;;;;;;;;;;x
EVT50084OPTA;I see;;;;;;;;;;;;;x
EVTNAME50085;Our Rapidly Industrialising Economy;;;;;;;;;;;;;x
EVTDESC50085;Society is changing rapidly: in all parts of the world one sees the penetration of mechanised production, mobile capital, and soaring outputs. Every year our country lays down thousands of miles of railway - the tonnage of coal mined is rising exponentially - and every day millions of new bales of cloth are spun. And indeed, for all these things, there is someone to buy it! People clamour for new textiles, coal to warm their hopes, and handsome foreign Nuzhdap carried by steamship. New banking organisations are scrambling to provide capital for new firms which incorporate, under newly permitted limited liability banners, by the day. Society is transforming rapidly, and we are seeing our economy industrialise.;;;;;;;;;;;;;x
EVT50085OPTA;Curious;;;;;;;;;;;;;x
EVTNAME50086;Our Industrialised Economy;;;;;;;;;;;;;x
EVTDESC50086;Our society has undergone a staggering transformation. From a largely agrarian society grounded in pre-modern social and governmental norms, now we are truly seeing the beginning of the modern ‘economic’ hominid. The regular order of the day is mechanised production, and people have even begun to get used to the business cycle and the strange swings of production and demand. People understand how to access local markets, they buy goods, and they aspire to the dream of modern mechanized luxury. The government concerns itself greatly with maintaining the norms of the market and organising industrial production, and ‘efficient management’ is the order of the day. The dictates of the manager, the market, and the economic regulator are casual inputs that shape the institutions and values of our society.;;;;;;;;;;;;;x
EVT50086OPTA;Well, tally-ho boys, well done all around.;;;;;;;;;;;;;x
EVTNAME50087;The $CRISISAREA$ Question;;;;;;;;;;;;;x
EVTDESC50087;The $CRISISAREA$ people languish in chains, it is said. They suffer the greatest tyranny under foreign yoke, and everywhere one finds signs of their subjection. Their country has been dismembered by occupation, and surely it should stir all lovers of justice to support their cause! Recently, in fact, it seems occupied $CRISISAREA$ lands have undergone some severe turmoil. Violence and atrocities between locals and governmental elites seems to have ended in a series of well publicized and particularly grisly massacres. The press across the civilized world is crying out for a resolution to this chaos, and a number of powers are attempting to organise a conference to resolve the $CRISISAREA$ question for the time being.;;;;;;;;;;;;;x
EVT50087OPTA;The mighty $COUNTRY_ADJ$ people will have their voice heard on this matter!;;;;;;;;;;;;;x
EVT50087OPTB;More upstart savages clamoring for recognition? Count us out.;;;;;;;;;;;;;x
EVTNAME50088;The Right to the Familiar;;;;;;;;;;;;;x
EVTDESC50088;The Tehurite or ‘Sedentarian’ tradition is generally believed to have begun as an ideological prop from neolithic regimes in the vales of northern Ishahfazh, designed to discourage migration and to consequently promote stable tax registrars. The ‘virtues of the solid man’ were first proclaimed by the Philosopher-King Oswegose of Miege, and his various writings on the topic became the germ of a large corpus of Sedentarian philosophy, primarily focused on the virtues of stability, changelessness, and abstract notions of cosmic harmony and splendor. The Right to the Familiar is a traditional Tehurite legal tradition that allows those whose way of life has been disrupted by others, politicians or government officials to appeal to the autonomous legal-religious scholarly community for a verdict on the right to maintain traditional ways of life. With the holy man or scholar’s condemnation of the disruptions, there is usually great pressure to right these wrongs.;;;;;;;;;;;;;x
EVT50088OPTA;May earth and sky bless our lands.;;;;;;;;;;;;;x
EVTNAME50089;Islands of Colonial Gofakidzia;;;;;;;;;;;;;x
EVTDESC50089;It’s been a little while now since we settled the Islands south of Gofakidzia, in the ferocious reaches of the Ishnapt Ocean. Nonetheless, some hardy settlers from our metropole have gone all the way to these stormy islands to settle, and have established a few little fishing communities. A vessel that had been traveling through the Ishnapt has recently pulled into $CAPITAL$ and told us a little bit of the goings on there. They tell us of the ferocious storms that come down from the north, and that the settlers and native Mjhm’an (the ‘Bibs’ as our Gashdzii call them) build their fanzas and cottages on the lee sides of the mountains that tower out of these islands. They tell us of the strange, fatty molluscs that the settlers fish for in the northern waters, and the chewy roots grown there. In sensible Gashdzii fashion, the settlers have taken to calling the Islands ‘Dozmâzhfâ’ and ‘Guzmâzhfâ’, north and south’s land. The Admiralty proposes updating our maps.;;;;;;;;;;;;;x
EVT50089OPTA;Update the charts, sirrah!;;;;;;;;;;;;;x
EVT50089OPTB;The cost of new charts for a silly little bit of pride?;;;;;;;;;;;;;x
EVTDESC50100;It’s been a little while now since we settled the Islands south of Gofakidzia, in the ferocious reaches of the Ishnapt Ocean. Nonetheless, some hardy settlers from our metropole have gone all the way to these stormy islands to settle, and have established a few little fishing communities. A vessel that had been traveling through the Ishnapt has recently pulled into $CAPITAL$ and told us a little bit of the goings on there. They tell us of the ferocious storms that come down from the north, and that the settlers and native Mjhm’an build their fanzas and cottages on the lee sides of the mountains that tower out of these islands. They tell us of the strange, fatty molluscs that the settlers fish for in the northern waters, and the chewy roots grown there. The local settlers have been calling these places ‘Druboukiru’ (Thundering island’) and ‘Fundrouukiru’ (the ‘Cabbagefruit Islands’, from its abundant growth). The Admiralty proposes updating our maps. ;;;;;;;;;;;;;x
EVT50100OPTA;This should look nicer than native gibberish.;;;;;;;;;;;;;x
EVT50100OPTB;Who's going to look at this place, anyway?;;;;;;;;;;;;;x
EVTNAME50101;The Kovan Incident of $YEAR$;;;;;;;;;;;;;x
EVTDESC50101;The arid Kovan coast is home to a number of petty principalities ruled by braggadocious Rechktists princes. Our merchants typically cross by these coasts when trading with the wealthier powers of the south, and little heed is paid to the Kovan lands, barring a small trade in wool and Ishahfazhi weaponry. Regrettably, however, the Rechtist princes still oppress sailors who wash up on their shores with slavery and worse, and trade them south to the great powers. Things took a poor turn in our relations recently: a redemptorist religious association that was quartered in a Kovan city was forcibly suppressed and the clerics themselves sold into slavery! One man managed to make it back to $CAPITAL$, to tell his tale of horror, and has now got the foreign ministry and the press up in arms! The government thinks it prudent to finally put an end to the slave raiding from these dangerous shores, and the public seems behind them.;;;;;;;;;;;;;x
EVT50101OPTA;Good heavens, we've got to get these savages under order!;;;;;;;;;;;;;x
EVT50101OPTB;All that for some damned hubbub in the wastes...?;;;;;;;;;;;;;x\
EVTNAME50102;The Rechktist Menace!;;;;;;;;;;;;;x
EVTDESC50102;We have a number of diminutive possessions on the Kovan Coast, a few ancient old cities garrisoned with shabby soldiers and a few forts to keep the restive tribesmen from causing problems. The principle trouble is that the worshipers of the ‘Bright Eyed God’, the Rechktists, the schismatic Momurists, consider temporal power of the Rechtian faithful religiously important. Willing to go to great lengths to achieve their Gottstaat, we regularly have to engage in small expeditions to suppress extremist anti-imperialists in the bush and hills, and even in desert holdfasts. Recently, we’ve been dealing with a particularly well equipped, sly rebel: Isio x'Emechk, and, to our great alarm, we’ve found that a local independent Kovan lord has been supporting and protecting him! After a recent battle, he fled to the court of this impudent lord, and the colonial governorate and the foreign office are asking that we prosecute the war into these neighbouring lands.;;;;;;;;;;;;;x
EVT50102OPTA;For heaven's sake, we've got to catch him!;;;;;;;;;;;;;x
EVT50102OPTB;And I am sure the foriegn minister isn't going to sign the cheque.;;;;;;;;;;;;;x
EVTNAME50103;Expedition to Bafozh;;;;;;;;;;;;;x
EVTDESC50103;The great eastern continent, Bafozh, named so by the Gashdzii term for east - ‘Bafa’ - a pre-Kadkohic vengeful sun god. It is the largest of all six major landmasses and also boasts most of the most impressive natural formations. Marked by its primitive stage of development, empty landscapes, vast mountain ranges, deep valleys, and endless forests, it represents at once opportunity and freedom as well as the great unknown. The current interest in Bafozh, whether topographical, military, anthropological, or scientific merits continuous interest in outfitting exploratory missions to the uncharted interior of the continent. The foreign office and the military high command suggest that we find some likely young captain, a cartographer or two, and some soldiers to send into these lands.;;;;;;;;;;;;;x
EVT50103OPTA;Yes, approved. Next item, minister.;;;;;;;;;;;;;x
EVT50103OPTB;No, minister, we cannot indulge your interest in adventure stories.;;;;;;;;;;;;;x
EVTNAME50104;The Lands of Hamog;;;;;;;;;;;;;x
EVTDESC50104;Our recent expedition into the heart of Bafozh has returned to $CAPITAL$ and they report the most strange and shocking tales! In the heart of the southern forests, labouring through strange taiga and dense boreal forests, our capitan explains that he kept running across strange folk who his guides explained were Juewaeg faithful bringing captives for rites near lake Geshe, sometimes for thousands of miles. He eventually decided to follow a group of these faithful to Geshe. On the banks of lake Geshe he witnessed the most fantastical rites. The Lords of Hamog, the masters of these lands, grow rich by the tribute and captives brought by the faithful across the southern forests, and oversee the bloodletting of the many hundreds of captives into the waters of the pristine forest lake, to the ecstatic joy of the thronging masses of Juewaeg of all races and cultures who cluster there. But shockling, the explorer was asked to offer his own sacrifice, to see the rites! He relates that…;;;;;;;;;;;;;x
EVT50104OPTA;… he presented a coolie of his own expedition to the Lord of Hamog!;;;;;;;;;;;;;x
EVT50104OPTB;… he bought a slave and gave it for the sacrifice.;;;;;;;;;;;;;x
EVT50104OPTC;… he refused these rites and fled from the rage of the Hamogine king!;;;;;;;;;;;;;x
EVTNAME50105;An Expedition to Bafozh?;;;;;;;;;;;;;x
EVTDESC50105;The great eastern continent, Bafozh, named so by the Gashdzii term for east - ‘Bafa’ - a pre-Kadkohic vengeful sun god. It is the largest of all six major landmasses and also boasts most of the most impressive natural formations. Marked by its primitive stage of development, empty landscapes, vast mountain ranges, deep valleys, and endless forests, it represents at once opportunity and freedom as well as the great unknown. In recent years, a number of those in the natural and social sciences have expressed interest in sending an expedition to the dense reaches of this largely unexplored continent. At a recent colloquium and soiree in a fine academic establishment in $CAPITAL$, the Bafozh exploration society proposed, in the presence of the minister for the sciences, a military-explorative mission into the heart of Bafozh. Since we ostensibly have colonial interests in this region, state geographers would be certainly interested in charting these lands.;;;;;;;;;;;;;x
EVT50105OPTA;What a splended idea! Outfit an expendition at once!;;;;;;;;;;;;;x
EVT50105OPTB;What could be out there but barbarous anthrophages and bad weather?;;;;;;;;;;;;;x
EVTNAME50106;The Bobit Civilisation;;;;;;;;;;;;;x
EVTDESC50106;Our recent expedition into the heart of Bafozh has returned to $CAPITAL$ and they report the most wonderful discovery! In the Mountains of Boshbish (which has been bastardized to ‘Bobit’ in the mouth of our captain and his soldiers), amongst the Behshi pastoralists, our explorer discovered the most strange ancient ruins. It appears that many centuries or even millenia ago there was some sort of developed and settled civilisation that raised a number of forts and strange petroglyphs. Shockingly, the size of these buildings implies that these people must have been profoundly tall and large, perhaps extreme specimens of the large Bafozhi folk known to us today. In any case, archeologists, linguists, and classicists are extremely excited to study this newly identified ancient civilisation.;;;;;;;;;;;;;x
EVT50106OPTA;Truly fascinating.;;;;;;;;;;;;;x
EVTNAME50107;Bafozhi Expedition Lost;;;;;;;;;;;;;x
EVTDESC50107;Several years ago we sent an explorer and some men into the interior of Bafozh to chart these lands and spread the influence of our great state. He has not made any contact with us for a long time and seems, for all intents and purposes, to be lost. Whether he was eaten by savages, starved to death in the vast interior, or died in some natural disaster, the money spent on provisions and ships seems to have been a waste.;;;;;;;;;;;;;x
EVT50107OPTA;Poor chap, tsk tsk. Can we find out who approved this?;;;;;;;;;;;;;x
EVTNAME50108;Pruub Plantation?;;;;;;;;;;;;;x
EVTDESC50108;Pruub, the sweet, soporific, euphoric oils of the Magoupt plant is indigenous to the Poumnian lands and the Poudwouvas river delta. It has, for millennia, practically been solely grown in this region: only there are the soils appropriate, the swampy rivers carry the appropriate mix of fresh water and heavy sediments, and the clime remains ideal. Now, however, with new pumping technologies, our industrial agronomists believe some swampland in our territories could be suitable to Pruub cultivation. A certain agricultural firm has come to our government with a scheme to plant Pruub, and wants a government monopoly and subsidies for this purpose.;;;;;;;;;;;;;x
EVT500108OPTA;Grant these fellows their monopoly, and get planting!;;;;;;;;;;;;;x
EVT500108OPTB;What an industrious bunch!;;;;;;;;;;;;;x
EVT500108OPTC;No, what we produce in $PROVINCENAME$ is too valuable.;;;;;;;;;;;;;x
EVTNAME50109;Locusts on the Horizon;;;;;;;;;;;;;x
EVTDESC50109;'I left my son out in the sun, with the ruminants... and I saw a black cloud gathering far distant on the horizon... before I knew it, it was too late. All that remained of the fields, the cattle, and my son, was bones and chaff.' Such were the scenes of devastation where the locusts were first spawning. A local region is now facing a deadly threat of a plague of ravenous, omnivorous, monstrously large locusts! Their evil red eyes glare out of their shiny carapaces, glistening in the humid, thick air, their eager mandibles ready to devour anything in their path. The wet, warm weather drives them into a spawning frenzy, and their terrible number grows hourly in exponential orders. Their ominous drone resonates across the fields, and the people, with little left for them to do, cower and pray that these creatures only eat their fields, and not the very flesh off their bones. ;;;;;;;;;;;;;x
EVT50109OPTA;There's no telling where those damned things will strike!;;;;;;;;;;;;;x
EVTNAME50110;Locusts Strike $PROVINCENAME$!;;;;;;;;;;;;;x
EVTDESC50110;The locusts have come to $PROVINCENAME$! They have visted theses lands with their terrible appetites and left terrible devestation in their wake! Everywhere fields have been entirely destroyed, cattle and livestock devoured in the very pastures, houses and homes themselves have been gnawed upon, seed reserves have been torn to bits: little remains of the once prosperous agricultural region. People are leaving these lands in great numbers, as it seems it will be a long time until these regions recover their former prosperity, and those that stay eke out a miserable, desperate existence, trying to hastily cultivate their plots, but is expected that many will suffer famine and malnutrition. People are petitioning the government for relief of their burdens and suffering, more than whatever reserves local authorites can provide. Should the national government step in?;;;;;;;;;;;;;x
EVT500110OPTA;We must try to relieve this region.;;;;;;;;;;;;;x
EVT500110OPTB;We cannot afford to provide these people with any more aid.;;;;;;;;;;;;;x
EVTNAME50111;Locust Plague Comes to an End;;;;;;;;;;;;;x
EVTDESC50111;The terrible locust plague that has struck one of our regions has seemingly ended. Having devastated most viable parts of this area, it seems that the swarm has burnt itself out. With no food remaining, and their brief lives coming to an end, they now die in their millions. Their hideous corpses litter the fields, and carrion birds pick at their fattened bodies. Even desperate farmers come to harvest the bodies to eat in desperation. The region itself remains devastated, and the abatement of this plague, while a relief, comes to a land that has lost everything already.;;;;;;;;;;;;;x
EVT50111OPTA;And may they never return!;;;;;;;;;;;;;x
EVTNAME50112;The Terrible Machine!;;;;;;;;;;;;;x
EVTDESC50112;All the time in $PROVINCENAME$, now, you have hear the thunder of metal on metal and the bellowing of the locomotive, as newly laid railway track carries these new machines into the heart of our country. But the people are in uproar! They say these tracks had been built through the lands of ancient farms, and that this machine disturbs the traditional bounds of villages, cattle-driving paths, scaries the birds, and frightens the whole town as it thunders through. They've appealed to their local 'Roots-Man', the Tehurite Holyman who lives in the roots of an ancient tree on the bounds of a large provincial town. He has consdiered their pleas, and has ruled that the railway causes too much disturbance! Given the Tehurite faith of our country, we are under great pressure to oblige with his religious-judicial perpective. ;;;;;;;;;;;;;x
EVT50112OPTA;If the holy man says so...;;;;;;;;;;;;;x
EVT50112OPTB;What nonsense! That was a massive investment!;;;;;;;;;;;;;x
EVTNAME50113;The Blighted Coast!;;;;;;;;;;;;;x
EVTDESC50113;In $PROVINCENAME$ we have a large naval instillation. This harbour and drydock protects military ships, supplies them, and host a number of support vessels, as well as employs locals to build massive new vessels for our grand fleet. However, it causes great distress for the local fishermen. They say the huge vessels going out to sea disturb the shoals, the waves capsize their little vessels, and even the tugs tear up their nets. They have appealed to a local 'roots man', a Tehurite holyman who has lived much of his life stationary in the roots of a tree, fed and watered by locals. He has pronounced that this community has fished here for centuries, and that their rights of use take priority over those of the navy! We must decide what to do.;;;;;;;;;;;;;x
EVT50113OPTA;His holiness and his verdict must be honoured!;;;;;;;;;;;;;x
EVT50113OPTB;The Admiralty would be furious. Not a chance.;;;;;;;;;;;;;x
EVTNAME50114;Bondsman Free State!;;;;;;;;;;;;;x
EVTDESC50114;Our state has been wracked with a great calamity recently. In the substantial chaos that has afflicted our provinces, the various wretched bonded folk - the slaves, thralls, serfs, prisoners, hereditary servants, have come to control a substantial section of territory. Massacring their masters and setting fire to the great houses, these lands have become a wasteland of anarchy and delusional ideas of equality, brotherhood, and liberty. Even more preposterously, some of their leaders have had the audacity to proclaim a ‘free commonwealth’, and have begun seeking peaceable arrangements with other powers, acting as if they were sovereign! These are dark days for our state indeed, and the question remains to be asked about what ought to be done with this rebellious “state”.;;;;;;;;;;;;;x
EVT50114OPTA;Get these lands to order, right now!;;;;;;;;;;;;;x
EVT50115NAME;Implementing Colonial Laws;;;;;;;;;;;;;x
EVT50115DESC;Our various colonial administrators work tirelessly to make sure our colonial policy is being correctly implemented in suitable overseas departments.;;;;;;;;;;;;;x
EVT500115PTA;Tally-ho, chaps, let's get a move on.;;;;;;;;;;;;;x
EVT50116NAME;x;;;;;;;;;;;;;x ### bondsmen setup no loc needed
EVT50116DESC;x;;;;;;;;;;;;;x
EVT50117NAME;The Encyclopedia $COUNTRY_ADJ$ica;;;;;;;;;;;;;x 
EVT50117DESC;Forward to the Encyclopedia: Herein is contained the sum of the knowledge of our civilisation, gathered in one place, of all the wondrous and strange peoples of the world. Below is an index of important subheadings. \n §BNOTE: This is a dynamic encyclopedia. You will have open access to entries that are relevant to your own state, but entries of people further afield will have to be unlocked. This can be done by a combination of conquering certain regions, unlocking certain technologies, sphering regions, following event chains, etc. If you are civilised and neighbours have studied things, if you have the relevant techs, entries may be activated. Events will inform you if they have updated your encyclopedia. The player will not be informed of passive entry updates through ‘information spread’.;x
EVTNAME50118;Mutineer Community Discovered!;;;;;;;;;;;;;x
EVTDESC50118;It has been a long time since we dispatched an exploratory mission to the wilds of Bafozh, and the men that set out have long been assumed dead. Now, however, a small merchant vessel sailing the distant Ishnapt ocean has submitted a most extraordinary report to the Admiralty! They stopped by a small island to gather fruits and fresh water, and, alongside the usual locals, they found a community of our own citizens - mutineers from the lower ranks of the transport ship and the expedition - living comfortably on a small island! From what they could gather, our captain is still either imprisoned on this island or living amongst the natives in exile. The Admiralty wonders if we could somehow establish some sort of influence over this land by working out some arrangement with the more amenable mutineers, or the native connections of the exile captain…;;;;;;;;;;;;;x
EVT50118OPTA;Establish $COUNTRY_ADJ$ law over these lands!;;;;;;;;;;;;;x
EVT50118OPTB;And why would we trouble ourselves with such a pitiful island...?;;;;;;;;;;;;;x
EVT50119NAME;x;;;;;;;;;;;;;x ### same
EVT50120NAME;x;;;;;;;;;;;;;x ### same
EVT50121NAME;x;;;;;;;;;;;;;x ### same
EVT50122NAME;The Faiths of The World;;;;;;;;;;;;;x 
EVT50122DESC;The faiths of the Miiv are multifarious and of all varieties. Beyond the number collected here, there are multitudes more of small ethnic and regional faiths, cults, and sects, but these are the most significant and practiced by the greatest number of the people. Below is an index of our entries. The reader is of course encouraged by the religious authorities to remember that our faith is the TRUE faith and to confine thought about foreign cults to purely speculative and academic boundaries.;;;;;;;;;;;;;x 
EVT50123NAME;No Entry Found!;;;;;;;;;;;;;x 
EVT50123DESC;The editors regrettably inform the reader that the top minds of our country are shamefully ignorant of this topic. They would humbly appeal to the ministers in government to divert more funding to the universities, exploratory expeditions, etc. \n §RNOTE: For whatever reason, your country has not gathered, started with, or acquired information about this topic. You can learn more about the world by conquering, sphering, researching techs, or following event chains.;;;;;;;;;;;;;x 
EVT50124NAME;The Kadkohi Faith;;;;;;;;;;;;;x 
EVT50124DESC;Kadkohi is a term for the traditional faith of the Gashdzii peoples. Allegedly arising from the miraculous presence of idols and their attendant powerful spirits who protected the embattled tribe of the Gasdhdzii as they fled persecution from the Byotrin in ancient prehistory, it is represented by the major cults of Guzzadt, Buzzamnan, Doshzk, and Maft, and their respective vast networks churches, synods, and congregations carried by the spreading empire. Guzzadt is the patron of toil and discipline, Doshzk of death and authority, Buzzamnan of pleasure and fortune, and Maft of fertility and youth. The major beliefs are the propitiation of these deities as patrons here and in the afterlife, and the belief in a spirit that must be freed from the body after death. The faithful engage in a number of rites, such as honouring gods and their idols and burning bodies. The typical Kakohi symbol is the quadrine gem with the four heavenly colours.;;;;;;;;;;;;;x 
EVT50125NAME;The J'ur Faith;;;;;;;;;;;;;x 
EVT50125DESC;For the J’ur (meaning, ‘house’),  the existence of a J’ur temple seems to be in some ways prior to any specific belief. Across the Zhadnozho Gid coasts of Bafozh, a vast collection of J’ur temples and meeting houses (ranging from colossal sites in the more populous cities to tiny gardens in areas settled by nonbelievers). can be found. These communal, fraternal, holy, burial, conjugal sites, strictly closed to outsiders, often have social compacts, maritime guilds, charitable organisations and and other social functions attached to them, and each maintain extensive archives of religious texts, omens delivered, and other things. Nonetheless, the J’ur seem to maintain a fairly stable pantheon of powerful gods, heroes, and protectors (most popular are the fused gods, Archs and Chechs, the king who was turned into a gold bar and the lobster that swallowed him), though some temples stray into monotheism or deistic mysticism.;;;;;;;;;;;;;x 
EVTNAME50126;A Fiery $COUNTRY_ADJ$ Zealot of the Synod!;;;;;;;;;;;;;x
EVTDESC50126;x;;;;;;;;;;;;;x
EVT50126OPTA;Do all in our power to subvert this demagoge from behind the scenes;;;;;;;;;;;;;x
EVT50126OPTB;Have him beheaded and his converts imprisoned;;;;;;;;;;;;;x
EVT50126OPTC;Let him be, what's the worst he could do?;;;;;;;;;;;;;x
EVT50127NAME;The Motkohnic Faith;;;;;;;;;;;;;x 
EVT50127DESC;Motkohnism is a religious movement that grew out of the Kadkohi traditional pantheon in the last two hundred years. The ‘faith of the the stars’ was born when the monk (Dosh) Kauzhut, now called Kauzhut ‘Mifacha^zhafta’ (the great diviner), and Kauzhut ‘Donavvat’ ‘the describer’ (among many other honorifics), a small element in the anti-magisterial movement and a nominal member of the church of Guzzadt, had a profound vision of the nature of the world while fleeing south during civil strife. He taught that there was no self after death, and that all would join the dance of the Celestite (va Motkazh), among many other ethical teachings to be followed once one realized this truth. The Motkohnic faithful do no particular things, but often wearing the signs of their teacher, and read, discuss his teachings. A typical sign of Motkohnism is the star.;;;;;;;;;;;;;x 
EVT50128NAME;The Wompowushan Pratice;;;;;;;;;;;;;x 
EVT50128DESC;Wompowushan is a term for the vast collection of Poumnian, and larger Diwvish, folk beliefs and religious practices. Its central element is a lack of belief in ‘real death’ upon the cessation of life, and the consequent fanatical preservation and interaction with the bodies of ancestors. Another essential aspect of the taxonomy include the worship of the emperor, the Pudwou, as a form of world soul. Believers may pratice alongside this the veneration of local nature spirits, nobles, noble, ancestors, or engage in various rites or Shamushic rituals. The Wompowushan faithful often build vast temples for their ‘sleeping’ ancestors, and the ancestors of the poorer folk are entombed in vast necropoli. The Emperor is seen as a deity, whose divinity extends in a limited way through his servants in the lesser-nobility. The Hatched Sign, or in Poumn, ‘Vudtmruu’ is an ancient Poumnian symbol associated with the boundary of a sacrosanct building. ;;;;;;;;;;;;;x 
EVT50129NAME;The Cult of The Vewúg;;;;;;;;;;;;;x 
EVT50129DESC;The Vewugi faith is the term for all those who worship the Great Vewug as their lord and master. The cornerstone of their faith is their common acknowledgement of the miraculous powers and virtues of a truly numinous being (a ‘powerful wizard’) who is allegedly verifiably real and exists in our plane of being. Much of the faith is structured around the observation of his actions and rare speech, and has led to many different schools of interpretation, with many different claims about his actual cosmological and spiritual role. The Vewug is said to live, usually, though he is often invisible or travelling to other realms, in a great Palace in Sesi known as the Drupe. The Vewugist faithful flock to the Drupe, and holymen watch in tireless vigils for his appearance. The typical sign of the Vewug is a face of a man on three interlinked rings, signifying his power, wisdom, and protection.;;;;;;;;;;;;;x 
EVT50130NAME;The Tehuhrite Beliefs;;;;;;;;;;;;;x 
EVT50130DESC;The Tehurite or ‘Sedentarian’ tradition is generally believed to have begun as an ideological prop from neolithic regimes in the vales of northern Ishahfazh, designed to discourage migration and to consequently promote stable tax registrars. The ‘virtues of the solid man’ were first proclaimed by the Philosopher-King Oswegose of Miege, and his various writings on the topic became the germ of a large corpus of Sedentarian philosophy, primarily focused on the virtues of stability, changelessness, and abstract notions of cosmic harmony and splendor. Now, indeed, Sedentarianism has become a complicated legal, spiritual, and philosophical system that dominates much of the north of Ishahfazh. Most typical of the practices of the Sedentarian are the consultation of holy ‘roots men’, satiationary monks who live in the roots of trees or partially buried and are fed by their community, for nearly everything. The Sedenatian symbol is the erect penis-bone. ;;;;;;;;;;;;;x 
EVT50131NAME;The Rechktist Schismatics;;;;;;;;;;;;;x 
EVT50131DESC;The Rechktist faith is a popular schism from the Momurist tradition practiced mostly by the northern tribes of Kovazh. Believing, contrary to the Momurists, that the so-called ‘silent god’ is in fact reawakening, and that rebirth and purification is an ongoing process that will be arrived at through the agency of men (as opposed to the Momurist belief in a slow cessation of all spirit and will), the Rechktist Zealots attempt to violently convert others to their pure and austere lifestyle, rather than merely shun the impure and trust the holymen to purify the world, their corpse, etc after their own death (as the Momurists do). Organised into violent warrior-priest clans, Rechktist society is unstable and dynamic, as minor theological disputes often spill over into bloodshed and war. The Rechktist symbol is the awakened face.;;;;;;;;;;;;;x 
EVT50132NAME;The Momurist Faith;;;;;;;;;;;;;x 
EVT50132DESC;The Momurist Faith is an institutional religion practiced by the larger empires of southern Kovazh. The once small regional Humabi idolatry of the millennia old ‘silent god’ has spread, through its institutional maintenance by several Qooxib and Souxappi dynasties to be one of the most popular faiths in the world. The world is treated as the dying corpse of a colossal entity whose death coincided with the creation of the universe. The subtle rules of his mind and being, now baked into the fabric of the world, determine right action and purity. The righteous dead, it is believed, will, upon the rebirth of the great silent god, find themselves in the upper echelons of a new order, belonging to the godhead in an essential way. The impure will be cast off as detritus. Momurist diviners spend much time determining right actions through study of the natural world, and giant ‘prayerlands’ are set aside for purity and pure adulation of creation. Passivity, Purity, and Inaction are the virtues most prized by the Momurists. Their symbol is the winged jewel, exemplifying pure rebirth.;;;;;;;;;;;;;x 
EVT50134NAME;The Paorusu Faith;;;;;;;;;;;;;x 
EVT50134DESC;x;;;;;;;;;;;;;x 
EVT50135NAME;The Parqmun Faith;;;;;;;;;;;;;x 
EVT50135DESC;x;;;;;;;;;;;;;x 
EVT50136NAME;The Gyahki Faith;;;;;;;;;;;;;x 
EVT50136DESC;;;;;;;;;;;;;;x 
EVT50133NAME;The Shamush Beliefs;;;;;;;;;;;;;x 
EVT50133DESC;Shamush is a Poumnian etic term for the half-pagan scholarly faith of the Pruunitsh people of the Reuhriz (Wroush or Drangupt in Poumnian) peninsula. It emphasizes the existence of bicephalous snake spirits that pervade the fabric of the world, and has been described as a ‘way of seeing’, rather than a faith. It has developed a large collection of highly esoteric writings about its practice and the relations between its many deities/spirits, and its many apocryphal texts, secretive hereditary schools, and strange doctrines attract mystics and occultists from other nations. In Pruuntish society, the Shamushic teacher typically will live in near darkness for many years, in small houses, attended by students, in an effort to learn better to see the spirits of the world. A common symbol of Shamush is the Two-Headed Snake, The Tower (the sign of Rod, the great teacher), and the Open Mouth.;;;;;;;;;;;;;x 
EVT50137NAME;The Juewaeg Cult;;;;;;;;;;;;;x 
EVT50137DESC;The Juewaeg faithful are those who worship the evil sprit/powerful diety that allegedly dwells at lake Geshe in the south forests of Bafozh. The faith would be indistinguishable from any other sort of homicidal paganism except for the shocking political authority it wields. The settled priest-kings of Hamog preside over the cult of the spirit of lake Geshe by means of precious objects they grant out to the faithful, the totems of which can be found carried by the many quasi-nomadic peoples of the southern forests, and the bearing of which promises sacrifice and tribute brough to the lake for the great yearly festival where many hundreds of captives are decapitated in the lake. Juewaeg priest kings have told our anthropologists that the totems depicting a headless avian body do not depict the nature of the lake spirit. Nonetheless, this is the only coherent and stable symbol of the cult of the lake God.;;;;;;;;;;;;;x 
EVT50138NAME;The Dkåtkang;;;;;;;;;;;;;x 
EVT50138DESC;x;;;;;;;;;;;;;x 
50138OPT;The Dkåtkang;;;;;;;;;;;;;x 
EVT50139NAME;The Kusii Cults;;;;;;;;;;;;;x 
EVT50139DESC;x;;;;;;;;;;;;;x 
X;x;;;;;;;;;;;;;x
X;x;;;;;;;;;;;;;x
X;x;;;;;;;;;;;;;x
X;x;;;;;;;;;;;;;x
X;x;;;;;;;;;;;;;x
X;x;;;;;;;;;;;;;x
X;x;;;;;;;;;;;;;x
X;x;;;;;;;;;;;;;x
X;x;;;;;;;;;;;;;x
X;x;;;;;;;;;;;;;x
X;x;;;;;;;;;;;;;x
X;x;;;;;;;;;;;;;x
X;x;;;;;;;;;;;;;x
X;x;;;;;;;;;;;;;x
X;x;;;;;;;;;;;;;x
X;x;;;;;;;;;;;;;x
X;x;;;;;;;;;;;;;x
X;x;;;;;;;;;;;;;x
X;x;;;;;;;;;;;;;x
X;x;;;;;;;;;;;;;x
X;x;;;;;;;;;;;;;x
X;x;;;;;;;;;;;;;x
X;x;;;;;;;;;;;;;x
X;x;;;;;;;;;;;;;x
X;x;;;;;;;;;;;;;x
X;x;;;;;;;;;;;;;x
X;x;;;;;;;;;;;;;x
X;x;;;;;;;;;;;;;x
X;x;;;;;;;;;;;;;x
X;x;;;;;;;;;;;;;x
X;x;;;;;;;;;;;;;x
X;x;;;;;;;;;;;;;x
X;x;;;;;;;;;;;;;x
X;x;;;;;;;;;;;;;x
X;x;;;;;;;;;;;;;x
X;x;;;;;;;;;;;;;x
X;x;;;;;;;;;;;;;x
X;x;;;;;;;;;;;;;x
X;x;;;;;;;;;;;;;x
X;x;;;;;;;;;;;;;x
X;x;;;;;;;;;;;;;x
X;x;;;;;;;;;;;;;x
X;x;;;;;;;;;;;;;x
X;x;;;;;;;;;;;;;x
X;x;;;;;;;;;;;;;x
X;x;;;;;;;;;;;;;x
X;x;;;;;;;;;;;;;x
X;x;;;;;;;;;;;;;x
X;x;;;;;;;;;;;;;x
X;x;;;;;;;;;;;;;x
X;x;;;;;;;;;;;;;x
X;x;;;;;;;;;;;;;x
X;x;;;;;;;;;;;;;x
X;x;;;;;;;;;;;;;x
X;x;;;;;;;;;;;;;x
X;x;;;;;;;;;;;;;x
X;x;;;;;;;;;;;;;x
X;x;;;;;;;;;;;;;x
X;x;;;;;;;;;;;;;x
X;x;;;;;;;;;;;;;x
X;x;;;;;;;;;;;;;x
X;x;;;;;;;;;;;;;x
X;x;;;;;;;;;;;;;x
X;x;;;;;;;;;;;;;x
X;x;;;;;;;;;;;;;x
X;x;;;;;;;;;;;;;x
X;x;;;;;;;;;;;;;x
X;x;;;;;;;;;;;;;x
X;x;;;;;;;;;;;;;x
X;x;;;;;;;;;;;;;x
X;x;;;;;;;;;;;;;x
X;x;;;;;;;;;;;;;x
X;x;;;;;;;;;;;;;x
X;x;;;;;;;;;;;;;x
X;x;;;;;;;;;;;;;x
X;x;;;;;;;;;;;;;x
X;x;;;;;;;;;;;;;x
X;x;;;;;;;;;;;;;x
X;x;;;;;;;;;;;;;x
X;x;;;;;;;;;;;;;x
X;x;;;;;;;;;;;;;x
X;x;;;;;;;;;;;;;x
X;x;;;;;;;;;;;;;x
X;x;;;;;;;;;;;;;x
X;x;;;;;;;;;;;;;x
X;x;;;;;;;;;;;;;x
X;x;;;;;;;;;;;;;x
X;x;;;;;;;;;;;;;x
X;x;;;;;;;;;;;;;x
X;x;;;;;;;;;;;;;x
X;x;;;;;;;;;;;;;x
X;x;;;;;;;;;;;;;x
X;x;;;;;;;;;;;;;x
X;x;;;;;;;;;;;;;x
X;x;;;;;;;;;;;;;x
X;x;;;;;;;;;;;;;x
X;x;;;;;;;;;;;;;x
X;x;;;;;;;;;;;;;x
X;x;;;;;;;;;;;;;x
X;x;;;;;;;;;;;;;x
X;x;;;;;;;;;;;;;x
X;x;;;;;;;;;;;;;x
X;x;;;;;;;;;;;;;x
X;x;;;;;;;;;;;;;x
X;x;;;;;;;;;;;;;x
X;x;;;;;;;;;;;;;x
X;x;;;;;;;;;;;;;x
X;x;;;;;;;;;;;;;x
X;x;;;;;;;;;;;;;x
X;x;;;;;;;;;;;;;x
X;x;;;;;;;;;;;;;x
X;x;;;;;;;;;;;;;x
X;x;;;;;;;;;;;;;x
X;x;;;;;;;;;;;;;x
X;x;;;;;;;;;;;;;x
X;x;;;;;;;;;;;;;x
X;x;;;;;;;;;;;;;x
X;x;;;;;;;;;;;;;x
X;x;;;;;;;;;;;;;x
X;x;;;;;;;;;;;;;x
X;x;;;;;;;;;;;;;x
X;x;;;;;;;;;;;;;x
X;x;;;;;;;;;;;;;x
X;x;;;;;;;;;;;;;x
X;x;;;;;;;;;;;;;x
X;x;;;;;;;;;;;;;x
X;x;;;;;;;;;;;;;x
X;x;;;;;;;;;;;;;x
X;x;;;;;;;;;;;;;x
X;x;;;;;;;;;;;;;x
X;x;;;;;;;;;;;;;x
X;x;;;;;;;;;;;;;x
X;x;;;;;;;;;;;;;x
X;x;;;;;;;;;;;;;x
X;x;;;;;;;;;;;;;x
X;x;;;;;;;;;;;;;x
X;x;;;;;;;;;;;;;x
X;x;;;;;;;;;;;;;x
X;x;;;;;;;;;;;;;x
X;x;;;;;;;;;;;;;x
X;x;;;;;;;;;;;;;x
X;x;;;;;;;;;;;;;x
X;x;;;;;;;;;;;;;x
X;x;;;;;;;;;;;;;x
X;x;;;;;;;;;;;;;x
X;x;;;;;;;;;;;;;x
X;x;;;;;;;;;;;;;x
X;x;;;;;;;;;;;;;x
X;x;;;;;;;;;;;;;x
X;x;;;;;;;;;;;;;x
X;x;;;;;;;;;;;;;x
X;x;;;;;;;;;;;;;x
X;x;;;;;;;;;;;;;x
X;x;;;;;;;;;;;;;x
X;x;;;;;;;;;;;;;x
X;x;;;;;;;;;;;;;x
X;x;;;;;;;;;;;;;x
X;x;;;;;;;;;;;;;x
X;x;;;;;;;;;;;;;x
X;x;;;;;;;;;;;;;x
X;x;;;;;;;;;;;;;x
X;x;;;;;;;;;;;;;x
X;x;;;;;;;;;;;;;x
X;x;;;;;;;;;;;;;x
X;x;;;;;;;;;;;;;x
X;x;;;;;;;;;;;;;x
X;x;;;;;;;;;;;;;x
X;x;;;;;;;;;;;;;x
X;x;;;;;;;;;;;;;x
X;x;;;;;;;;;;;;;x
X;x;;;;;;;;;;;;;x
X;x;;;;;;;;;;;;;x
X;x;;;;;;;;;;;;;x
X;x;;;;;;;;;;;;;x
X;x;;;;;;;;;;;;;x
X;x;;;;;;;;;;;;;x
X;x;;;;;;;;;;;;;x
X;x;;;;;;;;;;;;;x
X;x;;;;;;;;;;;;;x
X;x;;;;;;;;;;;;;x
X;x;;;;;;;;;;;;;x
X;x;;;;;;;;;;;;;x
X;x;;;;;;;;;;;;;x
X;x;;;;;;;;;;;;;x
X;x;;;;;;;;;;;;;x
X;x;;;;;;;;;;;;;x
X;x;;;;;;;;;;;;;x
X;x;;;;;;;;;;;;;x
X;x;;;;;;;;;;;;;x
X;x;;;;;;;;;;;;;x
X;x;;;;;;;;;;;;;x
X;x;;;;;;;;;;;;;x
X;x;;;;;;;;;;;;;x
X;x;;;;;;;;;;;;;x
X;x;;;;;;;;;;;;;x
X;x;;;;;;;;;;;;;x
X;x;;;;;;;;;;;;;x
X;x;;;;;;;;;;;;;x
X;x;;;;;;;;;;;;;x
X;x;;;;;;;;;;;;;x
X;x;;;;;;;;;;;;;x
X;x;;;;;;;;;;;;;x
X;x;;;;;;;;;;;;;x
X;x;;;;;;;;;;;;;x
X;x;;;;;;;;;;;;;x
X;x;;;;;;;;;;;;;x
X;x;;;;;;;;;;;;;x
X;x;;;;;;;;;;;;;x
X;x;;;;;;;;;;;;;x
X;x;;;;;;;;;;;;;x
X;x;;;;;;;;;;;;;x
X;x;;;;;;;;;;;;;x
X;x;;;;;;;;;;;;;x
X;x;;;;;;;;;;;;;x
X;x;;;;;;;;;;;;;x
X;x;;;;;;;;;;;;;x
X;x;;;;;;;;;;;;;x
X;x;;;;;;;;;;;;;x
X;x;;;;;;;;;;;;;x
X;x;;;;;;;;;;;;;x
X;x;;;;;;;;;;;;;x
X;x;;;;;;;;;;;;;x
X;x;;;;;;;;;;;;;x
X;x;;;;;;;;;;;;;x
X;x;;;;;;;;;;;;;x
X;x;;;;;;;;;;;;;x
X;x;;;;;;;;;;;;;x
X;x;;;;;;;;;;;;;x
X;x;;;;;;;;;;;;;x
X;x;;;;;;;;;;;;;x
X;x;;;;;;;;;;;;;x
X;x;;;;;;;;;;;;;x
X;x;;;;;;;;;;;;;x
X;x;;;;;;;;;;;;;x
X;x;;;;;;;;;;;;;x
X;x;;;;;;;;;;;;;x
X;x;;;;;;;;;;;;;x
X;x;;;;;;;;;;;;;x
X;x;;;;;;;;;;;;;x
X;x;;;;;;;;;;;;;x
X;x;;;;;;;;;;;;;x
X;x;;;;;;;;;;;;;x
X;x;;;;;;;;;;;;;x
X;x;;;;;;;;;;;;;x
X;x;;;;;;;;;;;;;x
X;x;;;;;;;;;;;;;x
X;x;;;;;;;;;;;;;x
X;x;;;;;;;;;;;;;x
X;x;;;;;;;;;;;;;x
X;x;;;;;;;;;;;;;x
X;x;;;;;;;;;;;;;x
X;x;;;;;;;;;;;;;x
X;x;;;;;;;;;;;;;x
X;x;;;;;;;;;;;;;x
X;x;;;;;;;;;;;;;x
X;x;;;;;;;;;;;;;x
X;x;;;;;;;;;;;;;x
X;x;;;;;;;;;;;;;x
X;x;;;;;;;;;;;;;x
X;x;;;;;;;;;;;;;x
X;x;;;;;;;;;;;;;x
X;x;;;;;;;;;;;;;x
X;x;;;;;;;;;;;;;x
X;x;;;;;;;;;;;;;x
X;x;;;;;;;;;;;;;x
X;x;;;;;;;;;;;;;x
X;x;;;;;;;;;;;;;x
X;x;;;;;;;;;;;;;x
X;x;;;;;;;;;;;;;x
X;x;;;;;;;;;;;;;x