Key;English;French;German;Polish;Spanish;Italian;Swedish;Czech;Hungarian;Dutch;Portuguese;Russian;Finnish;
EVTNAME50419;The J'ur Temple Debate;;;;;;;;;;;;;x
EVTDESC50419;The native faith of the local Asyum people is reflexively that of the Jur cosmological scriptures and the many fables and texts about their various Gods. With their closed and secretive temples, crypts, and schools, it is difficult to know exactly what Gods are being worshiped by the J'ur. The Wapkam company has issued several regulations to restrict the worship of the J'ur faithful, as it is an offense to the Imperial Godhood. Yet they retain their old temple precincts, which have again surfaced as a topic of debate in the Congress of Estates. Apparently, a watchman attempted to force his entry into a J'ur temple on the grounds of various anti-cult laws. The J'ur faithful attempted to appeal to a company court, claiming they are not a cult, like the barbarous jungle faiths, or the blasphemous Vewugists, and in fact claimed they recognise the Pudwou as equivalent with one of their old gods. Not all J'ur honour the Pudwou, however, and the Congress is debating revised regulations on J'ur worship.;;;;;;;;;;;;;x
EVTNAME50420;$FROMCOUNTRY$ Rejects Overlordship!;;;;;;;;;;;;;x
EVTDESC50420;Our recent efforts to meddle in $FROMCOUNTRY$'s government have ended in disaster. Rather than accepting the changes we imposed upon them, they have raised their flag in rebellion, and broken the seal of our government!;;;;;;;;;;;;;x
EVTNAME50421;The Asyum Question Debate;;;;;;;;;;;;;x
EVTDESC50421;Some time ago our government extended special privileges to the J'ur worshipers. Recently, a debate has emerged in the Congress of Estates about the status of the Asyum in general in society. As many years have passed, the Asyum J'ur have become, as it were, a second society to the Wapkam company, who have their allotted privileges within our state, and enjoy protection and security vis-a-vis the hoards of migrants that arrive daily at our shores. Certain factions in the Congress of Estates wish to extend representation of the Asyum temples in the Estates, to secure their loyalty to us, while others advocate for a strengthening of hereditary rights and privileges of the temples, and fashioning them into a subordinate guild hierarchy to ours. Still more members of the Estates reject outright these proposals, thinking that such innovations will be the end of Wapkami Society as we know it.;;;;;;;;;;;;;x
EVTNAME50422;Wapkam Extends Protection to Pagan Temples!;;;;;;;;;;;;;x
EVTDESC50422;Our spies and ambassadors in Wapkam have recently informed us that, recently, the Congress of Estates, the governors of the company, have passed a law, which has been approved by the President-Director, to elevate the J'ur temples to equal status to those maintained by the Imperial clergy in Wapkam! This is a horrendous insult to the Vopudwou, and tantamount to a denial of his divinity. The Congress alleges that the J'ur recognise, through their strange scriptures and many-faced Gods, the ultimate divinity of the Pudwou, and that their many strange Gods and Spirits are something akin to the divine-borrowing nobility and heroes of ancient Poumnia. This pathetic apology of their religious innovations has greatly angered the Imperial Clergy. While the Wapkam company has long been practically independent of us, the President-Director is still the titular viceroy of the Pudwou in the east, and this would be, at least, an embarrassment for us. ;;;;;;;;;;;;;x
EVTNAME50423;Imperial Clergy Declares Intention to Restore Orthodoxy;;;;;;;;;;;;;x
EVTDESC50423;Our recent choice to extend religious privileges to the J'ur of Wapkam, it seems, has greatly displeased the Imperial government in Poumnia! They are accusing the Wapkam company of apostasy, and have, it seems, declared an intention to restore "correct doctrines and divine honours in the ancestral customs" by force of military arms! The President-Director has declared that he is now the official head to the Wapkami state, and the Estates have convened to attempt to organise a military resistance.;;;;;;;;;;;;;x
pruuntish_submission;Crush Apostasy;;;;;;;;;;;;;x
pruuntish_submission_short;Crush Apostasy in $RECIPIENT$;;;;;;;;;;;;;x
pruuntish_submission_setup;Poumnia is attempting to puppet, sphere and restore Wompowushan as the sole state religion in $RECIPIENT$.;;;;;;;;;;;;;x
pruuntish_submission_desc;Poumnia is attempting to puppet, sphere and restore Wompowushan as the sole state religion in $RECIPIENT$ for challening the divinity of the Poumnian Emperor;;;;;;;;;;;;;x
NORMAL_WAR_NAME_POUMNIAN_APOSTASY;$ORDER$ War of $SECOND$ Apostasy;;;;;;;;;;;;;
AGRESSION_WAR_NAME_POUMNIAN_APOSTASY;$ORDER$ War of $SECOND$ Apostasy;;;;;;;;;;;;;
integration_of_strangers_act;Integration of Strangers Act;;;;;;;;;;;;;
intergreation_pathway_begun;Integration Pathway Begun;;;;;;;;;;;;;
guest_workers_act;Enacted Metic Laws;;;;;;;;;;;;;
ennected_guest_workers;Enacted Metic Laws;;;;;;;;;;;;;
protected_lands;Protected Lands;;;;;;;;;;;;;
guest_workers;The Metic Act;;;;;;;;;;;;;
new_overlordship;New Overlordship;;;;;;;;;;;;;
new_overlordship_desc;This country has only recently been subjugated, and is taking some time to get used to their new overlords.;;;;;;;;;;;;;
foriegn_rule;Foreign Rule;;;;;;;;;;;;;
foriegn_rule_desc;The elites and the government in this country is largely in the hands of citizens of their foriegn overlord.;;;;;;;;;;;;;
EVTNAME50414;Chaos in Poumnia!;;;;;;;;;;;;;x
EVTDESC50414;It appears the ancient might of the Pudwou has fallen. We are receiving reports that beyond the sea, rebel mobs have sacked Prousorum and deposed the very world soul in a traumatic and tumultuous rebellion. Politically, this changes very little for Wapkam. We have long been practically independent, but it certainly will challenge the reflexive faith of our people. What we have noticed, however, is a number of members of the old government have requested asylum in 'His Majesty's Extramarine Viceroyalty of Bafozh' as they continue to refer to us. The government must decide whether it is worth risking the ire of Poumnia to offer asylum for these old nobles.;;;;;;;;;;;;;x
EVTNAME50415;Extension of the Protected Lands?;;;;;;;;;;;;;x
EVTDESC50415;The recent efforts by the state to restrict foreign immigration and smooth the path of the integration of strangers has led to a particularly interesting debate in the congress of estates in the great fortress of the directory in Aincha. An increasingly xenophobic tendency has made itself manifest - the 'protectionist' party has come to argue that any invitation of foreigners into the old Wapkami territories and guilds is foolish and hopeless endeavour - indeed, the city of Aincha and its environs were closed to even provincial Wapkami Company members in the early thirteenth century. But, not naively, they suggest that new lands should be opened up for exploitation, in the jungles and in the northern plains, to accommodate new migrants who seek to submit to the Wapkam company, and then only after this should the old guilds and settlements should be totally protected, exclusive to Rashuum usage. ;;;;;;;;;;;;;x
EVTNAME50416;Gold Vein Struck!;;;;;;;;;;;;;x
EVTDESC50416;Gold is a precious commodity, and it is incredibly rare. In fact, the total amount of gold dug up before the fourteenth century would scarcely fill up four large rooms. Nonetheless, it plays an important role in both the international currency market, and the commodity trade in many societies. Thus, it was of great interest to the treasury that it appears credible that a large gold vein has been discovered in $PROVINCE$ by prospectors. There is already a great hubbub in $CAPITAL$, with many declaring that they intend to pack their bags, travel the great distance to $PROVINCE$ and get rich. Doubtless, for many, this is not likely to happen, but the discovery bodes well for our state.;;;;;;;;;;;;;x
EVTNAME50417;Gold Vein Depleted;;;;;;;;;;;;;x
EVTDESC50417;Some years ago, a great vein of gold was found in $PROVINCE$. $PROVINCE$ itself has become a byword for sudden and fantastical wealth, and many fortunes were both made and lost in prospecting and mining in $PROVINCE$. In recent years, however, it seems as if this fabled land of rivers of gold is becoming one of streams, and now droplets. The great gold mines of $PROVINCE$ are running dry. The eager prospectors are now packing up their bags, and mounting their swine to head to the next awaited great bonanza, and those who remain are left to try to scrounge up a little life in the undeveloped wastes.;;;;;;;;;;;;;x
EVTNAME246246;From Bad to Worse...;;;;;;;;;;;;;x
EVTDESC246246;In our currently politically vulnerable situation, it seems we have been given a premonition for further negative developments. One of our neighbours has recently elected to withdraw its ambassadorial staff, and shutter its consulates. This, it is felt, could mean only one thing: war. We must brace for this challenge!;;;;;;;;;;;;;x
EVTNAME123123;AI AGRESSOR EVENT;;;;;;;;;;;;;x
EVTNAME50418;Protection Implemented;;;;;;;;;;;;;x
EVTDEC50418;Following our successful seizure of territories further into the Juruntine, the director-general has issued an order for the closure of the old settlements and territories. For most estates this means very little actual change in policy beyond a few more rejections of admission or transfer requests, though watchmen at sensitive points like exchanges, border posts, public granaries, mess halls, and factories are increasingly encouraged to check internal passports of labourers.;;;;;;;;;;;;;x
EVTNAME50420;$FROMCOUNTRY$ Rejects Overlordship!;;;;;;;;;;;;;x
EVTDEC50420;Our recent efforts to meddle in $FROMCOUNTRY$'s government have ended in disaster. Rather than accepting the changes we imposed upon them, they have raised their flag in rebellion, and broken the seal of our government!;;;;;;;;;;;;;x
integration_of_strangers_act_title;Pass Integration of Strangers Act;;;;;;;;;;;;;x
integration_of_strangers_act_desc;The increasing influx of strangers to our land threatens to overthrow the delicate composition of Wapkami society... or so the argument goes. It is true that Wapkami society is a highly stratified one, with a highly corporate identity. An Poumnian settler society set amongst the sullen, silent faces of the Asyum natives, with their closed J'ur temples and connections with the dense jungle villages, we have had to become closed in, and secretive. We have had to be severe in our governance, too, to guard against internal threats to our order. For the Poumnian serf, transplanted from the grain paddies of the Poudwouvas, was wont to become wild, and contumacious when set in the vast sparsely settled coasts of the Juruntine. Thus, each settlement, from the lowest 'Dro', or planation, to the great 'Ouswun's (forts) of Aincha keeps its own guild (kuukriw) structure, with a delicate path for succession, progression, and the exclusion of strangers, all as part of the harmonious structure of the Wapkam company. However, a lack of care at the arrival of immigrants, nominally responsible to the 'Mroumou Sharotib Shadravamn' (Work Authority of Strangers), has led to their establishment of basically free and autonomous communities within Wapkami society. There are many cries for more distinct efforts to subjugate immigrants to a more strict integration into Wapkami society.;;;;;;;;;;;;;x
repeal_strangers_act_title;Repeal Restrictions on Xenotic Immigration;;;;;;;;;;;;;x
repeal_strangers_act_desc;The stringent effort to restrict unfettered immigration of foreigners into Wapkam is, ultimately, a hindrance to our strength. Able bodies to work the fields, to die in wars, and to cut and haul lumber are more important than any social and administrative harmony to be gained by restricting immigration. ;;;;;;;;;;;;;x
guest_worker_act_title;Insitute Metical Restrictions;;;;;;;;;;;;;x
guest_worker_act_desc;The extreme xenophobic wing of Wapkami society has long argued for the constitutional enshrinement of metical restrictions. The establishment of a strict 'metic' (in the Poumnian - 'Pkoau') class, unable to ever achieve any citizenship or member of any guild, or access certain supports or privileges, and whom are in fact typically shunted into servile or banausic work, would appease many nativist sentiments, and indeed would probably make life easier for even the lowest of the members of the company, but it is bound to create suboptimal conditions for labor allocation, and make our state less attractive to migrants.;;;;;;;;;;;;;x
repeal_guests_act_title;Abolish the Status of Metic;;;;;;;;;;;;;x
repeal_guests_act_desc;The metical restrictions to our society are, overall, a burden, and it is time to repeal them. Those of merit and good birth should eventually be able to rise to higher ranks of our society, even if they were born abroad.;;;;;;;;;;;;;x
post_napoleonic_thought;Gozomedic Army Thought;;;;;;;;;;;;;x
post_napoleonic_thought_desc;Gozomedic Army Thought;;;;;;;;;;;;;x
post_napoleonic_army_doctrine;Gozomedic Army Doctrine;;;;;;;;;;;;;x
post_napoleonic_army_doctrine_desc;The dynamic Greatlord of the eastern domains, Gozomedes Midodazh, at the outset of his reign, marshaled massive forces to begin an invasion of the rebellious and fractured imperial provinces. His army laws disrupted the traditional dynamic of noble officers leading the sons of their serfs into battle, and created some of the first true massive armies. The scale of tactics prompted a pivot to wars of dynamic movement, and grand battles, as well as logistical and officerial innovations as the military staff gained increasing flexibility and responsibility. His vastly effective armies, as demonstrated most spectacularly in the battle of Adnozhkt, against the combined forces of the southern alliance, demanded the large adoption of Gozomedic tactics and scales of arms by most of the foremost early states of Ishafazh in the early parts of the fourteenth century.;;;;;;;;;;;;;x
field_fortifications;Field Fortifications;;;;;;;;;;;;;x
field_fortifications_desc;In the years following increasingly dynamic and grand battles, there were redoubled efforts to innovate in the area of fortifications and syngerise them with the dramatic mobile warfare of the early fourteenth century. Innovations accumulated in carefully positioned fortresses as well as trenching, embankments, and sappers embedded in units to provide shelter for mobile artillery positions.;;;;;;;;;;;;;x
railroad_transport_groups;Railroad Transport Corps;;;;;;;;;;;;;x
railroad_transport_groups_desc; The advent of the railroad and especially its proliferation in the fractious territories in the Great Nâg encouraged the increased integration of civilian, military, and private railway organization in pursuit of military aims. Civilian and private entities worked closely with military authorities to ensure enough rolling stock for hasty mobilization, and timetables were communicated with the general staff; train conductors were either part of the soldiery or trained for mobilization patterns; and finally special transport corps were organized for embarking and disembarking on and from trains.;;;;;;;;;;;;;x
tank_experiments;Two-Legger Experiments;;;;;;;;;;;;;x
tank_experiments_desc;The "Two Legger" was a late fourteenth century landship pioneered in the substantial war between the Great Nâg and Poumnia. Consisting functionally of an combustion engine axel system that turns two massive front metal wheels supported by smaller auxiliary wheels at the back and a sheet metal skeleton, it features a back engine brig, a front gunnery hold to preserve a mounted artillery piece or machine gun, and a tall front cabin tower with a barred window for shooting and steering. The first and earliest two leggers saw service trundling across the shelled-out landscape of the frontlines in Dhuknâg. Its narrow tall structure with massive wheels made it easy to steer, and less liable to get stuck in muddy terrain, and even ford through small swamps, but it was liable to tip if hit directly by shells.;;;;;;;;;;;;;x
tank_exploits;Two Legger Doctrines;;;;;;;;;;;;;x
tank_exploits_desc;The early two legger deployments were usually clumsy or ill conceived. Two Leggers were hit by shells and toppled, their drivers were shot dead by daring soldiers who ran right up to them, or they simply stalled out from engine failure, rough terrain, or another mechanical issue. However, in the Nozo-Piikland battle of 1383, a trio of two leggers made a decisive difference in the fighting. Supported by infantry crews, a two legger charge with substantial firepower unleashed shattered Poumnian lines and drove the Poumnian position into a rout, eventually allowing the Jiishanâgi forces to push the Poumnians back to the Piik river. From this point on, a number of doctrinal observances became associated with two legger combat: infantry support, and charge/ram maneuvers, primarily as a means for breaking tough positions. They began to feature spiked ramming pieces or grates towards the front of their chassis for annihilating those in their way. The two legger also became a curious tool for the gendarmeries, its fearsome image and armored shell protected the officers and soldiers from restive citizenry, and it was used as a mobile base of operations for regional occupation.;;;;;;;;;;;;;x
tankette;Tracked Legs;;;;;;;;;;;;;x
tankette_desc;The earlier two leggers featured primarily large, broad, metal wheels, which made for great agility in flat spaces, and long term reliability, requiring less maintenance, but also limited the size of the landship by weight, forcing engineers to install smaller artillery pieces and machine guns. However, the use of tracking for specialized mobile heavy artillery installations made for the possibility of designing two leggers with far greater firepower and armor. Treading also made them more resilient to irregular terrain in mountains and hilly settings. The first combat ready tracked Two Legger, "Baztakoi", Namanak Dodazh's "mobile fortress", was deployed late in the Nâgi-Poumnian war in 1386, and saw combat as a fortress buster in the scree ridden muddy hills of Pouromum.;;;;;;;;;;;;;x
light_tank;Heavy Leggers;;;;;;;;;;;;;x
light_tank_desc; The substantial increase in tonnage allowed by tracks allowed for not only a substantial increase in size and firepower in the design of traditional two leggers, but allowed for a substantial revision in design. The traditional steering cabin tower was moved to the center, but the engine brig was also expanded to include a crew quarters for carrying infantry, and the frontal artillery installations were expanded and improved. The "mobile fortress" of the later Nâgi-Poumian war was a fearsome installation on a strategic position in a battlefield, which came to be a central fixture of late fourteenth century and early fifteenth century warfare.;;;;;;;;;;;;;x
armored_cars;Two Legger Support Crews;;;;;;;;;;;;;x
armored_cars_desc;With the invention of larger and treaded two leggers, the heavy wear and tear on the treads, and more intensive engine usage made them less reliable, and oftentimes they would be towed by tractor to battle sites, rather than consistently driven across long distances, and supported by active infantry crews trained to fight alongside two leggers. The presence of regular support crews for larger two leggers led to their gradual adoption by the smaller two legger crews as well, in a limited way. Integration within infantry units trained to right two leggers helped deal with stability, and a ledge for sappers to rest on at the back of the two legger allowed for quick mobilization of duckboards and digging of gullies to traverse vastly irregular terrain in non-combat settings.;;;;;;;;;;;;;x
late_enlightenment_philosophy;Practical Realism and Subjectivism;;;;;;;;;;;;;x
late_enlightenment_philosophy_desc;Practical Realism and Subjectivism;;;;;;;;;;;;;x
idealism;Functionalism;;;;;;;;;;;;;x
idealism_desc;Functionalism;;;;;;;;;;;;;x
neokantian_idealism;Ashkazhine Functionalism;;;;;;;;;;;;;x
neokantian_idealism_desc;It is undoubtedly clear, declared Opau Ashkazh, in The Functional Account of Being (1302), a foundational text of the mechanist Ashkazhine epistemology and ontology, is that things exist because they do things, and what they do is the totality of their being. They are mere "machines" working on other machines. One cannot conceive of even the impression of an object save for the capacity of the object to act upon the mind. In such a way, the mind, the body, and all "things", the "thing" label now extended also to processes, words, and ideas, for these similarly have affective capacity, are merely acting and receiving machines, both affective and pathetic. This broadly synthetic and systematizing work would be followed by substantial revisions and elaborations by Ashkazh's students and Ashkazh himself, and would dominate the intellectual climate of Ishahfazh in the first half of the fourteenth century.;;;;;;;;;;;;;x
hegelian_idealism;Pragmatics and Linguistics;;;;;;;;;;;;;x
hegelian_idealism_desc;The posit of words as processes by which a subject acts, not as signifiers, gradually revolutionized the study of language. Drawing on the work of Ashkazhine functionalism and the parts of it devoted to philosophical and linguistic discourse, Ishagiza Bohdma in The Empirical Study of Word Usage and Translation (1320), gives a broad theoretical and ontological account of the functions of words and their systematic orderings as functional modes of speech, incorporating older notions of the grammarians such as the indicative and the imperative.;;;;;;;;;;;;;x
proto_existentialism;Ultranominalism;;;;;;;;;;;;;x
proto_existentialism_desc; The advent of a linguistic paradigm that fully excluded any commitments to suppository or significatory features came to resurrect an old debate in metaphysics. Practically, argues, Rukroum Betz-Ohrun, in The Wallaby's* Tail (1315), an asemantic language fails to commit us to, not just categories or universals, but even particulars. A divergence from Ashkazhine functionalism, who believes we can talk of the machines that work, Betz-Ohrun and his school, drawing on a already restrictive epistemological system, came to believe that while words can be used to cause other to believe in entities, they do not actually speak of classes or entities or indicate classes or entities. *Meaning a large rodential creature found in Pruuntia.;;;;;;;;;;;;;x
malthusian_thought;Pazzak's Quanta;;;;;;;;;;;;;x
malthusian_thought_desc;Pazzak's Quanta;;;;;;;;;;;;;x
positivism;Mnemosynianism;;;;;;;;;;;;;x
positivism_desc;Mnemosynianism;;;;;;;;;;;;;x
functionalism;Conceptual Analysis;;;;;;;;;;;;;x
functionalism_desc;Conceptual Analysis;;;;;;;;;;;;;x
biologism;Machinism;;;;;;;;;;;;;x
biologism_desc;Machinism;;;;;;;;;;;;;x
enlightenment_thought;Anti-Magisterialism;;;;;;;;;;;;;x
enlightenment_thought_desc;Anti-Magisterialism;;;;;;;;;;;;;x
paternalism;Paternalism;;;;;;;;;;;;;x
paternalism_desc;Paternalistic attitudes have historically been popular in various parts of Ishafazhi society; patronage, lordship, bonds of social clientage, wala, etc. have been prevailing attitudes and implicit structural relationships that have ordered the relations between those considered social betters and social inferiors. Anti-Magisterial and Liberationist speculation broadly reinforced these ideas, either from a perspective of governmental responsibility for guaranteeing liberties, or, in a reactionary context, reaffirming the preferable relationship of lordly patronage as opposed to yeomanry and peasant freedom. ;;;;;;;;;;;;;x
constitutionalism;Rustic Naturalism;;;;;;;;;;;;;x
constitutionalism_desc;The speculation of the anti-magisterial movement led to a broad endorsement of rusticism and naturalism in political economy. Championing peasant agrarianism as "natural state of affairs" and particularist rural communitarianism as the perfect form of social organization, liberationist texts such as Dhov (Lord) Bozzamogga Nozkazh's Man and Nature and Madha Bidazh's Programme for the Shapt County Harvest popularized these political ideals. In many parts of the world the proliferation of these texts encouraged peasant militancy and regional organization, such as rural land banks, local assemblies, and a blending of the social and the political community in the countryside.;;;;;;;;;;;;;x
atheism;Congregationalism;;;;;;;;;;;;;x
atheism_desc;Liberationist and anti-magisterial speculation and political agitation broadly endorsed rural congregationalism as an ideal for the relationship between faith and social organization. Dencouning state involvement in ecclesiastical organization, political and religious activists beginning in the Gashdzii realms began to champion religious self-organization. Self-conscious religious organizations broadly had the effect of increasing social solidarity in regional communities, and reinforcing a sense of local and cultural identity.;;;;;;;;;;;;;x
egalitarianism;Fraternity;;;;;;;;;;;;;x
egalitarianism_desc;Early liberationist writing implicitly lauded a certain sort of patriarchal masculine fraternity among the yeomen class, but later liberationist writers, notably Yathoon Ifo in An Enquiry into the Origins of Nations came to construe "fraternity", understood as an exclusive, ostensibly ultimately racial and brotherly, covenant of male yeomen who would fight, farm, and pray, autonomously but voluntarily together, as constituting the only legitimate foundation of nationhood. Extended so into the political sphere, "national fraternity" came to dominate the political discourse, especially in the revolutionary and free-yoker political contexts. ;;;;;;;;;;;;;x
rationalism;The Sovereign Will;;;;;;;;;;;;;x
rationalism_desc;"The Sovereign Will" as an idealization of a resolved social covenant between voluntarily free citizens pooling their natural sovereignty endowed to them by nature, land-ownership, and strength ultimately became the rational basis for Liberationist governance. A tension in liberationist philosophy between the professed sovereignty of the individual, his (for ultimately the only political subject for the liberationist was a male) implicit relationship with the community, and the paradoxical need to construct a government to demarcate the limits of government always plagued liberationist speculation. These contradictions were ultimately resolved by Sevu Orooth in his influential synthesis Three forms of Mortal Governance, where, in the third part, he describes "the perfect [or divine - Sithevan makes no distinction] community" (Bo Yethu Anitoro), government by the sovereign will that preserves both communal liberty and individual liberty, both of which ultimately are free to then constitute a harmonized will by a self-conscious identification with its preserving faculties, the "benign circle' that is "the hand that holds itself", in Orooth's words.;;;;;;;;;;;;;x
ideological_thought;Political Dogma;;;;;;;;;;;;;x
ideological_thought_desc;Political Dogma;;;;;;;;;;;;;x
authoritarianism_desc;The liberationist outburst stimulated the vigorous and self-conscious reformation and clarification of epistemological and practical principles by conservative and reactionary thinkers. Rallying behind the capacity for violence and naked force of reactionary armies, the clerical and municipal police, and the hangman's gallows, many defenders of the old order have come to champion the state's power to control as the foundation of its right to existence and right to command the lives of subjects. In the Modhag Police Commissioners Handbook of 1311, Arch Constable (Jakozzak) Vazzamak Nazakh lays out a plethora of methods for control of the populace, including closed juries, secret informants, penal labour colonies, mock-executions, and spectacular public violence, as well as provides short and practical justifications for the "maintenance of order and the foundations of the laws".;;;;;;;;;;;;;x
hierarchical_order;Romantic Servitude and Social Corporatism;;;;;;;;;;;;;x
hierarchical_order_desc;The context into which industrial society sprung was not an early modern context with a feeble public sphere, but a basically premodern cognitive context. The reactionary psychology was deeply rooted in ideas of personal servitude to a local master, whether the district governor of a Poumnian Inu (Imperial Province), the local Dhov (Lord) in the feudatories of Gashdiik, or the rootsman of the northern Tehurites. In a context of increasing literacy and political debate, in the 1310s and onward one sees a proliferation of public and private texts glorifying the romantic nation of service to another or the (exclusive) community; the bond between lord and master, comradeship in armies, and thrilling sublimity of adapting one's being entirely to the faithful service of a greater power. The gubernatorial oath of the Gozonazhk polity composed in about 1313 is a prime example of the adaption of romantic service to new context. Pledging strict loyalty, body and soul, the candidate is expected to prosecute his duties as governor of cities and provinces, "were he but a limb of the powers that be, the crown, estates, and parliament".;;;;;;;;;;;;;x
traditionalism;Parochialism;;;;;;;;;;;;;x
traditionalism_desc;Self conscious and dogmatized parochialism gained currency as a political ideal in the early fourteenth century. Amenable to both the needs of Liberationists and Conservatives, ideological parochialism champions the immediate and the local, the family, the village, the court, the manor, as the natural organization of society. All political life is seen as the outgrowth of family life, and this is seen best kept as a small and local affair. Drawing on a vast collection of clerical and monarchical propaganda texts throughout history, the acme of this political development came with Dosh Modo of the Guzzadt Chruch in Gaub's The Care of Souls (1315), a synthetic work on the ways to goodness and salvation, which incorporates vast amounts of discourse on the role of the state, family, community, and the prince as the "little father", proxy of the mother Guzzadt, in a reality rife with religious order and significance.;;;;;;;;;;;;;x
political_religion;The Divine Community;;;;;;;;;;;;;x
political_religion_desc;The success of the Liberationist experiment in Sublime Veyethu after the revolution of 1297 planted a particular Vugiorian brand on Liberationist and Free Yoker discourse. Originally, of course, the Liberationist thought was an outgrowth of social-magisterialism, and the emphasis on freedom of congregational organization remained a cornerstone of Liberationist philosophy, but the Veyethian state took the extreme position of covering much of its political decisions with appeals to "natural theology", "the numinal will", and "the sacrosanct order". Even in non-vewugist contexts, Liberationist demands became intimately involved in, and made with appeal to, religious discourse and concepts.;;;;;;;;;;;;;x
individualism;Antietiologism;;;;;;;;;;;;;x
individualism_desc;A strange and short-lived doctrinal flourishing the Vokonazhi domains, Antietiologism was a fascination of the reclusive and esoteric literary intelligentsia. It emphasizes not the free will of all individuals, but specifically champions the senselessness of notions of cause, motion, behavior, and suggests that all action is both uncaused, and unwilled. Demanding a shift to the "psychology of the steppe", this being a period of fascination with the Hyundaatv of northern Bafozh, it attacks both the liberationist movement and conservatism positing an absence of meaning to both of their structures. Practically, it would encourage greater political disobedience and unorthodox thought in the academy. Its foundational text was Ishahmedes Doshkazhk's Will, Anti-Will, and Unwill (1322), a concise discourse on the concept of willing, and its ramifications in ethics, politics, and aesthetics. The reverberations of Antietiologism would be subtle but persistent, narrowly affecting political discourse, but spawning a degree of aesthetic and literary responses.;;;;;;;;;;;;;x
secularization;Secularization;;;;;;;;;;;;;x
secularization_desc;The advent of modern economic structures, increasing literacy, and the unorthodox liberationist employment of religious discourse encouraged a conceptual distinction between the city of god and the city of man. Once embedded in a common social habitus in most parts of the world, a key feature of the modern mind was this conceptual distinction and the possibility of the construction of secular subjecthood. Drawing on the work of various heterodox historical commentators on the matter, social thinkers and political dogmatists, such as Shomoho Mudt and Drid Tzau-Hydom began to advocate for a secular ideal. The secular impulse would undergird the demands for Statism and the formation of the Statist ideology.;;;;;;;;;;;;;x
determinism;Political Functionalism;;;;;;;;;;;;;x
determinism_desc;Functionalist philosophy eventually found its way to the field of social and political speculation. In Shomoho Mudt's Social and Political Being (1319), Mudt declares there is nothing "given" about the state or the community save for that one of its functions is typically to perpetuate its own existence - a new, better state may be made by systems working within it, and the test of the state is merely its ability to "operate". Mudt's work would be foundational in the clarification of Statist political organization, as well as their revolutionary dogma.;;;;;;;;;;;;;x
post_nelsonian_thought;Early Modern Naval Tactics;;;;;;;;;;;;;x
post_nelsonian_thought_desc;Early Modern Naval Tactics;;;;;;;;;;;;;x
classicism_n_early_romanticism;Style Athisoisique;;;;;;;;;;;;;x
classicism_n_early_romanticism_desc;Style Athisoisique;;;;;;;;;;;;;x
bureaucracy_vs._nepotism;Plebeian Behavioral Quantimetrics;;;;;;;;;;;;;x
bureaucracy_vs._nepotism_desc;The management of large populations always presents a challenge. “How to manage something as changeable and fickle as the crowd?”, asked Pazzak the Younger, in “Criminal Behavior in Grain Dole Recipients” (1325). Employing methods from the quantified social sciences, an emerging field of behavioral response study developed largely commissioned by civil servants and those with interests in public order. Eschewing psychological explanations as “impenetrable” or “unknowable” or “metaphysically unreal” (the functionalists), the Quantimetricians of the governments of Ishahfazh pioneered a number of incentive and disciplinary methodological guidebooks to both manage, guide, or gradually deconstruct social behaviors based on empirical outcomes.;;;;;;;;;;;;;x
meritocracy_vs._aristocracy;Bureaucratic Accountability Theory;;;;;;;;;;;;;x
meritocracy_vs._aristocracy_desc;Beyond the naked capacity for force, the so-called ‘civil elements’ are a near essential feature of those social organizations called states - a parasitic growth on tributary structures that has come to be a despotic and controlling organ. The rationalization and the improvement of the methodology and structure of the civilian bureaucracy can vastly increase the efficiency and strength of the fiscal-military institution that is the state. In the mid-fourteenth century, the synchronous expansion of the civil bureaucracy and the emergence of statist-functionalist philosophy stimulated a plethora of opinions on the improvement of the civil bureaucracy. Foremost among them was Goun Sha-Gosod Sha-Man’s “Treatise on Servility” (1326), which, while, cast in the strange context of the Poumnian divine cult, and the extension of divinity through service, clearly indicates a broad awareness of the importance of the development of a civilian ethos, a pride in employment, an identification with the state, and audit structures to ensure tireless labor in the service of the state. Particularly, Sha-Gosod Sha-Man’s emphasis on record keeping accountability and bypass appeals processes speaks to emerging notions of flexible bureaucracies that can purge their own calcified sinews.;;;;;;;;;;;;;x
mission_to_civilize;Frontier Management Theory;;;;;;;;;;;;;x
mission_to_civilize_desc;The quick increase in direct administration of overseas possessions called for the development of techniques for managing foreign populations as well as flexible frontiers. Trial and error led to a gradual rationalization and formalization of methods, recorded and to be read by neophyte colonial functionaries, administrations, and officers. Summary executions, popular appeasements, maintaining segregated lands, granting of temple rights, integration with local elites, incentives to settle tribesmen, etc, all became systemic employments of the colonial governor.;;;;;;;;;;;;;x
biased_multiculturalism;Imperial Cleruchies;;;;;;;;;;;;;x
biased_multiculturalism_desc;The settlement of veterans of the imperial and metropolitan armies on the land of defeated peoples and states has always been a common practice of empires. In the imperial and colonial boom of the mid-fourteenth century, there was no exception. Veterans of all sorts, even sepoys from foreign continents, and indeed in some more populist governments, the poor and the wretched of the metropole, were often given “lots” of land, appropriated from the pre-colonial elites. Millions of hectares of land were used by these powerful landowners, who often employed local labour to build a new life in the colonies.;;;;;;;;;;;;;x
national_fraternity;Metropolitan Privilege;;;;;;;;;;;;;x
national_fraternity_desc;To belong to the imperial citizenship, especially in the colonies, is and was an object of cultural prestige, a certain status which is felt in all walks of life, positively, in the sense of opportunity, and negatively, in the sense of suffering avoided. Jobs, legal privileges, social privileges, and, for those more wretched, at least some sense of prestige and esteem. The social representation of belonging to the ruling cultural class of an empire often served to create a sense of social cohesion and encourage political pacificity, making the populace more tolerant of the actual burdens of empire, but in some degree expecting a return from it.;;;;;;;;;;;;;x
nationalism_n_imperialism;Imperialism and Particularism;;;;;;;;;;;;;x
nationalism_n_imperialism_desc;Imperialism and Particularism;;;;;;;;;;;;;x
manifest_destiny;Civilisational Quanta;;;;;;;;;;;;;x
manifest_destiny_desc;The encounter with underdeveloped and non-industrial peoples on a large scale, disseminated through the popular consciousness by increasing literacy and connectivity, helped drive a newfound awareness of civilisational differences, and sometimes, extreme cultural chauvinism. In “Report on three Urns from the Ouhrond, or, the Antiquities of Kovazh” (1338), the antiquarian and historian Ishamenes Moai classes the Auchobharr of the great Ourhond as a secondary-degree civilisation, in his developmental scheme, which he describes as “stultified and passive”. A sense of pervasive bigotry slowly emerged as a sense of superiority emerged in Ishahfazh, encouraging positive self-representations and loyalty to the metropolitan states claiming to represent a powerful, developed, imperial civilisation.;;;;;;;;;;;;;x
expansionism;Expansionism;;;;;;;;;;;;;x
expansionism_desc;The process of expansionism and the commitment to it politically came by many reasons and with many justifications. Whether justified by the natural, quasi-functional expansion of organizational consuming systems, the higher civilisational quality of the imperial civilisation, or the casual appeal to force and might, in any case many people of Ishahfazh came to believe that military and territorial expansion was a natural and justified, legitimate process of states. The expansionist tendency, the promise of new land and new opportunities, served to often divert thoughts of social and political concern in the metropole.;;;;;;;;;;;;;x
separatism;Particularism;;;;;;;;;;;;;x
separatism_desc;The engagement with imperial thinking and imperial justifications prompted the periphery and the downtrodden, as well as the advantageous regionalist, to formulate an intellectual programme of active particularism. Resisting all forms of metropolitan domination, even in historically cosmopolitan imperial states, self-conscious particularism became a force to be reckoned with in the later half of the fourteenth century. The much glorified Dehuogi Haijduks, the bandit heroes half in the service of most noble house Budobaman, or the ferocious anti-imperialism of the Wushauw of the southern forests serve as prime examples of the will to resist centralisation and imperialism.;;;;;;;;;;;;;x
prophylaxis_against_malaria;Prophylaxis Against Boreal Flux;;;;;;;;;;;;;x
prophylaxis_against_malaria_desc;Boreal Flux, the strange illness that afflicts the northern realms, has long been a scourge to those unfamiliar with it. Spewing ghastly amounts of blood, causing hair loss, the body inflamed in rash and caked with necrotic skin, patients usually die a quick death. The discovery of the extremophile bacteria that cause this illness in the glacial streams of the northern lands in 1314 by Professor Huttag Gôhâgannud and his plan of inoculation for the Rannutan settlers in Paukzhodo allowed for the far safer settlement of these regions, as well as made military action in these regions easier.;;;;;;;;;;;;;x 
anti__rationalism;Neo-Shamushic Kabbala;;;;;;;;;;;;;x
anti__rationalism_desc;Neo-Shamushic Kabbala;;;;;;;;;;;;;x
existentialism;The Last Secret;;;;;;;;;;;;;x
existentialism_desc;I once was in Aekyum, yes. That was in the old days, the sleepy days, before the annexations. We’d come by ship, an old military packet, now in the hands of a captain who knew how to get past the lazy soldiers without needing to present papers. The sun was setting over the sea, and bathed the square, wooden spiked, sandstone tower of the teacher in a warm golden light. The fronds of the great trees swayed in the ocean breeze. We were on the edge of the old town. They said he kept an old midrash up there, and refused to see anyone, but now he was dying. I was his heir - distantly. Three flimsy old fools, wearing the flowing robes of the Shamushic cognoscenti, hissed instructions at me and shuffled me into the musty old fortress. There he lay, the windows boarded up, in stifling heat and stale air, the filthy room lit by a solitary candle. The old men left. He beckoned me to come towards the bed, weakly, but with a brittle insistence. There he discoursed on all matters of land and sea: he spoke of the Tuum-aeyl of old, he spoke of the world to come and the world gone by, he told of the teachings of Rod in his tower, the truth of extensions and passions, the mystery of the open mouth, the reason the serpent has no legs, and then he imparted to me the final secret, the last and only truth, the life work of the great mystic diviner Oton Betz-Oromon. I cannot tell you, but I will show you…;;;;;;;;;;;;;x
empiricism;Naturalism;;;;;;;;;;;;;x
empiricism_desc;Naturalism;;;;;;;;;;;;;x
i_empiricism;Naturalism;;;;;;;;;;;;;x
i_empiricism_desc;The functionalist impulse was vociferously responded to by the Naturalist school. Championing above all a posteriori reasoning, coherentist epistemology, and linguistic analysis ‘from the given’, it accepts both the semantic and pragmatic elements of language. It rejects the modus metaphysicis of the functionalists, suggesting that the functional analysis was ungrounded. In the “The Three Errors of the Sage of Gashdzoun” (1345) by Mruub Sha-Shum, the remarkable, sly and joyous “little thinker” of Prousorum, provides an elegant refutation of Azhkazine functionalism, and expounds, wittily, his system of Naturalist thought. Naturalism, while it enjoyed a brief intellectual vogue in the circles of Nozho and Pashdzii, was never embraced by its homeland of Poumnia, who’s religious traditionalism it was decidedly out of step with.;;;;;;;;;;;;;x
pragmatism;Naturalist Philosophy of Language;;;;;;;;;;;;;x
pragmatism_desc;The clarification, and indeed sanction of, semantic theories in the naturalist system, paved the way for a system of semantic thought. Naturalist semantics took meanings as a given, and strove to clarify the relation between them and words. The most successful naturalist philosophy of language came from the enigmatic Ungoun Zaum-Morot of the Towuzhians. In The Unspoken Word, in particularly dense language and technical vocabulary, Zaum-Morot describes the immanent nature of meanings, and the subsistence of meaningfulness, particularly meaningful entities, as a consequence of the apparentness of communication. Zaum-Morot finds the ‘meaning’ token as a nexus of instantiation in the minds of the individuals speaking, and meanings to be the essential universals of presentation and information.;;;;;;;;;;;;;x
nihilism_and_the_will;Temporal Kyklocracy;;;;;;;;;;;;;x
nihilism_and_the_will_desc;How does the world change? It doesn’t, said Uni Taujat, of the holy order of fighting monks in Unia: for it is ruled by Circles. For at least a millennium, the Monks of Unia have been driven mad by circles, though they’d tell you they’ve known the truth about circles since time began, which, according to them is never, so, they tell you, they’ve always known the secret of circles, because clearly they do now. Such mystic discourses were popularised in the publicist and anthropologist Izamobba Zevvoba’s The Shocking Testimonies of the Monks of Uni (1378), of which the primarily theme is the rules of Circles upon fate, upon time, and upon the lives of all. The vogue of pinning political developments and personal strife down to ‘temporal kyklocracy’, the rule of 'circles in time', became quite popular in southern Ishahfazh in the final quarter of the 14th century, a sort of reflex of the philosophical hack or the artistic dilettante.;;;;;;;;;;;;;x
futurism;Teleology of Ways;;;;;;;;;;;;;x
futurism_desc;The Functionalists of old found being in action and doing, the curricular determining of the machine. In Forward to thyself! (1373) Jêjor Yoguthâhu, the bastard son of a governor of colonial Paukzhodo, who inherited a large estate in the Rannutan heartland, declares the priority of essence to action and discourses upon through the modern miracles of the steam turbine and the machine gun. Somewhere in the tradition of Functionalism, he revives the language of Machines, but declares that the a-priori ‘reason of being’ is not defined as action is undergone, but the means of action are only defined by the vitalistic heart of a being. For Yoguthâhu, bafflingly, the essential steam turbine willed itself into existence, as that was one of the only ways it could find itself to exist. Similarly, the subject wills itself into being from pure essence, finding its ways of being fatalistically determined by its essential character.;;;;;;;;;;;;;x
quantum_theory;Aporetic Pragmatics;;;;;;;;;;;;;x
quantum_theory_desc;What is the unintelligible utterance? Where is the unwritable proposition? Where is the private language? How does one speak of what is beyond language? Attacking all the sacred dogmas of Methodism, Vuiya bui'Tikamsho, the remarkable Bogoran exile in Pashdzii developed what he describes as aporetic pragmatics, what he declared to be, ‘the only way to rid ourselves of the trickery and snares of language’. Language, he acknowledges, as both a pragmatic and a semantic element, but this serves only to bewitch the senses. Only through acting upon the other through the conscious disentangling of the assumptions of language can we escape the tyranny of linguistic forms and communicate truth. The unutterable truths become a communicable paradigm through a broad collection of sincerely uttered falsehoods, contractions, and paradoxes. bui'Tikamsho never wrote a single book, but gave several discourses in Pashdzii to private audiences, and was briefly taken on as a lecturer in both Pashdzii and the Nozho, where his students took copious notes, during his floruit of 1381-1417. ;;;;;;;;;;;;;x
analytic_philosophy;Methodism;;;;;;;;;;;;;x
analytic_philosophy_desc;Methodism;;;;;;;;;;;;;x
i_analytic_philosophy;Methodological Circularity;;;;;;;;;;;;;x
i_analytic_philosophy_desc;The remarkable work of Taptnid Sha-Mang, the Poumnian Logician, Mathematician, and Linguist revolutionized language, mathematics, and logic by his ‘The Method’ (Gongum - 1345)  and ‘the Sign System’ (Tor Dromon - 1344). His extensive work in creating what he believed to be a self-consistent logical language that could speak of itself, and justify, itself paved the way for a rapid expansion of conceptual logics, linguistics and semiotics as a science, and even the aporetic metaphysics of Vuiya bui'Tikamsho in the end of the century. ;;;;;;;;;;;;;x
modern_logics;Modern Logics;x
modern_logics_desc;Taptnid Sha-Mang’s ‘Gongum’, or the conceptual notation, would become the foundations of mathematical logic and seminotic notation for many years to come, artfully synthesizing early notions of quantified logic and propositional logic. It would later be criticized for its failure to treat identity as primitive, as well as its tolerance of universal statements with existential import.;x
logical_positivism;Metaphysical Absolutism;;;;;;;;;;;;;x
logical_positivism_desc;Taptnid Sha-Mang’s works claimed to range over reality as a whole, and speak of everything, absolutely, transcending both functionalist nominalism and the ‘naive’ and borderline solipsistic views of the naturalists. Such a view influenced a certain grandiosity and authoritarian conservatism in thinkers immersed in Sha-Mang’s work.;;;;;;;;;;;;;x
philosophy_of_language;Philosophy of Mathematics;;;;;;;;;;;;;x
philosophy_of_language_desc;The Methodist foundations ushered in a great blooming in Mathematical Philosophy, and the first coherent investigations into problems of the mathematical infinite, the reality of mathematical entities, and issues such as the interaction problem. The ‘Prousorum Circle’ under Sha-Mang’s successors and followers established an orthodoxy grounded in a broadly logicist scheme. ;;;;;;;;;;;;;x
phenomenology_n_hermeneutic;Semiotics and Suppositorics;;;;;;;;;;;;;x
phenomenology_n_hermeneutic_desc;Semiotics and Suppositorics;;;;;;;;;;;;;x
cuirassier_activation;Swinery Raiders;;;;;;;;;;;;;x
cuirassier_activation_desc;Swinery Raiders have for centuries been a fixture of warfare in Ishahfazh. The vast plains of Gashdziik in the west and the Sithevan lands of the east encourage robust swinery as essential to warfare. The ‘raider’ unit became a recognizable soldier in the early 9th century, an armoured swinery soldier, trained in hand to hand combat, as well as shooting with light arquebus. A descendant of the aristocratic swinery of old, this unit carriest to some extent the greatest prestige, even though the actual usefulness of mounted and armed swordsmen has declined.;;;;;;;;;;;;;x
dragoon_activation;Swinery Lancers;;;;;;;;;;;;;x
dragoon_activation_desc;Swinery Lancers are the lightest and most flexible of the three ‘modern’ swinery units. Emerging as a typical unit somewhere in the 10th century, it is believed in the uplands of Vafaut after the style of the local mounted warriors who used pistols and billhooks to defend and raid, the ‘lancer’ is equipped with a long lance and light pistol-style firearms. They typically are employed to engage in close-quarters melees, and have small ‘upland’ bred Vafauti hogs as their mounts.;;;;;;;;;;;;;x
hussar_activation;Swinery Gunners;;;;;;;;;;;;;x
hussar_activation_desc;Swinery Gunners are the most flexible and standard of the ‘big three’ of the modern swinery unit. This is broadly a catch-all term for mounted soldiers armed with sabers and light carbines used in skirmishing, scouting, civilian management, and open battle. Usually mounted on East Vokonazhi chargers, their mounts tend to be fast but unwieldy and ferocious. ;;;;;;;;;;;;;x
darwinism;Biomachinics;;;;;;;;;;;;;x
darwinism_desc;The extension of the Functionalist principle to the realm of bodies and the body social spawned ostensibly one of the most profound results of the 14th century, that of the Biomachinal analysis of species. The fundamental insight is that reproduction is a functional value of successful machines, and that more successful machines reproduce more, that this becomes a new domain for competition, and thus changes accrue. The biological machine is just this; a self-replicating machine that resists disintegration. The insights of Adunnô Vôhannud, the Rannutan aristocrat and natural scientist, led him to publish the world renowned Machinic Success and The Principle of Differentiation (1343) essentially summed up the principle, where he declares ‘I must conclude that those creatures which contained those most suitable features are those ones that are passed on, and so in fact gradually speciate and define the biomachine.’.;;;;;;;;;;;;;x
mass_politics;Social Absolutism;;;;;;;;;;;;;x
mass_politics_desc;Social Absolutism;;;;;;;;;;;;;x
the_doctrine_of_fascism;Absolutist Political Theory;;;;;;;;;;;;;;x
the_doctrine_of_fascism_desc;The absolutist impulse is a radical reformulation and indeed clarification of the purpose and even very being of the state; the state should be seen as an enterprise that succeeds or fails in the preservation and expansion of its own power, capacity, and efficiency, and nothing else - as an entity that lives, breathes, and grows for its own sake. The individual must be absolutely subordinated to the functions of the state, to ultimately become little but an appendage of the state. The Nâgi theorist Pazzak Moggadazh III, writing in 1367 in ‘Society and the State’ suggests that ultimately ‘society’ is an outgrowth of the state. Only the state has the regulating principles to even give order to such a thing as a society, and even primitive tribes exist socially in virtue of their political existence. Fusing Biomachinic elements with an extreme form of Statism, the more popular ‘Absolutist Manifesto’ or ‘Notes of The Monsoon Speech to the Delegates of the 23rd Nâgi Statist Party Congress’ of 1369, Moggadazh called for the state, famously, to take ‘absolute precedence’ and for the state to prosecute its struggle against the combined forces of the northern alliance and the Poumnians to an absolute degree. This would lead ultimately to a split between the statists and the so-called-absolutists, and the foundation of the first Absolutist party in the great Nâg. ;;;;;;;;;;;;x
paramilitary_groups;Democratic Centralism;;;;;;;;;;;;;x
paramilitary_groups_desc;Absolutist Party organisation typically proceeds by binding democratic centralist principles. The party line must be kept absolutely once a resolution is agreed upon. In the notes from the 4th Pan-Nâgine Absolutist Party Congress of 1383, one finds as an example delegate Bida Gamat denounced fellow party member Modanak Vazzunak for ‘defeatism’, ‘conspiracy’, and for leading a Poumnian sponsored terrorist cell of ‘disgraced Gazzapt-Kozzite autonomists’, and Vazzunak was duly expelled for his non-party thought. The charges of defeatism and conspiracy were later proven false, but his membership of the party remained revoked due to his repeated autonomist advocacy.;;;;;;;;;;;;x
the_police_state;The FNB;;;;;;;;;;;;;x
the_police_state_desc;The formation and governmental power of a number of absolutist parties, especially in the Great Nâg territories in the late fourteenth century allowed for an absolutist political culture to flourish and develop a number of further principled elaborations of their theory and practice. Orthodox Absolutism follows the teachings of Pazzak III and his disciple Bida Gamat. The ‘Foftaptan Nâg Bazd’, or the ‘Investigative Concerns Board’ of the Nâgine state carried wide discretionary powers of arbitrary detainment, torture and execution, as well as encouraged a culture of peer-denunication and informancy. The notorious FNB became a model for the intelligence, secret police, and plainclothes gendarmes of many absolutist states.;;;;;;;;;;;;;x
dogma_of_mass_action;Theocratist Paramilitaries;;;;;;;;;;;;;;x
dogma_of_mass_action_desc;The first Theocratist paramilitary group was that of Deacon Mogga, the totalitarian preacher of the settler communities of the Gozonazh peninsula. Forming an alliance with great castellans on the frontier in the late 1330s, the theocratists bands became a terrorizing force, massacring recalcitrant workers and peasants, committing wanton acts of violence against the Vuyti ethnic minority, and exercising influence over local organs of the state. The Theocratist paramilitary group became the paradigmatic way in which theocratists came to power, an alliance of dissident clerics, the disaffected soldiery, and wealthy conservative extremists. ;;;;;;;;;;;;;x
revolution_n_counterrevolution;Modern Reaction;;;;;;;;;;;;;x
revolution_n_counterrevolution_desc;Modern Reaction;;;;;;;;;;;;;x
vangaurd_party;The Theocratist Party;;;;;;;;;;;;;x
vangaurd_party_desc;The movement by Theocratists such as Deacon Mogga to found an ostensibly political engaged party to engage in regular politics alongside their violent paramilitary groups paved the way for their engagement with the political masses both through terror and through rhetorical demagoguery. The paradigmatic theocratist party aims to seize power by legitimate or illegitimate means and then transform the state into a theocratist dictatorship.;;;;;;;;;;;;;x
commerce_raiders;Brigands;;;;;;;;;;;;;x
commerce_raiders_desc;A ‘brigand’ was a colloquial name for any packet ship or commercial vessel that was retrofitted with plating and higher-caliber cannons. They rely on their light speed to harass enemy transports and shipping. Maritime Brigandage saw much action in the Jiishanâgi-Poumnian war of 1324-8.;;;;;;;;;;;;;x
ironclads;Pitpots;;;;;;;;;;;;;;x
ironclads_desc;A ‘pitpot’ is a general term for any sea-going vessel that is built entirely of steel and without any timber. Their sturdy hulls help them avoid dangerous artillery from other ships. The first pitpot was the Pride of Nozho, constructed by Jiishanâgi engineers in 1309. It was sunk in 1325 in a war with the Poumnians.;;;;;;;;;;;;;x
monitors;Bibblers;;;;;;;;;;;;;;x
monitors_desc;A ‘Bibbler’ is a general term for covered-deck steel built seagoing vessels that reached a certain tonnage and maximum speed. Deck-coverings allowed for better armouring, the ability to brave more stormy waters, and general resistance. Sitting lower in the water than Pitpots or Crackwhips, they are said to ‘bibble’ as the hum of the engine stirs the surrounding waters. ;;;;;;;;;;;;;x
protected_cruisers;Crackwhips;;;;;;;;;;;;;x
protected_cruisers_desc;Crackwhips were large, fast steel-plated ships with large cannons. Advances in engine technology allowed for substantially increased gun-sizes and vessel speeds on deck-ships. The first Crackwhip-class (really, Shroukshou-class) ship was the ‘FWV Shroukshou’ built by the Sha-Gosod Works in Kuuwumn. This formidable ship has one of the most legendary records in naval history, engaged in multiple hundreds of naval combats and said to have sank over 70+ proper enemy vessels.;;;;;;;;;;;;;x
pre_dreadnought;Sea-Forts;;;;;;;;;;;;;;x
pre_dreadnought_desc;Substantial increase in engine power around this time also allowed for the construction of massive vessels, commonly called ‘sea-forts', equipped with high caliber guns, and designed to slowly cruise around, patrolling waters and projecting power. With over 10,000 tons of displacement, the “Oknapt” of the Nâgine forces, commissioned in 1355 was at its time the largest ship sailing, and described as an ‘unsinkable Sea-Fort’.;;;;;;;;;;;;x
dreadnoughts;Pudwou-Class Vessels;;;;;;;;;;;;;x
dreadnoughts_desc;The ‘FWV Pudwou’, the pride of the Poumnian navy, became synonmous with a class of super large battleship reaching displacements of over 20,000 tons and with certain gun-configurations. Larger and more resilient than the already superlative laden sea-forts, The Pudwou launched an era of naval panic. ;;;;;;;;;;;;;x
torpedo_boats_desc;Torpedo Boats are cheap and numerous. They are equipped with Torpedoes to attack bigger ships like Crackwhips and Sea-Forts.;x
advanced_cruisers;Specialised Crackwhips;;;;;;;;;;;;;x
advanced_cruisers_desc;By the mid 1390s, cruisers had specialised into a role of long-distance stalking, and hunting smaller ships. Covered Crackwhip models allowed for combat in the stormy far seas, and long-distance maneuverability.;;;;;;;;;;;;;x
modern_cruisers;Modern Crackwhip Hulls;;;;;;;;;;;;;x
modern_cruisers_desc;Advances in hydranautic design in the 1390s and onward made for some of the most streamlined hulls yet. Firms like the Sha-Gosod works and their engineers designed crackwhips that could cut through stormy and choppy waters with record speeds. ;;;;;;;;;;;;;x
advanced_battleships;Modern Capital Hulls;;;;;;;;;;;;;;x
advanced_battleships_desc;The 1390s and the 1400s also featured innovations in large ships and capital ships. New hulls and defensive techniques, such as better plating below the waterline, undersea beta-boats for torpedo defense, and aircraft defenses made modern capital ships more formidable than ever.;;;;;;;;;;;;;x
modern_battleships;Oil Engines;;;;;;;;;;;;;x
modern_battleships_desc;The transition to oil-based ships drastically improved efficiency, and allowed for less needless ballast on the ship.;;;;;;;;;;;;;x
early_classical_theory_and_critique;Second Wave Speculation;;;;;;;;;;;;;;x
early_classical_theory_and_critique_desc;Second Wave Speculation;;;;;;;;;;;;;;x
john_ramsay_mcculloch;Dozmenes Miibziva;;;;;;;;;;;;;x
john_ramsay_mcculloch_desc;One of the greatest of the second wave of economic speculation, Dozmenes Miibziva of Nozho in Jiishanâg was the first to suggest that Jiishanâg’s economic preeminence was due to its role as the congress point of world markets. In ‘Thick and Thin Markets’ (1304), Miibziva suggested that for many centuries economic development languished because of technological and political limitations to markets. He suggested that large empires like Kiidnazh facilitated a great degree of economic development, and preserved technological knowledge, but it wasn’t until world spanning trade networks projected by the Jiishanâgi and Poumnian states concentrated markets that it became incentivized for artisans and engineers to explore industrialising.;;;;;;;;;;;;;x
nassau_william_sr;Voun Sha-Pomid;;;;;;;;;;;;;x
nassau_william_sr_desc;Voun Sha-Pomid, of the little known Pomid family, distinguished himself by his ‘state’ based criticism of early economic orthodoxy established in the late 1200s by the ‘classical’ Gashdzii economists. Rather than a reified ‘economy’ that stands somehow aloof from the state (or even ‘society’), presaging the statists, Sha-Pomid suggested the economy exists in virtue of, and is driven by, ultimately, the organisation of the state, and only the expansion of states and their services serves to grow industry.;;;;;;;;;;;;;x
james_mill;Gizshaug Pâshodazhi;;;;;;;;;;;;;x
james_mill_desc;Gizshaug Pâshodazhi is most famous for defending the orthodox ‘consumption’ theory of economic growth in the ‘demand’ pamphlet wars of the early fourteenth century. He suggested that growth was largely driven by demand, particularly luxury demand, and advocated principally for the lowering of taxes on the rich.;;;;;;;;;;;;;x
daimlers_automobile;Gizhaug's Motor-Car;;;;;;;;;;;;;;x
daimlers_automobile_desc;The invention of the first motor car by Mifazh Padud in Bagh, 1357 was a cause of mild interest for the rural rich, at the time, and took very many years before it entered pratical service.;;;;;;;;;;;;;;x
wright_n_langleys_aeroplanes;The Padud Aeroplane;;;;;;;;;;;;;;x
wright_n_langleys_aeroplanes_desc;The engineers of the Padud firm redoubled their prestige by being the first to invent the first airgoing vessel in 1375. Its maiden voyage crash near the old 'holy mountain in the Paguyti lands.;;;;;;;;;;;;;;x
direct_current_desc;The first common way to transmit electricity was direct current or DC, where the electrons flow in only one direction. Batteries produce direct current and it is commonly used in applications requiring low voltages. High voltage direct current is used to transmit power to long distances, especially when using underwater cables and to run trains.;;;;;;;;;;;;;;x
alternating_current_desc;In alternating current or AC systems electrons flow in both directions in wave patterns. Those in the Great Nâg were some of the first to pioneer the use of alternating current, which quickly became standard for large industrial or military projects.;;;;;;;;;;;;;x
polyphase_system_desc;The polyphase system is a way to help transmit alternating current efficiently. In it two or more phases travel simultaneously. In industrial applications three waves is the standards, although at first two phases were used.;;;;;;;;;;;;;;x
jacquard_power_loom;Mohdhâgazh Paup's Power Loom;;;;;;;;;;;;;;x
jacquard_power_loom;Mohdhâgazh Paup, the 'Baron of the Cloth', sponsored the developement and factory organisation of his in-house power loom, which revolutionised production of cloth.;;;;;;;;;;;;;;x
sharp_n_roberts_power_loom;Guzzamak's Mule;;;;;;;;;;;;;;x
sharp_n_roberts_power_loom;The Guzzamak Mule was the most popular spinning mule in the late thirteenth and early fourteenth centuries.;;;;;;;;;;;;;;x
northrop_power_loom;Vazumedes' Needles;;;;;;;;;;;;;;x
northrop_power_loom;Vazumedan needles allowed for most mules and spinning machines to handle more fine cloth, a large improvement on the earlier Mule;;;;;;;;;;;;;;x
hussey_n_mccormicks_reaping_machine;Gozomak's Reaper;;;;;;;;;;;;;;x
hussey_n_mccormicks_reaping_machine_desc;Ashnuz Gozomak's wheel powered motor-reaper vastly increased agriculutral yeilds.;;;;;;;;;;;;;;x
pitts_threshing_machine;Nuzhamedes' Pounder;;;;;;;;;;;;;;;x
pitts_threshing_machine;Nuzhamedes of Oazud, by an ingenious system of grinding pegs, invented a machine for fast and efficient threshing.;;;;;;;;;;;;;x
whitney_n_colts_standardized_small_arms;Sha-Ashouw Gauges;;;;;;;;;;;;;;x
whitney_n_colts_standardized_small_arms_desc;The Nascent Sha-Ashouw firm pioneered standard gauges of small weaponry due to their contracts with the Poumnian government. The machines for producing these parts were widely copied.;;;;;;;;;;;;;x
fordism;Line-Work;;;;;;;;;;;;;;x
fordism_desc;Research into industrial efficient by the economists of the Great Nâg's absolutist secrateriate produced a remarkable ammount of innovations, most notably line-work style organisation.;;;;;;;;;;;;;x
bessemer_steel;Lung Steel;;;;;;;;;;;;;;x
bessemer_steel_desc;Dhuchâ Kazh was the first to invent his 'steel lungs' for bubbling oxygen through molten iron to process it into steel and funneling out slag.;;;;;;;;;;;;;x
martin_steel;Great Oven Steel;;;;;;;;;;;;;x
martin_steel_desc;Lung style steel was limited to steel with much too much phosphorous. The 'Great Oven Style', pioneered by the engineers of the state-backed Sha-Ashouw firm, pioneered the Great-Oven style superheat iron and create steel.;;x;;;;;;;;;;;;;x
thomas_steel;Basic Lung Steel;;;;;;;;;;;;;;x
thomas_steel_desc;The invention of coatings to protect against reactions with Phosophous were pioneered in the mid 1320s and allowed for those dependent on Kazh or Lung steel to catch up with those casting Great-Oven style steel.;;;;;;;;;;;;;x
vaccination_desc;The first vaccination was pioneered by Shumid Sha-Munpt, the Poumnian commander of Mra-Ouswun. Observing Qooxibi habits in exposing their children to the flies at night, he realised that moderate illnesses could be prevented by stimulating the immune system. In 1298 he suggested using Swine-Flu, a relative of the ghastly nocceus torpicus bacterium that devestated populations, in safe innoculations. This method meant that one could immunize animals and hominids from illnesses that flourished. This made life easier for man, cattle and thrall tending more profitable.;;;;;;;;;;;;;;x
genetics:_heredity;Heritability;;;;;;;;;;;;;x
genetics:_heredity_desc;Adunnô Vôhannud, the great bioneer of the Biomachinal thesis, also innaugerated the study of heritible traits in his pioneering research on the populations of fat, large flying insects that produced a common tasty egg, which he bred on his great estate. These principles allowed for the greatly increased succesful breeding of livestock animals.;;;;;;;;;;;;;x
catalytic_fermentative_process_desc;This marked the beginning of a new field of science and technology  - biotechnology. Research sponsored by the Vokonozhi thick-swine cartels combined fermentative processes (enzymatic hydrolization) with a thermodynamic process (catalytic hydrogenation). One result of this combination was margarine, which greatly improved the supply of the population with essential unsaturated fatty acids.;;;;;;;;;;;;;;x
edison_light_bulb;Filament Bulb;;;;;;;;;;;;;;x
edison_light_bulb_desc;The classic filament bulb of the 1360s became a cheap and convient way of lighting the world, allowing work and leasiure to go on for longer, and at a lower cost than the gas lamps of earlier times.;;;;;;;;;;;;;x
gaslights;Gaslights;;;;;;;;;;;;;;x
gaslights_desc;The discovery and design of beautiful, soft gas lighting freed the hominid from the tyrany of day and night and illuminated the cities and estates of the civilised world. Softly glowing laterns now line boulevards, wealthy houseowners light their fine living rooms, scholars pour over texts late into the night, and the factory is now lit late with soft glowing lights.;;;;;;;;;;;;;;x
bell_n_greys_telephones;Pojar and Sons' Electrophonics;;;;;;;;;;;;;;x
bell_n_greys_telephones_desc;Yaksau Pojar Sem Moswie, the Takemogine inventor, was the first to invent a device for transmitting sound across distances through electricity, by pioneering the correct manner of producing current between two diaphrams. He and his sons became quite wealthy through their business.;;;;;;;;;;;;;;x
tractors_desc;When motor-cars had started to gain popularity on the roads, it did not take long for more innovative engineers to find a way to begin replacing swine in the fields. Early experiments with steam-powered farm machinery had failed, but lighter combustion engines revolutionised farm work.;;;;;;;;;;;;;x
rayon;Synthetic Spindles;;;;;;;;;;;;;;x
rayon_desc;From pulpin woods, a a form of synthetic spindleweed was developed in the late 1390s. This was a widely popular consumer product.;;;;;;;;;;;;;;x
bakelite;Early Plastics;;;;;;;;;;;;;;x
bakelite_desc;Plastics expiriments in the 1390s yeilded some of the first consumer and industrial plastics, driving both industry and plantation in Bafozh.;;;;;;;;;;;;;x
vacuum_tube_desc;The vacuum tube (also known as the thermionic valve) is a device that utilizes the flow of current through a vacuum. In a vacuum tube electrons travel via thermionic emission from a hot filament (negative cathode) through the vacuum to a positive electrode (the anode). Additional electrodes were later interposed between the anode and cathode, enabling amplification and switching of signals.;;;;;;;;;;;;;x
tulls_seed_drill;The Public-Good Seed Drill;;;;;;;;;;;;;x
tulls_seed_drill_desc;Masogu Hahab-So, a civic minded citizen of the Veyethun regime, in the 1304 invented a useful form of seed drill, which he billed as invented specifically for public usage and for the agrarian good. Pulled by Swine-Mule, the Veyethun revolutionary government actually established a number of workshops for the production of these tools and distrubted them to local villages.;;;;;;;;;;;;;x
rotherham_plough;Iron Farming Equipment;;;;;;;;;;;;;;x
rotherham_plough_desc;The gradual transition to iron-based farming equipment by advances in metallurgy encouraged clever designs and made plowing fields far easier.;;;;;;;;;;;;;;x
telephone_switchboard;Telephone Switchboard;;;;;;;;;;;;;;x
telephone_switchboard_desc;The telephone switchboard is a system of electrical components used to connect telephone calls. In Poumnia, these were often worked by slaves in sweltering conditions, and in the Great Nâg, by detainees of the absolutist regime.;;;;;;;;;;;;;x
elastic_defense_system_desc;At this points the trenches grew to formidable systems of trenches with two or even three lines of defenses bolstered by concrete fortifications and machine gun positions. The protracted wars between the Great Nâg and the Poumnian regime made the lands of Dhuknâg into a veritable labyrinth of trenches.;;;;;;;;;;;;;x
stormtrooper_training;Fox-trooper Training;;;;;;;;;;;;;;x
firepower_vs_mobility_desc;After the end of the grinding Poumnian-Nâgine conflict and its attendant regional conflicts, the major powers had to re-evaluate their military strategies in light of the brutal lessons learned during the years of inconclusive trench warfare. One major school of thought that emerged focused on the importance of using massed firepower, principally in the form of artillery, to overwhelm the enemy and literally blast a hole in their lines to facilitate an advance, while another school of thought suggested that the key to victory on the modern battlefield was mobility, so that friendly forces could maneuver around enemy strongpoints to pursue the attack on more advantageous terms.;;;;;;;;;;;;;;x
human_wave_vs_spearhead;Wave vs Spearhead;;;;;;;;;;;;;;x
interwar_infantry;Modern Infantry;;;;;;;;;;;;;;x
interwar_infantry_desc;After the Poumnian-Nâgine war, many nations' armies kept evolving in nature and focus. A greater degree of motorisation, with mass availability of cars and trucks, added to the ever-changing nature of land units across the globe.;;;;;;;;;;;;;;x
interwar_swinery;Modern Swinery;;;;;;;;;;;;;;x
interwar_cavalry_desc;With the mass casulaties suffered in the Poumnian-Nâgine war, and the dawning of the motorised age, traditional swinery was on its way out. The new focus on motorisation changed the way swinery was to be used, and its role on the battlefield. No longer swine-mounted, soldiers would be mounted instead on motorised vehicles. Motorisation would also allow for more fire power from heavier guns, and speed up deployment times.;;;;;;;;;;;;;;x
light_artillery_desc;As experience from the Poumnian-Nâgine demonstrated, infantry units, especially those operating in rough terrain, needed a viable option for increased fire power. Traditional guns were too heavy, and too bulky to be used effectively or moved rapidly in adverse conditions. Shorter range guns of smaller calibers, which were easily moved by horse, vehicle, or manpower, were developed to fill this need. ;;;;;;;;;;;;;x
medium_artillery_desc;Coming out of the mold of traditional artillery, combined with the experiences of the Poumnian-Nâgine War and the rapid increase in motorisation, the medium artillery gun was developed. Of modest calibers, these guns were the standard for regular infantry units, providing them with a greater fire power capability and mobility that they had previously lacked.;;;;;;;;;;;;;;x
early_interwar_bombers;Modern Bombers;;;;;;;;;;;;;;x
late_interwar_bombers;Advanced Bombers;;;;;;;;;;;;;;x
early_interwar_fighters;Modern Fighters;;;;;;;;;;;;;;x
late_interwar_fighters;Advanced Fighters;;;;;;;;;;;;;;x
great_war_experience;Poumnian-Nâgine War Experience;;;;;;;;;;;;;;x
great_war_experience_desc;Poumnian-Nâgine War Experience;;;;;;;;;;;;;;x
flintlock_rifle_armament_desc;Introduced at the beginning of the 11th century, the flintlock rapidly replaced earlier firearm-ignition technologies, such as the doglock, matchlock, and wheellock mechanisms. It continued to be in common use for over two centuries, replaced by percussion cap and, later, cartridge-based systems in the late thirteenth and early foruteenth century. Although long superseded by modern firearms, flintlock weapons enjoy continuing popularity with black-powder shooting enthusiasts.;;;;;;;;;;;;;;x
muzzle_loaded_rifle_armament_desc;A muzzle-loading rifle is a gun in which the projectile and propelling charge is loaded through the front-end of the gun, in contrast to a breech loading rifle.;;;;;;;;;;;;;x
breech_loaded_rifle_armament_desc;A breech-loading weapon is a firearm in which the cartridge or shell is inserted or loaded into a chamber integral to the rear portion of a barrel. Although breech-loading weapons were developed as far back as the late 9th century, breech-loading became more successful with improvements in precision engineering and machining in the fourteenth century.;;;;;;;;;;;;;;x
bolt_action_rifle_armament_desc;Bolt action is a type of firearm action in which the weapon's bolt is operated manually by the opening and closing of the breech (barrel) with a small handle. The first bolt-action rifle was produced in 1295 by Chyoosh Gooth-so, brother of the famous Veyethun revolutionary, following work on breechloading rifles. Ishahfazhi armies continued to develop bolt-action rifles through the latter half of the fourteenth century, and the Poumnian-Nâgine War marked the height of the bolt-action rifle's use, with all of the nations in that war fielding troops armed with various bolt-action designs.;;;;;;;;;;;;;;x
machine_gun_armament_desc;The first machine gun was pioneered by Vodid Protum, a 'monk' in the Poumnian imperial clergy and civil service. Trained as an engineer by the Sha-Shoummid firm, he later became a minor apendage to a colonial military garrison to interface between the local community and the military fortress, where he enjoyed much leasiure to tinker. In 1337 he returned to the Shoummid plants and later came to design a 'spinning', rapid fire gun. The Sha-Shoumid firm later became premier manufacturer of self-turning machine guns, invaluable to Poumnian colonial interests.;;;;;;;;;;;;;x
romanticism;Pastoralism;;;;;;;;;;;;;x
romanticism_desc;Pastoralism;;;;;;;;;;;;;x
introspectionism;Automatonism;;;;;;;;;;;;;;x
introspectionism_desc;Automatonism;;;;;;;;;;;;;;x
associationism;Logicism;;;;;;;;;;;;;;x
associationism_desc;Logicism;;;;;;;;;;;;;;x
phenomenalism;Conditionalism;;;;;;;;;;;;;;x
phenomenalism_desc;Conditionalism;;;;;;;;;;;;;;x
experimental_psychology;Absolute Psychology;;;;;;;;;;;;;;x
experimental_psychology_desc;Absolute Psychology;;;;;;;;;;;;;;x
psychoanalysis;Mirror-Theory;;;;;;;;;;;;;x
psychoanalysis_desc;Mirror-Theory;;;;;;;;;;;;;x
behaviorism;Intuitionism;;;;;;;;;;;;;;x
behaviorism_desc;Intuitionism;;;;;;;;;;;;;;x
mass_advertising;Pulp Literature;;;;;;;;;;;;;;x
mass_advertising_desc;The advent of mass literature changed the relationship between texts and culture greatly. No longer the preserve of the elite, anyone from the working man on the streets and even the colonial exile was able to, and indeed wanted to, read and learn. A great amount of the new reading material was so-called ‘pulp’, made from cheap wood-pulp or recycled papers, and usually printed bawdy tales, seditious material, revolutionary speculation, daily almanacs, horoscopes, etc.;;;;;;;;;;;;;;x
national_radio_networks;National Radio Networks;;;;;;;;;;;;x
national_radio_networks_desc;The discovery of electromagnetic radiation and its possible use for transmitting voices was largely employed first by the state to disseminate propaganda, but soon become also an outlet for popular dissatisfaction.;;;;;;;;;;;;;;x
the_talkies;Audiocinematics;;;;;;;;;;;;;x
the_talkies_desc;Audiocinematric techniques were immediately identified as hazardous by most regimes, from the Nâgine Secretariate to the Poumnian autocracy. It was primarily first employed for the purposes of patriotic education for the masses, but to some extent as well served to democratise culture.;;;;;;;;;;;;;x
realism;Symbolism;;;;;;;;;;;;;x
realism_desc;Symbolism;;;;;;;;;;;;;x
impressionism;Praxiaticism;;;;;;;;;;;;;x
impressionism_desc;Praxiaticism;;;;;;;;;;;;;x
sociology;Sociometrics;;;;;;;;;;;;;x
social_darwinism_desc;The development of the Biomachinical principle was extended to the world of societies and ‘races’ quite easily. Competition became the order of the day, and the weak at home and abroad were expected to die by the wayside, pruned from the family of the living by nature’s prudential machinic order. Bodmha Damaz, the North Gashdzii agitator, shortly after having read the works of Adunnô Vôhannud, in 1347  proclaimed a need for ‘unending war’ against the foreigner, to temper the steel of the Gashdzii race, and suggested that should the Gashdzii in fact cease their imperial aims, the configuration of their own society will become progressively weaker. A craze for eugenic societies, eugenic laws and war followed.;;;;;;;;;;;;;x
social_darwinism;Sociomachinics;;;;;;;;;;;;;x
wireless_desc;An important development in naval warfare in the early-15th century was the wireless, or radio communications. This allowed naval headquarters to communicate with fleets at sea in order to give updated orders, and also allowed admirals to communicate much more effectively with individual warships in their fleets, in comparison with older methods such as signal flags. However, one drawback of wireless was that it was also possible for the enemy to listen in on wireless communications, and soon the major navies would establish organizations to glean valuable intelligence from enemy communications.;;;;;;;;;;;;;;x
war_gamming_desc;The use of war games to plan and prepare for war is as old as warfare itself: the ancient Poumnian game of Prak is a testimony to this. However, serious analytical naval war gaming emerged in the late 14th and early 15th centuries. Major naval powers would use detailed gaming systems that took account of such variables as a ship's armour, speed, and the number and caliber of guns in order to determine battle damage and the ultimate victor. These naval war games were used to test strategic plans, and different means of countering potential enemy strategies and warships.;;;;;;;;;;;;;;x
combined_arms_planning_desc;In the aftermath of the Poumnian-Nâgine war, the major powers put an increasing emphasis on what came to be known as combined operations. This represented the utilization of land, sea, and air forces together to achieve a single strategic objective. Often revolving around amphibious operations, combined operations often fit within larger naval strategic objectives, including the destruction of enemy naval assets and the securing of sealanes. No longer could navies operate in isolation from the other branches of the military, and the development of new tactics was required to integrate naval warfare into the larger strategic perspective.;;;;;;;;;;;;;;x
amphibious_warfare_training;Modern Naval Codes;;;;;;;;;;;;;;x
amphibious_warfare_training_desc;The old naval codes of the past were brutal, and harsh, and gave naval life its fearsome name. Modern naval codes are not much different, especially in the Miiv's more authoritarian states, but more optimised to incentivise obedient behaviour from seamen.;;;;;;;;;;;;;;x
blue_and_brown_water_schools;Northern and Southern Schools;;;;;;;;;;;;;;x
blue_and_brown_water_schools_desc;Northern and Southern School;;;;;;;;;;;;;;x
blue_water_school_desc;In the North of Ishahfazh, the water is wide, and especially states like the Takomogine Monarchy developed a need to project influence into distant waters. This meant building navies with resilient hulls and long-distant capability.;;;;;;;;;;;;;;x
blue_water_school;Northern School;;;;;;;;;;;;;x
brown_water_school;Southern School;;;;;;;;;;;;;;x
brown_water_school_desc;In the south of Ishahfazh, on the Zhibomgid sea, there was a constant need to project influence and control these highly contested waters. This meant that size and firepower was prized above all, at the cost of reliability, given that ships could quickly repair at major dockyards or shelter in colonial harbours.;;;;;;;;;;;;;x
buying_on_margin;Buying on Margin;;;;;;;;;;;;;;x
buying_on_margin_desc;As more individuals became involved in investing in securities markets in the early fifteenth century, the practice of buying on margin developed to increase the amount of shares that could be bought with minimal initial overhead. The principal of buying on margin is that if the investment makes a profit, the profit would cover the cost of the commission charged for allowing the purchase of large amounts of securities with only a minimal initial investment. The risk involved in this type of investment is that if the investment shows a loss, the difference between the initial investment and the commission charged for the purchase must be made up by the investor. How low an initial margin was prudent for the securities industry to accept would be the subject of intense debate, as lower margins both allowed investors with limited capital to invest in markets, but raised the risk of default by these limited-capital investors should the investments fail to produce profits;x
colonial_negotiations_desc;The advent of the machine gun made colonial ‘negotiations’ and the control of native populations far easier. Armed with vastly superior technology of Sha-Asahouw Automatic Rotary Guns, at a number of key battles in the colonial scramble for Bafozh, Ishahfazhi soldiers made swift work of large groups of natives, whether armed or civilian.;x
secret_police;Neo-Cameralism;x
secret_police_desc;By an effort to elevate by means of science and reason the state to the authoritarian steward, and manager, of all things, both man and nature, all in the service of the archepiscops of prince, the modern reactionary state became exceedingly efficient in managing society. A proliferation of directives issued by governing authorities and regional governments in Vokonazh at this time are an excellent testimony to this. The segregation of dining areas for state serfs and slaves, the proliferation of secret policing, regularised methods of informing, the quantification of man, nature, industrial and agricultural yields have all left a proliferation of bureaucratic records.;x
womens_suffrage_movement;Wartime Corveé;x
womens_suffrage_movement_desc;Around this time, states increasingly began normalising and reducing the impact of the process of mass-mobilisation with the expectation of forced labour on behalf of citizens. War offices and district military authorities were issued with the right to force citizens to work off-hours in state munitions plants, compelling aristocrats to share serfs or slaves with the state. Even states reputed as more ‘gentle’ began to endorse this practice. In a particularly stark example, the Gaubjan courts ruled in 1344 that those who were not drafted or serving were in fact criminally liable if they failed to answer to the ‘labour draft’ at the munitions plant.;x
rhetoric_of_hate;Speciated Exclusion Laws;x
rhetoric_of_hate_desc;It has long been a truth that certain species seem more suitable for certain roles - the quick witted Sapinoids have always excelled as artisans, and the giant Occidental Gigantoids, or the Byotrin, have made fearsome warriors. Around this time, the practice of institutionalizing speciated differences in both occupational employment and military service served to further stratify society, and breed enmity between states of different species. An excellent example of this is a Vafauti directive from 1343, directing the organisation of a battalion of Shagmodt ‘war-slaves’ from Qir, to be employed against the Shuknazhi, in hopes that the mountain giants would terrify them.;x
nostalgic_romanticism_desc;The wave of Theocratist speculation also stimulated pure reactionary nostalgia. Rather than challenging the rise of the state with a modernised reactionary, nostalgic romanticism called openly for a barbarous return to the age of the squires, lords, and primitive violence. Gibbalobba, that Dhamapahan adventurer, most famous for his great raid on mount Femooru in the Guth-Gabob, in his later years became a famous writer on these matters, producing a great many quasi-metaphysical tracts on the ‘soul of the nation’, as well as dubious histories of the ancient Gashdzii, their emperors, princes, and generals. 
anti_egalitarianism;Meritocratic Elitism;x
anti_egalitarianism_desc;The institutionalism of meritocratic elitism, where the army, church, academy, and conservative circles formed a closed unit wherein a promising youth, with conservative principles could earn a secure role in the bureaucracy or army, served to ossify the structures of the state into a monolithic and secure organ of reaction. In the Vokonazh of the 1350s-70s, the ‘constabulary’, as the forces of reaction had always been known, increasingly came to recruit and induct rural youths of talent, strengthening its capacities and quelling any possibilities of resentment by integrating them into the institutional structure. One such example is Kazzamenes Padud, from rural Pava province, one of the first chiefs of police in Modhag (from 1357) without an aristocratic background. He was of course ennobled, later.;x
phenomenology;Semiotics;x
phenomenology_desc;A true science of significance did not arrive until the 1350s. Mruub Sha-Ibu (not the general, but a relative of a minor line of house Ibu) was the first to formulate a unified doctrine of signs, both natural and unnatural, and an account of the interrelation between the mind and the grasping of the meaning of smoke, a character, and an utterance. His multivolume work ‘A systematic investigation into the character of informative processes’ (1358) long became the established reference for the concerns of semiotics and significance.;x
hermeneutics;Suppositorics;x
hermeneutics_desc;The flourishing of logical systems in the methodist paradigm eventually bloomed into the metaphysical investigation of reference, and referential utterances. The so-called ‘Green School’, in the Guzzadt Seminary in Gaub developed a remarkable repertoire of forms of reference, and speculative metaphysical consequences.;x
chemical_wood_pulp_process_desc;Wood is composed of cellulose fibres that are cemented together with a substance called lignin. To transform wood into pulp, the fibres must be separated, either by a mechanical or chemical process. This technology helped to saturate the ever growing hunger for paper of the 14th century printing industry.;
social_psychology;Social Repertoires;x
political_science;Action Quantimetrics;x
social_anthropology;Anthropology;x
social_alienation;Gestalt Systems;x
the_revolt_of_the_masses;State-Sympathetic Lifeworlds;x
the_decline_of_the_west_and_the_lost_generation;Proactive Non-Compliance;x
sociology_desc;A concentrated impulse to an autonomous social sciences finally emerged in the mid 1340s, distinct from academic psychology and from social management by the state. Institutions came to define departments, methodologies, and orthodoxies, largely drawing on the Methodist and Naturalist philosophies, opposed to the metaphysical functionalism of the Pazzak circle and his followers.;x
social_psychology_desc;A comprehensive study of folk and social repertoires of behaviour was a key ambition of certain circles of the sociometric milieu. Mozzak Midadazh’s famous ‘Acculturation and Social Signs’ (1347) paved the way for the semioticians, the mirror-theorists, and the later gestalt theory. In the book, he describes his theories of a formation of an inner world through the other, and the proliferation of social rituals in the construction of the actual reality of the individual.;x
political_science_desc;The growth of the social sciences as an autonomous academic institution, rather than a mere tool of social control, ushered in a proliferation of social speculation about choice and crowd behaviour. Drawing on the schools and writings of the behaviour Quantimetricians, the Action Quantimetricians attempted to systemise a total account of behaviour and the motivational systems involved.;x
social_anthropology_desc;The 1340s witnessed, as well as a proliferation of the social sciences, a great enthusiasm for anthropological collection and classification. Melding with notions of civilisational quanta, the famous ‘anthropological exhibitions’ of captured bafinoids, azuroids, and giganoids were exhibited to a fascinated Ishahfazhi public, who read as well the proliferation of studies of cranial structures, social and fertility rituals between cultures and peoples, and a general fanatical need to classify, collect, order, and rank the species and cultures of the world.;x
the_revolt_of_the_masses_desc;The proliferation of social-psychological thought in the late 14th century drove a fanatical interest by the state not just to control and manipulate social behaviour, but acculturate subjects into a manner of being that was entirely sympathetic to the state. Midadazh’s theories of acculturation were extended by Urunt Betz-Thon, the pioneer of the Gestalt theory, into a belief that patterns of being or subjectivity could be established comprising largely divorced concerns, and that disparate needs and feelings could be synthesized, by clever presentation and acculturation, into a desired experience. The FNB of the Nâgine absolutist state eagerly attempted to mould its soldiers into undesiring killing machines by progressive deprivation of attachment to family supplemented by persistent subliminal exposures to messaging that stated their needs were being acknowledged.;x 
the_decline_of_the_west_and_the_lost_generation_desc;Increased state interest in control of the subjective experience of the subject, and explicit and acknowledged bids to cultivate this drove, as to be expected, a school of cognitive resistance inspired by the antietiologists of Vokonazh in the first quarter of the century. Exhorting the subject to develop ‘parallel social networks’ and to engage in meaningless acts of destruction, insubordination, and terror, the ‘new antietiologist’ movement existed as a radical and underground fringe of the Nâgine intelligentsia. Distributed in underground meetings in filthy tenements, or in abandoned soldiers' dugouts, hod-podge, bricolage texts, reprinted in inconsistent and apocryphal collections such as ‘the red and white book’, and ‘three cheers for my lovely aunt!’ became the essential substance matter of the movement;x
decimal_monetary_system_desc;By abolishing non-standardized and strange divisions of the currency like mohaks and thrall-coins, and only having a decimal system such as the one in the Veyethun State (1 Veyethun Tho = 100 v'ath), the everyday usage of money was simplified.;x
hyperinflation_desc;The dramatic pressures of governing a late fourteenth century state often drove desperate politicians to take their countries off the gold standard and issue copious amounts of bills to fund debt, the army, and social services.;x
freedom_of_trade;Market Aggregation;
freedom_of_trade_desc;Market Aggregation;
polypoly_structure;Social-Mercantilist Certifications;x
polypoly_structure_desc;At this point combinations of producers and consumers, in conjunction with the customs offices of the state, developed for efficient means by they could certify legitimate goods at customs and in factory/mercantile inspections, guaranteeing higher quality inputs for producers;x
human_resource_development;Purpose-Bred Workers;;;;;;;;;;;;;x
human_resource_development_desc;The eugenics craze stimulated by the sociomachinic princple encouraged certain states, those who still tollerated anthropic chattel, to allow the purposeful breeding of workers, by selecting certain species, and traits, and raising the offspring entirely with a mind that they would work in a firm, firms managed to equip themselves with anthropic property with a high capital value. In more progressive states, the concern still found a home in biological aptitude testing and species oriented hiring pratices.;;;;;;;;;;;;;x
i_scientific_management_desc;At this point, a coherent science of management emerged. Drawing togther their various antecedents of beatings, bonus-incentives, work-specialisation principles, a management culture developed that involved the scientific study of productivity, motivation, and task-completion quality.;x
oligopoly_structure;By-Product Markets;x
oligopoly_structure_desc;Industrial growth created a demand for nearly every sort of product, including by-products. Coking, for examples, produced tar and ammonia, which were highly prized by the chemicals industry. A consciousness of a by-product market produced additional profits for the plant and stimulated production.;x
monopoly_structure;Thickened Markets;x
monopoly_structure_desc;Industrial growth, improved medicine, and urbanisation stimulated the growth of large, concentrated consumer and producer networks. An avaliability of both inputs and markets encourged continous production, increasing throughput and specialisation.;x
market_structure;Market Structure;;;;;;;;;;;;;x
market_structure_desc;Market Structure;;;;;;;;;;;;;x
government_interventionism;Modern Fiscal Constitution;x
government_interventionism_desc;Modern Fiscal Constitution;x
economic_responsibility;State-Driven Markets;x
economic_responsibility_desc;State-Driven Markets;x
germ_theory;Germ Theory and Experimental Pathology;;;;;;;;;;;;;
germ_theory_desc;The germ theory of disease states that some diseases are caused by microorganisms. These small organisms, too small to see without magnification, invade humans, animals, and other living hosts. Their growth and reproduction within their hosts can cause a disease. The germ theory was proposed in the mid-6th century and gained widespread credence when substantiated by scientific discoveries of the 12th through the late 14th century. It supplanted earlier explanations for disease, such as the Bog-Miasma theory of the Poumnians, who happened to be misguided by the patches of toxic gaseous spore buildup that occured in their fungalised swamplands.;;;;;;;;;;;;;
guild_based_production;Early Factory System;;;;;;;;;;;;;;x
guild_based_production_desc;Early Factory System;;;;;;;;;;;;;;x
working_board_of_directors;Military-Industrial Production Targets;;;;;;;;;;;;;;x
working_board_of_directors_desc;By providing quotas of expected military consumption well in advance of military expansion and indeed usage of materiel during war to large industrial firms, the state aided producers by producing market security and driving secure investments.;;;;;;;;;;;;;;x
bankruptcy_proceedings;Proactive Cartelisation;;;;;;;;;;;;;x
bankruptcy_proceedings_desc;By means of an 'open door' between industry and the political and financial sectors, producers were able to secure favourable laws, and the government was able to secure to stimulation of what were deemed essential industries. By not just granting cartelisation permissions, but proactively mandating them, the government could ensure growth in critical sectors with the consent of the economic elite.;;;;;;;;;;;;;x
anti_trust_laws;Anti-Cartel Laws;;;;;;;;;;;;;x
financial_regulations;Cartelisation Mandates;;;;;;;;;;;;;x
financial_regulations_desc;By granting certain firms permission to organise into market-controlling cartelised groups, industries could be saved from depression and failure.;;;;;;;;;;;;;x
annual_report_proceedings;Imperial Tariff Systems;;;;;;;;;;;;;x
annual_report_proceedings_desc;Efforts by statesmen at this time were oriented around securing markets for excess capital investment, as well as markets for industrial goods and those for raw resources, and organising them into a self-perserving organic system by means of protective tariffs on goods from beyond the imperial system. Empire and Tariff went happily together, subdiving the world into a collection of increasingly autonomous imperial systems.;;;;;;;;;;;;;x
autarky;Ersatz Goods;;;;;;;;;;;;;x
autarky_desc;A mark of a self-sufficient and robust state-economy-complex was the ability to survive market disruptions, blockades, and emargos, especially with regards to military goods. Synthetic oil refineries, driven by economic necessity, were key to this.;;;;;;;;;;;;;x
priming_the_pump_;Demotic War Bonds;;;;;;;;;;;;;x
priming_the_pump__desc;A major hallmark of the modern fiscal state in the 14th century was its ability to raise massive amounts of cash for the purposes of waging unending war. Continous issuing of long-term government bonds to large sections of a marketised public, and the large scale embrace of purchasing these mechanisms by the public, allowed states to raise ever larger sums.;;;;;;;;;;;;;x
mixed_economy;Publicised Sinking Funds;;;;;;;;;;;;;;x
mixed_economy_desc;A major way in which the 14th century state built trust in the financial system was a well-publised sinking fund for debt. This created trust in the government's ability to pay off accumulated debts.;;;;;;;;;;;;;x
centralized_economic_planning;At-Source Tax Collection;;;;;;;;;;;;;x
centralized_economic_planning_desc;Traditional Methods of tax collection: inquisitorial methods and the reliance on trust and lay commisioners slowly gave way in the 14th century, facilitated by the gradual melding of state and industry into a military-industrial complex, into large scale investigation of private incomes at source through the cooperation of industrial firms. This enabled the government to raise even larger revenues and float even larger bonds.;;;;;;;;;;;;;x
import_substitution_industrialization;Economically Informed War-Aims;;;;;;;;;;;;;x
import_substitution_industrialization_desc;In the late 14th century, close collaboration between cartels, the financial sector, and the military officialdom facilitated broad trust by industrial and financial elites in subscribing to and supporting government military intiatives and spending. Especially, the Sha-Shoummid firm was closely involved in Imperial Memoranda on the post-war settlement of the Poumnian Nâgine war, advocating for the total conversion of the peripheral Gashdzii states of Vafaut and Dhamapaha, which were aligned with the Nâg, into a Poumnian friendly 'coal field', and to deprive the Nâgine firms of their access to friendly and nearby coal and iron reserves.;;;;;;;;;;;;;x
expressionism;Modernism;;;;;;;;;;;;;x
expressionism_desc;Modernism;;;;;;;;;;;;;x
mass_culture_n_the_avant_garde;The Imperial Style;;;;;;;;;;;;;x
mass_culture_n_the_avant_garde_desc;The Imperial Style;;;;;;;;;;;;;x
romanticist_literature;Pastoral Odes;;;;;;;;;;;;;x
romanticist_literature_desc;Pastoralism was basically an aesthetical reflection of the liberationist movement, lauding the virtues of the argicultural, free, male community. Pastoralist Literature typically took the form of odes and peans to country life. Particularly notable pastoralist poets were Chyush Goosh-so, Vazzunak Buzfa, and Qip Quam Ghech.;;;;;;;;;;;;;x
romanticist_music;Pastoral Ballads;;;;;;;;;;;;;x
romanticist_music_desc;Pastoralism was basically an aesthetical reflection of the liberationist movement, lauding the virtues of the argicultural, free, male community. High pastoralist music was largely an adapation of folk melodies, set to grand chambers, and performed usually in the Veyethun chamber of deputies. Notable composers were Vyit Gat-so and Mozza Chaptazh.;;;;;;;;;;;;;x
romanticist_art;Pastoralist Art;;;;;;;;;;;;;x
romanticist_desc;Pastoralism was basically an aesthetical reflection of the liberationist movement, lauding the virtues of the argicultural, free, male community. Pastoralist art took the form of typically bucolic scenes, as well as folk-inspired sculpture. Notable figures were Yith Chum-so and Mazzak Padudazh;;;;;;;;;;;;;x
realist_literature;Symbolist Texts;;;;;;;;;;;;;x
realist_literature_desc;Symbolist was a popular art movement in the early part of the 14th century. Connected vaguely to the reactionary movement at the time, it was steeped in mannered echos of tradition, religious imagery, and ancient cultural symbols. Symbolist literature typically took the form of allegorical fables rooted in the mythic past, or long, complex novels echoing annalistic systles, reminsicent of cosmic drama. Notable authors include Wudwou Sha-Mosod, Vyith Gum-so, and Yaukz ApOswieg.;;;;;;;;;;;;;x
realist_art;Symbolist Art;;;;;;;;;;;;;x
realist_art_desc;Symbolist was a popular art movement in the early part of the 14th century. Connected vaguely to the reactionary movement at the time, it was steeped in mannered echos of tradition, religious imagery, and ancient cultural symbols. Symbolist art largely took the form of heroic paintings, depictions of religious visitations, and indefinitely featured figures looming in bewildering landscapes. Notable artists were Owun Sha-Tangpt, Vakt Aptazh, and Gozolobba Ninkazh.;;;;;;;;;;;;;x
realist_music;Symbolist Music;;;;;;;;;;;;;x
realist_music_desc;Symbolist was a popular art movement in the early part of the 14th century. Connected vaguely to the reactionary movement at the time, it was steeped in mannered echos of tradition, religious imagery, and ancient cultural symbols. Symbolist music typically featured cryptic weedling melodies, and achaic revivals of bygone music. Important composers included Shan Sha-Shab, and Gazzamak Mazfag.;;;;;;;;;;;;;x
impressionist_music;Praxiatical Music;;;;;;;;;;;;;x
impressionist_art;Praxiatical Art;;;;;;;;;;;;;x
impressionist_literature;Praxiatical Literature;;;;;;;;;;;;;x
impressionist_literature_desc;The praxiatical movement was largely inspired by functionalist pragmatics and antietiological notions of acausal phenomena. Determined to create unrepresentational and/or meaningless art, the praxiatical movement was, for some years, the enfant terrible of Ishahfazhi art circles. Praxiatical literature attempted to distill an pragmatic essence in literature, and often consisted of alltogether strange texts: unreadable screeds of sounds, oblique and paradoxical, recursive discourses, and tedious, mindless, repetitive novels. Important authors included Shanprak Sha-Gorod, Rau Ben-Tzymon, and Hrid Tzau-Aeum.;;;;;;;;;;;;;x
impressionist_art_desc;The praxiatical movement was largely inspired by functionalist pragmatics and antietiological notions of acausal phenomena. Determined to create unrepresentational and/or meaningless art, the praxiatical movement was, for some years, the enfant terrible of Ishahfazhi art circles. Praxiatical art attempted to distill a sense of colour-as-colour, texture-as-texture, and material-as-object, to disabuse the view of all possible representation notions. This involved both producting highly abstract shapes, as well the typically 'representative' works recontextualised by subtle differences in textures and perspectives. Important artists were Mrid Sha-Vaun, Gomalobba Kafazh, and Guth Kyush-so.;;;;;;;;;;;;;x
impressionist_music_desc;The praxiatical movement was largely inspired by functionalist pragmatics and antietiological notions of acausal phenomena. Determined to create unrepresentational and/or meaningless art, the praxiatical movement was, for some years, the enfant terrible of Ishahfazhi art circles. Praxiatical music attempted to distill an essence of pure, affective sound to overwhelm and reach immediately the passive listener. It consisted mostly of cacaphonics, as well as concordant discordance, and early forays into a-tonal music. Important composers included the great 'de-tuner' Oswid Sha-Mak.;;;;;;;;;;;;;x
expressionist_art;Modernist Art;;;;;;;;;;;;;x
expressionist_art_desc;The Modernist movement was chacterised by commitments to forms guided by use and function, absolutist political attitudes, and a clarification of the principles of praxiaticism. Rather than wanton indulgence in the shocking, the purely pragmatic or praxiatic, the modernist movement attempt to employ functionalist thinking to clarify tradional structures or depiction, representation, and living, leading to an emphasis on purity and abstraction, not a clumsy attempt toward the abstract itself. Modernist art featured thus non-natural colours, aperspectival presentations, and emphasis on shapes and orientations. Notable artists were Kungwu Sha-Tont, Gozbaja Bazzamak, and Thrakunt Betz-On.;;;;;;;;;;;;;x
expressionist_music;Modernist Music;;;;;;;;;;;;;x
expressionist_music_desc;The Modernist movement was chacterised by commitments to forms guided by use and function, absolutist political attitudes, and a clarification of the principles of praxiaticism. Rather than wanton indulgence in the shocking, the purely pragmatic or praxiatic, the modernist movement attempt to employ functionalist thinking to clarify tradional structures or depiction, representation, and living, leading to an emphasis on purity and abstraction, not a clumsy attempt toward the abstract itself. Modernist music featured a dramatic synthesis of traditional tunings, re-tunings, tonal music and atonal music. Important composers included Gyuthu Gog-so, Vophton Ghunngvheb, and Mungt Sha-Man.;;;;;;;;;;;;;x
expressionist_literature;Modernist Literature;;;;;;;;;;;;;x
avantgarde_art;Imperial Style Art;;;;;;;;;;;;;x
avantgarde_art_desc;The rise of a popular imperial culture dramatically changed the consumption and production of art. A broadly literate public, with wealth to read, consume, and be entertained, as well as fiercly patriotic and defensive of imperial wealth, contributed to the formation of what became known as the 'imperial style'. Pleasing, patriotic, sentimental, the cloying 'academic' style of painting and sculpture featured accessible representations of national triumphs, simplified ancient history, and military heroism, which was deeply loved by the wealthy and middle class of empire.;;;;;;;;;;;;;x
avantgarde_music;Imperial Style Music;;;;;;;;;;;;;x
avantgarde_music_desc;The rise of a popular imperial culture dramatically changed the consumption and production of art. A broadly literate public, with wealth to read, consume, and be entertained, as well as fiercly patriotic and defensive of imperial wealth, contributed to the formation of what became known as the 'imperial style'. Imperial style music often took the form of a jolly synthesis of military marches, and the folk music of the imperial periphary, and was typically played in taverns, plebian amphitheaters, racecources, and other areas of excitable recreation.;;;;;;;;;;;;;x
avantgarde_literature;Imperial Style Literature;;;;;;;;;;;;;x
avantgarde_literature_desc;The rise of a popular imperial culture dramatically changed the consumption and production of art. A broadly literate public, with wealth to read, consume, and be entertained, as well as fiercly patriotic and defensive of imperial wealth, contributed to the formation of what became known as the 'imperial style'. A pulp literature of imperial triumps, colonial adventure stories, and lurid tales about the barbarous enemies of the state became popular among the middle classes especially.;;;;;;;;;;;;;x
surrealism;Asietic Art;;;;;;;;;;;;;x
surrealism_desc;The essentialist notion of asietic willing of being, described by Jêjor Yoguthâhu, birthed a curious art movement at the hight of the imperial epoch. Concluding that works of art, like all things, must will themselves into existence, groups of artists organised themselves around attempting to faciliate 'art creating itself' which involved several systems designed to allow art to create itself, by placing canvases in public places, developing complex systems of wind chimes, etc.;;;;;;;;;;;;;x
modern_design;The Monumental Style;;;;;;;;;;;;;x
modern_design_desc;The wealth of the world, plundered from Kovazh, Bafozh, and the smaller continents faciliated truly a grand and quixotic wave of monument building in the late 14th century. The colossal spherical mausoleum for the desceased Vopudwou Praakungwu IX (r. 1353-1382) and the New Imperial Palace in Vokonazh are typical examples of this - towering above the surrounding countryside, requiring hundreds of thousands of tons of steel and concrete, these archiectural marvels are testament to the power and wealth that belonged to great imperial regimes of this time.;;;;;;;;;;;;;x
jazz;Colonial Art;;;;;;;;;;;;;x
jazz_desc;The large scale settlement of Ishahfazhis in parts of both Bafozh and Kovazh led to a fascination with 'colonial' and 'native' forms of art, both in 'popular' and 'high' cultures. Primitivim in art was well regarded by a certain sort of anthropologically minded elite in the metropole, as well as became the kitchsy trappings of colonial settlements.;;;;;;;;;;;;;x
socialist_realism;Brutalism;;;;;;;;;;;;;x
socialist_realism_desc;Trancending the 'high modernist' style of earlier absolutist architecture, later absolutist styles fused imperial grandure with the form-functionalism of the earlier modernist movement, leading to an impressively grand brutalist synthesis. Particularly excellent examples of this sort of style are the Pan-Nâgine Congress Hall, and the Nozho Civil Directorate Building.;;;;;;;;;;;;;x
expressionist_literature_desc;The Modernist movement was chacterised by commitments to forms guided by use and function, absolutist political attitudes, and a clarification of the principles of praxiaticism. Rather than wanton indulgence in the shocking, the purely pragmatic or praxiatic, the modernist movement attempt to employ functionalist thinking to clarify tradional structures or depiction, representation, and living, leading to an emphasis on purity and abstraction, not a clumsy attempt toward the abstract itself. Modernist literature was decidedly stilted and formal, a sort of academic style veiled in notions of revealing pragmatic expressions in tradional forms. Deeply mannered, it was typically the purview of statist bureaucrats and the Poumnian elite, who maintained their unique ability to maintain a 'high' culture in an increasingly demotic age.;;;;;;;;;;;;;x
late_classical_theory;Third Wave Speculation;x
late_classical_theory_desc;Third Wave Speculation;x
john_elliot_cairnes;Shov Sha-Rushman;x
john_elliot_cairnes_desc;Shov Sha-Rushman was the first one to effectively mathematise economic speculation, developing a number of proposed relationships between variables. As a leading figure in the 'third wave' of economic speculation, he would be a key figure in economic orthodoxy.;x
robert_torrens;Dhofmazhi Zhakd;x
robert_torrens_desc;Dhofmazhi Zhakd was a major correspondent with Shov Sha-Rushman, and a major newspaper man in Gaubja. He was a major populariser of Rushmanian economic thought, as well as a member of the Gaubjan economic reform league.;x
john_stuart_mill;Hwamp Puur;
john_stuart_mill_desc;Hwamp Puur was a major critic of the quickly established orthodoxy of Sha-Rushman's thought. He challenged the notion that economics was representable by a priori methods such as mathematics, and commited himself to a descriptivist and empiricist account of economics.;
collectivist_theory;Operational Theory;x
collectivist_theory_desc;Operational Theory;x
pierre_joseph_proudhon;Dhomak Mâzfa;x
pierre_joseph_proudhon_desc;Dhomak Mâzfa was the first thinker to seriously apply the functionalist philosophy to economic thought, which gave birth to the 'operationist' school of economics. Trade, to some extent, as it did very little beyond move things around, became nearly immaterial to what consisted of 'the economy'. Mâzhfa priortised studying factors of production.;x
karl_marx;Mobauk Mizava;x
karl_marx_desc;Mobauk Mizava was a desciple of Dhomak Mâzfa. He extended Mâzfa's analysis of 'pure growth' to a larger 'thermodynamic' energic system, where he declared the only fit subject of economics was the study of the sun, solar energy, and other heaveny things which appear to produce their own energy.;x
friedrich_engels;Bâzajopt Kushtk;x
friedrich_engels_desc;Bâzajopt Kushkt was the first statist theorist of economics. He suggest that the state take control of all factors of production to ensure proper management, and reduce 'unreal' phenomena like trade distorition created by speculators and retailers.;x
eduard_bernstein;Dimash Kushkt;x
eduard_bernstein_desc;Dimash Kushkt was the brother of the more famous Bâzajopt Kushkt, and a close desciple of his. He studied living conditions in industrial slums in Bagh, and provided his brother with the data that he would use to argue that state control of factors of production would reduce both the suffering of the common man and increase efficiency.;x
sidney_webb;Bida Fovkazh;
sidney_webb_desc;Bida Fovkazh was a factory manager in Jiishanâg who quickly adopted functionalist-statist principles in his operation. By refusing to sell a large number of his goods and rendering them directly to his workers, and attempting to set up an autarkic system, he was a pioneer of the statist cartel firms that would so trouble governments in the early 14th century.;x
karl_kautsky;Yomeg Og Yezoz;x
karl_kautsky_desc;Yomeg Og Yezoz was a Takemogine longshoreman who worked in the dockywards in Seikaukz. Exposed to functionalist and statist critiques, he attempted to agitate both the government and his employers to do more for the working industrial classes. He would later join the parliament as the first electee of the Takemogi statist party.;x
friedrich_list;Makoun Sha-Gosod Sha-Man;x
friedrich_list-desc;Makoun Sha-Gosod Sha-Man, a scion of the illustrious Poumnian aristocratic house of Sha-Gosod Sha-Man, which would also produce the later, better known Vufo Sha-Gosod Sha-Man, agitated by what he described as 'demotic' and 'sickeningly plebian gashdzoun thinking' economic thought, especially statism, described an economic system where he believed that there were naturally aristocratic classes in every society and economic, and natural slave peoples, and there was no point in reforming the economy.;x
wilhelm_roscher;Droum Sha-Mushim;x
wilhelm_roscher_desc;Droum Sha-Mushim was an economist of the school of what would come to be called the 'organical school'. The organical school emphasised the historical and cultural development of economic systems, drawing on the work of Hwamp Puur.;
bruno_hildebrand;Jêbun Yannagath;x
bruno_hildebrand_desc;Jêbun Yannagath was an organicist economist from the Rannu Empire. He criticised the industrial developement in society and was a major interpreter of Tehuhrite law in context of modern economic developments.;x
karl_knies;Foda Nagjoni;x
karl_knies_desc;Foda Nagjoni was a numismatician, who complied a large catalogue of the history of coinage in Ishahfazh. His work incidentally contained a number of monetary theories, grounded in organicist thinking.;
gustav_von_schmoller;Shrumu Mruuwun;x
gustav_von_schmoller_desc;Shrumu Mruuwun was another major member of the organistic school. Long a professor in the Studium of Prousorum, his works on value largely gradually descended into apologetics for the Poumnian regime.;x
adolph_wagner;Druut Sha-Mang;
adolph_wagner_desc;Druut Sha-Mang was a major theorist of war economy, and public financing. He studied historical methods of loan raising by governments, and became an early theoretician of trust.;
william_cunningham;Nokodopau Vokuma;x
william_cunningham_desc;Nokodopau Vokuma was a Vokonazhi aristocrat and planter, who became an early agronomist, as well as a reactionary advocate, describing a paternalistic and pastoralist 'folk economy'.;x
the_historical_theory;The Organical Critique;x
the_historical_theory_desc;The Organical Critique;x
neoclassical_theory;Institutional Economics;
neoclassical_theory_desc;Institutional Economics;
keynesian_economics;Gosodian Economics;
keynesian_economics_desc;Gosodian Economics;
john_maynard_keynes;Vufo Sha-Gosod Sha-Man;x
john_maynard_keynes_desc;Vufo Sha-Gosod Sha-Man was a highly influential economist, who may be said to be the 'economist of empire'. Suggesting that large, self suficient economic blogs can run up colossal debts to finance imperial wars, he justified the arms race of the late 14th century by appeal to high government debt spending as a drive of demand and economic growth.;x
richard_kahn;Guabjim Fauzhkt;x
richard_kahn_desc;Guabjim Fauzhkt was the first finance minister of the Nâgine absolutist government. He advocated for large scale printing of money to finance the various nagine war efforts.;x
ludwig_von_mises;Buro Tugot-So;x
ludwig_von_mises_desc;Buro Tugot-So was a major member of the Athisoroon parliament's 'tarrif party'. He advocated repeatedly raising tarrifs, and borrowing and spending extensively, in accordance with the Gosodian school.;x
friedrich_hayek;Masogu Foma-So;
friedrich_hayek_desc;Masogu Foma-So was one of the few dissenting voices in the heydey of Godosian economics. By clining to a liberationist economy, grounded in organically acting small producers, and echewing debt, he was a relict of the organicist school.;
jean_jaures;Fimpo Sha-Pomp;;;;;;;;;;;;;x
jean_jaures_desc;Fimpo Sha-Pomp was one of the few poumnian adopters of operationalism. He was a major student of production efficency and economy of scale.;;;;;;;;;;;;;x
johann_heinrich_von_thunen;Dhomâmak Maptazh;;;;;;;;;;;;;x
johann_heinrich_von_thunen_desc;The instituional school was one of the most developed economic schools of the 14th century. It was centered around the person and work of Dhomâmak Maptazh, who argued that instituions, customs, and states shape markets, as well as market behaviour. His rationalistic method allowed for a great degree of study of many topics within an institutionalist paradigm.;;;;;;;;;;;;;x
leon_walras;Mazupt Pazhkash;;;;;;;;;;;;;x
leon_walras_desc;Mazupt Pazhkash was a major student of marginality. He came to this in fact in terms of studying 'losses' incurred in taxation, by the tax payer, in his studies of the effects of taxation on market behaviour.;;;;;;;;;;;;;x
eugen_von_bohm_bawerk;Boddamag Gidazh;;;;;;;;;;;;;x
eugen_von_bohm_bawerk_desc;Boddamag Gidazh was an important student of social behaviour and consumption. His studies bled into sociology. He was a professor at the studium of Nozho.;;;;;;;;;;;;;x
stanley_jevons;Wroushou Tzamutzi;;;;;;;;;;;;;x
stanley_jevons_desc;Wroushou Tzamutzi was one of the first complete student of markets: how they come into being, the different sorts of markets (e.g. thin vs thick) and how markets take on definite characters related to trust and regulation.;;;;;;;;;;;;;x
carl_menger;Kib Mroud;;;;;;;;;;;;;x
carl_menger_desc;Kib Mroud was a Poumnian exponent of the instituional school. He drew on the work of the precursors of the instituional school, especially his countryman Voun Sha-Pomid.;;;;;;;;;;;;;x
thorstein_veblen;Zadak Optazh;;;;;;;;;;;;;x
thorstein_veblen_desc;Zadak Optazh was an instituionalist student of household economics. He studied the reasons everyday persons make economic choices.;;;;;;;;;;;;;x
alfred_marshall;Mahdmaut Maktazh;;;;;;;;;;;;;x
alfred_marshall_desc;Mahdmaut Maktazh was an instituionalist student of the role of technological development in economic growth: the role of research in accounting for gaps in traditional economic theory's explanation of the astounding growth that came with industrialisation.;;;;;;;;;;;;;x
augustin_cournot;Pruudum Sha-Trunguntwu;;;;;;;;;;;;;x
augustin_cournot_desc;Pruudum Sha-Trunguntwu was a theorist of economic epistemology: how the economic of information effects economic choices and behaviour.;;;;;;;;;;;;;x
jules_dupuit;Orumuu Vorid;;;;;;;;;;;;;x
jules_dupuit_desc;Orumuu Vorid was a theorist of land usage. Particularly, he connected theories of marginality to land usage, and suggested reasons for colonial expansions were a consequence of increasingly poor returns on occupying new land in a given land market.;;;;;;;;;;;;;x
knut_wicksell;Middanak Doshkva;;;;;;;;;;;;;x
knut_wicksell_desc;Middanak Doshkva was a theorist of the sociology of business enterprises and their role in shaping consumption patterns. He studied avaliability and substituion.;;;;;;;;;;;;;x
vilfredo_pareto;Pâazahpt Dazhpt;;;;;;;;;;;;;x
vilfredo_pareto_desc;Pâazahpt Dazhpt was a theorist of market cycles. He attempted to understand why crashes happened, and came to the conclusion that they were driven by excessive production.;;;;;;;;;;;;;x
irving_fischer;Nobamedes Zhakdi;;;;;;;;;;;;;x
irving_fischer_desc;Nobamedes Zhakdi was a theorist of market cycles. He attempted to understand why crashes happened, and came to the conclusion that they were driven by limits to the money supply.;;;;;;;;;;;;;x
joseph_schumpeter;Mraakunt Sha-Mong;;;;;;;;;;;;;x
joseph_schumpeter_desc;Mraakunt Sha-Mong was a theorist of historical technological growth. He suggested that thin markets were vulnerable to knowledge loss.;;;;;;;;;;;;;x
#dominion_real_liberationist;Liberationist Party;;;;;;;;;;;;;x
#dominion_real_free_yoker;Free-Yoker Faction;;;;;;;;;;;;;x
#dominion_real_statist;Statist Party;;;;;;;;;;;;;x
#dominion_real_absolutist;Absolutist Party;;;;;;;;;;;;;x
#dominion_real_theocratist;Theocratist Party;;;;;;;;;;;;;x
#dominion_real_conservative;The New Conservatives;;;;;;;;;;;;;x
#dominion_real_reactionary;The Old Guard;;;;;;;;;;;;;x
#dominion_real_conservative_old;The Old Conservatives;;;;;;;;;;;;;x
dominion_real_liberationist;Liberationist Party;;;;;;;;;;;;;x
dominion_real_free_yoker;The Boer Party;;;;;;;;;;;;;x
dominion_real_statist;Statist Party;;;;;;;;;;;;;x
dominion_real_absolutist;Absolutist Party;;;;;;;;;;;;;x
dominion_real_theocratist;Theocratist Party;;;;;;;;;;;;;x
dominion_real_conservative;The Conservatives;;;;;;;;;;;;;x
dominion_real_reactionary;The Exclusionists;;;;;;;;;;;;;x
dominion_real_conservative_old;The Particularists;;;;;;;;;;;;;x
bonded_state_liberationist;The Liberation Party;;;;;;;;;;;;;x
bonded_state_free_yoker;The Radicals;;;;;;;;;;;;;x
bonded_state_statist;The Development Party;;;;;;;;;;;;;x
bonded_state_absolutist;The Absolutist Party;;;;;;;;;;;;;x
bonded_state_theocratist;The Theocratist Party;;;;;;;;;;;;;x
bonded_state_conservative;The Moderates;;;;;;;;;;;;;x
bonded_state_reactionary;The Reformers;;;;;;;;;;;;;x
bonded_state_conservative_old;The Particularists;;;;;;;;;;;;;x
JII_liberationist;The Social Radicals;;;;;;;;;;;;;x
JII_free_yoker;Freemans' Union;;;;;;;;;;;;;x
JII_statist;Social-Authoritarian Party;;;;;;;;;;;;;x
JII_absolutist;All-Syndicates Absolutist Party;;;;;;;;;;;;;x
JII_theocratist;Party of the Fist;;;;;;;;;;;;;x
JII_conservative;The Conservatives;;;;;;;;;;;;;x
JII_reactionary;The Country Party;;;;;;;;;;;;;x
JII_conservative_old;The Particularists;;;;;;;;;;;;;x
GOZ_liberationist;The Radicals;;;;;;;;;;;;;x
GOZ_free_yoker;Landsman and Yeoman's Confederation;;;;;;;;;;;;;x
GOZ_statist;The Unionists;;;;;;;;;;;;;x
GOZ_absolutist;Solidarty Party;;;;;;;;;;;;;x
GOZ_theocratist;Deacon Mogga's Clique;;;;;;;;;;;;;x
GOZ_conservative;The Federalists;;;;;;;;;;;;;x
GOZ_reactionary;The Royalists;;;;;;;;;;;;;x
GOZ_conservative_old;The Particularists;;;;;;;;;;;;;x
TGN_liberationist;The Social-Radical Bloc;;;;;;;;;;;;;x
TGN_free_yoker;Pan-Nâgi Landsman's Bund;;;;;;;;;;;;;x
TGN_statist;The Ministerial Party;;;;;;;;;;;;;x
TGN_absolutist;The Land Reform Trust;;;;;;;;;;;;;x
TGN_theocratist;The Theocratist Party;;;;;;;;;;;;;x
TGN_conservative;The Backbenchers;;;;;;;;;;;;;x
TGN_reactionary;The Ultra-Regionalists;;;;;;;;;;;;;x
TGN_conservative_old;The Particularists;;;;;;;;;;;;;x
POU_liberationist;The Dridniks;;;;;;;;;;;;;x
POU_free_yoker;Mudmens' Bund;;;;;;;;;;;;;x
POU_statist;Imperial Reform Party;;;;;;;;;;;;;x
POU_absolutist;Lord Shum's Faction;;;;;;;;;;;;;x
POU_theocratist;Imperial Temple League;;;;;;;;;;;;;x
POU_conservative;The Royalists;;;;;;;;;;;;;x
POU_reactionary;The Ultraroyalists;;;;;;;;;;;;;x
POU_old_conservative;The Provincialists;;;;;;;;;;;;;;x
PAK_liberationist;Free-Communitarian Party;;;;;;;;;;;;;x
PAK_free_yoker;The Bandits' League;;;;;;;;;;;;;x
PAK_statist;Developmentalist Party;;;;;;;;;;;;;x
PAK_absolutist;The Reform Party;;;;;;;;;;;;;x
PAK_theocratist;Justicial Party;;;;;;;;;;;;;x
PAK_conservative;The Federalists;;;;;;;;;;;;;x
PAK_reactionary;The Magnates' Faction;;;;;;;;;;;;;x
PAK_conservative_old;The Conederalists;;;;;;;;;;;;;x
PAS_liberationist;The Municipal Reform Party;;;;;;;;;;;;;x
PAS_free_yoker;West-Pozzak Dining Club;;;;;;;;;;;;;x
PAS_statist;Road-Reform League;;;;;;;;;;;;;x
PAS_absolutist;The PSGA;;;;;;;;;;;;;x
PAS_theocratist;The Poets' Party;;;;;;;;;;;;;x
PAS_conservative;The Jokzo Club;;;;;;;;;;;;;x
PAS_reactionary;The Courtiers' Party;;;;;;;;;;;;;x
PAS_conservative_old;The Burghers' Syndicate;;;;;;;;;;;;;x
VOK_liberationist;The Radical Party;;;;;;;;;;;;;x
VOK_free_yoker;The Metayers' League;;;;;;;;;;;;;x
VOK_statist;Orthodox Mudtian Statist Party;;;;;;;;;;;;;x
VOK_absolutist;The VSGA;;;;;;;;;;;;;x
VOK_theocratist;Doshkine Honour League;;;;;;;;;;;;;x
VOK_conservative;The Constabular Party;;;;;;;;;;;;;x
VOK_reactionary;The High Constabulary;;;;;;;;;;;;;x
VOK_conservative_old;The Agrarian League;;;;;;;;;;;;;x
GAU_liberationist;The Nimizites;;;;;;;;;;;;;x
GAU_free_yoker;The Yoke-Breakers;;;;;;;;;;;;;x
GAU_statist;The Statists;;;;;;;;;;;;;x
GAU_absolutist;All-Gaubja Absolutist Syndicate;;;;;;;;;;;;;x
GAU_theocratist;The Churchman's Party;;;;;;;;;;;;;x
GAU_conservative;The Conservatives;;;;;;;;;;;;;x
GAU_reactionary;The King's Party;;;;;;;;;;;;;x
GAU_conservative_old;The Madhmo Party;;;;;;;;;;;;;x
VAF_liberationist;The Independent Radicals;;;;;;;;;;;;;x
VAF_free_yoker;The Whiteback Party;;;;;;;;;;;;;x
VAF_statist;Union and Defence Party;;;;;;;;;;;;;x
VAF_absolutist;Vafauti Absolutist Board;;;;;;;;;;;;;x
VAF_theocratist;The Clericalists;;;;;;;;;;;;;x
VAF_conservative;The Prince's Party;;;;;;;;;;;;;x
VAF_reactionary;The Militarists;;;;;;;;;;;;;x
VAF_conservative_old;The Planters' Party;;;;;;;;;;;;;x
VUG_liberationist;The Oortothi Party;;;;;;;;;;;;;x
VUG_free_yoker;Blessed Landsman's League;;;;;;;;;;;;;x
VUG_statist;The Developmentalist Party;;;;;;;;;;;;;x
VUG_absolutist;Order and Solidarity Party;;;;;;;;;;;;;x
VUG_theocratist;Party of the Drupe;;;;;;;;;;;;;x
VUG_conservative;The Goothins;;;;;;;;;;;;;x
VUG_conservative_old;The Masogins;;;;;;;;;;;;;x
VUG_reactionary;The Old Athisards;;;;;;;;;;;;;x
KID_liberationist;The Social Extremists;;;;;;;;;;;;;x
KID_free_yoker;The Free-Soil Party;;;;;;;;;;;;;x
KID_statist;Imperial Reform Party;;;;;;;;;;;;;x
KID_absolutist;Imperial Unity Party;;;;;;;;;;;;;x
KID_theocratist;Pan-Gashdziik Theocratist Synod;;;;;;;;;;;;;x
KID_conservative;The Imperialists;;;;;;;;;;;;;x
KID_reactionary;The Party of the Dhovs;;;;;;;;;;;;;x
KID_conservative_old;The Particularists;;;;;;;;;;;;;x
RAN_liberationist;The Gagav Dovâ;;;;;;;;;;;;;x
RAN_free_yoker;The Roots and Soil League;;;;;;;;;;;;;x
RAN_statist;The Social Tribunate;;;;;;;;;;;;;x
RAN_absolutist;Rannutan Social-Absolutist Bloc;;;;;;;;;;;;;x
RAN_theocratist;The Young Unnahu;;;;;;;;;;;;;x
RAN_conservative;The Dâveb Party;;;;;;;;;;;;;x
RAN_reactionary;The Court Faction;;;;;;;;;;;;;x
RAN_conservative_old;The Country Faction;;;;;;;;;;;;;x
VAD_liberationist;The Gagav Dovâ;;;;;;;;;;;;;x
VAD_free_yoker;The Roots and Soil League;;;;;;;;;;;;;x
VAD_statist;The Reformists;;;;;;;;;;;;;x
VAD_absolutist;Vadobethine Social-Absolutist Bloc;;;;;;;;;;;;;x
VAD_theocratist;The Theocratist Clique;;;;;;;;;;;;;x
VAD_conservative;The Dâveb Party;;;;;;;;;;;;;x
VAD_reactionary;The Revanchist Faction;;;;;;;;;;;;;x
VAD_conservative_old;The Estates Faction;;;;;;;;;;;;;x
MAM_liberationist;The Pavillion of Moths;;;;;;;;;;;;;x
MAM_free_yoker;The Weavers' Syndicate;;;;;;;;;;;;;x
MAM_statist;The Social-Statist Party;;;;;;;;;;;;;x
MAM_absolutist;Social Revolutionary Absolutist Party;;;;;;;;;;;;;x
MAM_theocratist;The Maou of the Nation;;;;;;;;;;;;;x
MAM_conservative;The Black Tower Party;;;;;;;;;;;;;x
MAM_reactionary;The White Tower Party;;;;;;;;;;;;;x
MAM_conservative_old;The Little Tower;;;;;;;;;;;;;x
YAM_liberationist;The Maou of the Folk;;;;;;;;;;;;;x
YAM_free_yoker;The Hajduks;;;;;;;;;;;;;x
YAM_statist;The North Social-Statist Party;;;;;;;;;;;;;x
YAM_absolutist;Social Revolutionary Absolutist Party;;;;;;;;;;;;;x
YAM_theocratist;The Maou of the Yama;;;;;;;;;;;;;x
YAM_conservative;The Conservatives;;;;;;;;;;;;;x
YAM_reactionary;The Seed-Planters;;;;;;;;;;;;;x
YAM_conservative_old;The Giegites;;;;;;;;;;;;;x
TAK_liberationist;Sako-Soum Alliance;;;;;;;;;;;;;x
TAK_free_yoker;The Lubber's Bund;;;;;;;;;;;;;x
TAK_statist;The Deikauks;;;;;;;;;;;;;x
TAK_absolutist;The Yaukauks;;;;;;;;;;;;;x
TAK_theocratist;The Iron Guard;;;;;;;;;;;;;x
TAK_conservative;The New Conservatives;;;;;;;;;;;;;x
TAK_reactionary;The Old Conservatives;;;;;;;;;;;;;x
TAK_conservative_old;The Free Conservatives;;;;;;;;;;;;;x
BOG_liberationist;The Bukobs;;;;;;;;;;;;;x
BOG_free_yoker;The Haijduk's League;;;;;;;;;;;;;x
BOG_statist;Social Modernization Federation;;;;;;;;;;;;;x
BOG_absolutist;Union and Justice Party;;;;;;;;;;;;;x
BOG_theocratist;The Fatherland Party;;;;;;;;;;;;;x
BOG_conservative;The Yellow Party;;;;;;;;;;;;;x
BOG_reactionary;The Party of the Old Bog;;;;;;;;;;;;;x
BOG_conservative_old;The White Party;;;;;;;;;;;;;x
GHE_liberationist;Neer Om-Drit;;;;;;;;;;;;;x
GHE_free_yoker;Ghechyamy Liberation League;;;;;;;;;;;;;x
GHE_statist;Ghechan Peoples' Statist Party;;;;;;;;;;;;;x
GHE_absolutist;Grey-Front Fighters;;;;;;;;;;;;;x
GHE_theocratist;Neer Ghan Gheecha;;;;;;;;;;;;;x
GHE_conservative;Neer Baym-Ghech;;;;;;;;;;;;;x
GHE_reactionary;The Qeygs;;;;;;;;;;;;;x
GHE_conservative_old;Neer Dep;;;;;;;;;;;;;x
JAD_liberationist;The Radicals;;;;;;;;;;;;;x
JAD_free_yoker;The Mule-and-Seed League;;;;;;;;;;;;;x
JAD_statist;Jadiimi Mudtian Statist Party;;;;;;;;;;;;;x
JAD_absolutist;Jadiimi Gamatist Party;;;;;;;;;;;;;x
JAD_theocratist;Temple Protection League;;;;;;;;;;;;;x
JAD_conservative;The Millers;;;;;;;;;;;;;x
JAD_reactionary;The Dhovaks;;;;;;;;;;;;;x
JAD_conservative_old;The Planters;;;;;;;;;;;;;x
AYU_liberationist;Peace and Tolerance League;;;;;;;;;;;;;x
AYU_free_yoker;The Pastoralists' Bund;;;;;;;;;;;;;x
AYU_statist;Unity and Progress Party;;;;;;;;;;;;;x
AYU_absolutist;The New Royalists;;;;;;;;;;;;;x
AYU_theocratist;Parosou-Yak Party;;;;;;;;;;;;;x
AYU_conservative;The Old Royalists;;;;;;;;;;;;;x
AYU_reactionary;The Isolationists;;;;;;;;;;;;;x
AYU_conservative_old;The Confederation Party;;;;;;;;;;;;;x
WGG_liberationist;The Radicals;;;;;;;;;;;;;x
WGG_free_yoker;The Mule-and-Seed League;;;;;;;;;;;;;x
WGG_statist;The Mudtian Statist Party;;;;;;;;;;;;;x
WGG_absolutist;The Gamatist Party;;;;;;;;;;;;;x
WGG_theocratist;Temple Protection League;;;;;;;;;;;;;x
WGG_conservative;The Burghers;;;;;;;;;;;;;x
WGG_reactionary;The Dhovaks;;;;;;;;;;;;;x
WGG_conservative_old;The Planters;;;;;;;;;;;;;x
WGC_liberationist;The Anti-Magisterials;;;;;;;;;;;;;x
WGC_free_yoker;The Congregationalists;;;;;;;;;;;;;x
WGC_statist;The Secularization League;;;;;;;;;;;;;x
WGC_absolutist;The Gamatist Party;;;;;;;;;;;;;x
WGC_theocratist;The Traditionalists;;;;;;;;;;;;;x
WGC_conservative;The Conservatives;;;;;;;;;;;;;x
WGC_reactionary;The Synodial Faction;;;;;;;;;;;;;x
WGC_conservative_old;The Lay Party;;;;;;;;;;;;;x
WAP_liberationist;The Bobuan Party;;;;;;;;;;;;;x
WAP_free_yoker;Party of the Moug;;;;;;;;;;;;;x
WAP_statist;Wapkami Reform League;;;;;;;;;;;;;x
WAP_absolutist;Wapkami Absolutist Secretariat;;;;;;;;;;;;;x
WAP_theocratist;Imperial Tribute League;;;;;;;;;;;;;x
WAP_conservative;The Estate Party;;;;;;;;;;;;;x
WAP_reactionary;The Conquest Party;;;;;;;;;;;;;x
WAP_conservative_old;The Conservative Party;;;;;;;;;;;;;x
RST_liberationist;The Radicals;;;;;;;;;;;;;x
RST_free_yoker;The Bushmans' Bund;;;;;;;;;;;;;x
RST_statist;Land Clearance League;;;;;;;;;;;;;x
RST_absolutist;Roshutan Absolutist Secretariat;;;;;;;;;;;;;x
RST_theocratist;Imperial Federation League;;;;;;;;;;;;;x
RST_conservative;The Radical Conservatives;;;;;;;;;;;;;x
RST_reactionary;The Traditionalists;;;;;;;;;;;;;x
RST_conservative_old;The Old Conservatives;;;;;;;;;;;;;x
TWD_liberationist;The Reformists;;;;;;;;;;;;;x
TWD_free_yoker;The Bushmans' Bund;;;;;;;;;;;;;x
TWD_statist;Shirshan League;;;;;;;;;;;;;x
TWD_absolutist;Towuzhan Absolutist Secretariat;;;;;;;;;;;;;x
TWD_theocratist;Vopudwou Shrish;;;;;;;;;;;;;x
TWD_conservative;Toshawriz Party;;;;;;;;;;;;;x
TWD_reactionary;The Traditionalists;;;;;;;;;;;;;x
TWD_conservative_old;Shrud Party;;;;;;;;;;;;;x
dominion_liberationist;The Radicals;;;;;;;;;;;;;x
dominion_free_yoker;The Tribunate;;;;;;;;;;;;;x
dominion_statist;The Modernizers;;;;;;;;;;;;;x
dominion_absolutist;The Absolutist Party;;;;;;;;;;;;;x
dominion_theocratist;The Neo-Traditionalists;;;;;;;;;;;;;x
dominion_conservative;The Conservatives;;;;;;;;;;;;;x
dominion_reactionary;The Traditionalists;;;;;;;;;;;;;x
dominion_conservative_old;The Agrarians;;;;;;;;;;;;;x
FAH_liberationist;The Sunset Party;;;;;;;;;;;;;x
FAH_free_yoker;The Tangyak Group;;;;;;;;;;;;;x
FAH_statist;Fahseuhn Statist Chapter;;;;;;;;;;;;;x
FAH_absolutist;The Gamatist Faction;;;;;;;;;;;;;x
FAH_theocratist;The Circle of Betz-Yakon;;;;;;;;;;;;;x
FAH_conservative;The Pruuntish Citizenry Party;;;;;;;;;;;;;x
FAH_reactionary;The Princely Clique;;;;;;;;;;;;;x
FAH_conservative_old;The Commonwealth Party;;;;;;;;;;;;;x
PRE_liberationist;The Liberationists;;;;;;;;;;;;;x
PRE_free_yoker;Veuzu Unredeemed;;;;;;;;;;;;;x
PRE_statist;Preuhn Statist Chapter;;;;;;;;;;;;;x
PRE_absolutist;The Gamatist Faction;;;;;;;;;;;;;x
PRE_theocratist;Honor and Wisdom Party;;;;;;;;;;;;;x
PRE_conservative;The Pruuntish Citizenry Party;;;;;;;;;;;;;x
PRE_reactionary;House Preuhn's Guard;;;;;;;;;;;;;x
PRE_conservative_old;The Country Party;;;;;;;;;;;;;x
BAH_liberationist;The Annexationists;;;;;;;;;;;;;x
BAH_free_yoker;The Bog-Beaters;;;;;;;;;;;;;x
BAH_statist;Bahdro Statist Chapter;;;;;;;;;;;;;x
BAH_absolutist;The Gamatist Faction;;;;;;;;;;;;;x
BAH_theocratist;Anti-Tribute League;;;;;;;;;;;;;x
BAH_conservative;The Anti-Annexationists;;;;;;;;;;;;;x
BAH_reactionary;The Regionalists;;;;;;;;;;;;;x
BAH_conservative_old;The Growers' Cartel;;;;;;;;;;;;;x
TAH_liberationist;The Autonomists;;;;;;;;;;;;;x
TAH_free_yoker;Mekyum's Guild;;;;;;;;;;;;;x
TAH_statist;The Insularists;;;;;;;;;;;;;x
TAH_absolutist;The Absolutist Faction;;;;;;;;;;;;;x
TAH_theocratist;Anti-Tribute League;;;;;;;;;;;;;x
TAH_conservative;House Thaykum Loyalists;;;;;;;;;;;;;x
TAH_reactionary;The Ultra-Loyalists;;;;;;;;;;;;;x
TAH_conservative_old;The Root Lords;;;;;;;;;;;;;x
SON_liberationist;The Popular-Radicals;;;;;;;;;;;;;x
SON_free_yoker;The Gondliers' League;;;;;;;;;;;;;x
SON_statist;The Pruuntish Unity Party;;;;;;;;;;;;;x
SON_absolutist;Hydomite Absolutist Party;;;;;;;;;;;;;x
SON_theocratist;Anti-Imperial League;;;;;;;;;;;;;x
SON_conservative;The Radical-Populists;;;;;;;;;;;;;x
SON_reactionary;The Imperialists;;;;;;;;;;;;;x
SON_conservative_old;The Conservatives;;;;;;;;;;;;;x
RUD_liberationist;The Greens;;;;;;;;;;;;;x
RUD_free_yoker;The Herdsmen's Party;;;;;;;;;;;;;x
RUD_statist;The Pruuntish Unity Party;;;;;;;;;;;;;x
RUD_absolutist;Hydomite Absolutist Party;;;;;;;;;;;;;x
RUD_theocratist;Anti-Imperial League;;;;;;;;;;;;;x
RUD_conservative;The Pruuntish Citizenry Party;;;;;;;;;;;;;x
RUD_reactionary;Tyaka's Men;;;;;;;;;;;;;x
RUD_conservative_old;The Conservatives;;;;;;;;;;;;;x
ROD_liberationist;The Communitarians;;;;;;;;;;;;;x
ROD_free_yoker;The Ykont Bunch;;;;;;;;;;;;;x
ROD_statist;The Pruuntish Unity Party;;;;;;;;;;;;;x
ROD_absolutist;Hydomite Absolutist Party;;;;;;;;;;;;;x
ROD_theocratist;The Faithful of Rod;;;;;;;;;;;;;x
ROD_conservative;The Pruuntish Citizenry Party;;;;;;;;;;;;;x
ROD_reactionary;The Black Flag Party;;;;;;;;;;;;;x
ROD_conservative_old;The Conservatives;;;;;;;;;;;;;x
YEU_liberationist;The Moderates;;;;;;;;;;;;;x
YEU_free_yoker;The Extremists;;;;;;;;;;;;;x
YEU_statist;The Developmentalists;;;;;;;;;;;;;x
YEU_absolutist;Gamatist Absolutist Party;;;;;;;;;;;;;x
YEU_theocratist;The Anti-Tribute Party;;;;;;;;;;;;;x
YEU_conservative;The Blue Party;;;;;;;;;;;;;x
YEU_reactionary;The Old Men;;;;;;;;;;;;;x
YEU_conservative_old;The Traditionalists;;;;;;;;;;;;;x
WUH_liberationist;The Brotherhood Party;;;;;;;;;;;;;x
WUH_free_yoker;Pruuntish Supremacy Party;;;;;;;;;;;;;x
WUH_statist;The Regionalists;;;;;;;;;;;;;x
WUH_absolutist;Gamatist Absolutist Party;;;;;;;;;;;;;x
WUH_theocratist;The Anti-Tribute Bloc;;;;;;;;;;;;;x
WUH_conservative;The Conservatives;;;;;;;;;;;;;x
WUH_reactionary;House Tzau-Thomon;;;;;;;;;;;;;x
WUH_conservative_old;The Reed-Planters;;;;;;;;;;;;;x
DEU_liberationist;The Deuuyeuru Party;;;;;;;;;;;;;x
DEU_free_yoker;The Justice Party;;;;;;;;;;;;;x
DEU_statist;The Mudtians;;;;;;;;;;;;;x
DEU_absolutist;Gamatist Absolutist Party;;;;;;;;;;;;;x
DEU_theocratist;The Circle of Betz-Omon;;;;;;;;;;;;;x
DEU_conservative;The Pruuntish Citizenry Party;;;;;;;;;;;;;x
DEU_reactionary;House Traditionalists;;;;;;;;;;;;;x
DEU_conservative_old;The Imperialists;;;;;;;;;;;;;x
PRT_liberationist;The Pruuntish Justice Party;;;;;;;;;;;;;x
PRT_free_yoker;The Folk Party;;;;;;;;;;;;;x
PRT_statist;The Moderates;;;;;;;;;;;;;x
PRT_absolutist;P.O.H.A.P.;;;;;;;;;;;;;x
PRT_theocratist;The Circle of Betz-Omon;;;;;;;;;;;;;x
PRT_conservative;The Pruuntish Citizenry Party;;;;;;;;;;;;;x
PRT_reactionary;The Colonialists;;;;;;;;;;;;;x
PRT_conservative_old;The Regionalists;;;;;;;;;;;;;x
OMU_liberationist;The Modernizers;;;;;;;;;;;;;x
OMU_free_yoker;The Utithe;;;;;;;;;;;;;x
OMU_statist;Tohigh Tu'mu;;;;;;;;;;;;;x
OMU_absolutist;Tohigh Tod;;;;;;;;;;;;;x
OMU_theocratist;Ihn Thepu;;;;;;;;;;;;;x
OMU_conservative;Ihu Timuth;;;;;;;;;;;;;x
OMU_reactionary;The Party of The Mullahs;;;;;;;;;;;;;x
OMU_conservative_old;The Cantonial Caucus;;;;;;;;;;;;;x
ODO_liberationist;The Modernizers;;;;;;;;;;;;;x
ODO_free_yoker;Gasogi Rioters;;;;;;;;;;;;;x
ODO_statist;The Sovans;;;;;;;;;;;;;x
ODO_absolutist;State Reform League;;;;;;;;;;;;;x
ODO_theocratist;Miret-Hit-Kagash;;;;;;;;;;;;;x
ODO_conservative;The Clique of the Hit;;;;;;;;;;;;;x
ODO_reactionary;Suhe-Tawit;;;;;;;;;;;;;x
ODO_conservative_old;The Thrallmasters;;;;;;;;;;;;;x
POH_liberationist;The Reformers;;;;;;;;;;;;;x
POH_free_yoker;The Herdsmen;;;;;;;;;;;;;x
POH_statist;Tohigh Tu'mu Mudtian-Branch;;;;;;;;;;;;;x
POH_absolutist;Tohigh Tu'mu Gamatist-Branch;;;;;;;;;;;;;x
POH_theocratist;Ihn Tothudi;;;;;;;;;;;;;x
POH_conservative;Sphohet Omed;;;;;;;;;;;;;x
POH_reactionary;Thuhd Party;;;;;;;;;;;;;x
POH_conservative_old;The Transmontanian Party;;;;;;;;;;;;;x
SIH_liberationist;The Reformers;;;;;;;;;;;;;x
SIH_free_yoker;The Herdsmen;;;;;;;;;;;;;x
SIH_statist;Tohigh Tu'mu Mudtian-Branch;;;;;;;;;;;;;x
SIH_absolutist;Tohigh Tu'mu Gamatist-Branch;;;;;;;;;;;;;x
SIH_theocratist;Ihn Tothudi;;;;;;;;;;;;;x
SIH_conservative;The Lowlanders;;;;;;;;;;;;;x
SIH_reactionary;Thuhd Party;;;;;;;;;;;;;x
SIH_conservative_old;The Uplanders;;;;;;;;;;;;;x
SPO_liberationist;The Urbanists;;;;;;;;;;;;;x
SPO_free_yoker;The Herdsmen;;;;;;;;;;;;;x
SPO_statist;Tohigh Tu'mu Mudtian-Branch;;;;;;;;;;;;;x
SPO_absolutist;Tohigh Tu'mu Gamatist-Branch;;;;;;;;;;;;;x
SPO_theocratist;Ihn Tothudi;;;;;;;;;;;;;x
SPO_conservative;The City Party;;;;;;;;;;;;;x
SPO_reactionary;Thuhd Party;;;;;;;;;;;;;x
SPO_conservative_old;The Country Party;;;;;;;;;;;;;x
HAH_liberationist;The Regional Oortothi;;;;;;;;;;;;;x
HAH_free_yoker;The Blessed Landsmans' League;;;;;;;;;;;;;x
HAH_statist;Count Higu's Clique;;;;;;;;;;;;;x
HAH_absolutist;H.O.G.A.P.;;;;;;;;;;;;;x
HAH_theocratist;The Clericals;;;;;;;;;;;;;x
HAH_conservative;The Count Gooth-so's Party;;;;;;;;;;;;;x
HAH_reactionary;The Hahaboron Party;;;;;;;;;;;;;x
HAH_conservative_old;The Party of the Estates;;;;;;;;;;;;;x
SOG_liberationist;Sogan Freedom Party;;;;;;;;;;;;;x
SOG_free_yoker;The Blessed Landsmans' League;;;;;;;;;;;;;x
SOG_statist;Thomnian Canal Agency;;;;;;;;;;;;;x
SOG_absolutist;S.C.O.G.A.P.;;;;;;;;;;;;;x
SOG_theocratist;The Clericals;;;;;;;;;;;;;x
SOG_conservative;The Tributary Party;;;;;;;;;;;;;x
SOG_reactionary;The Regionalists;;;;;;;;;;;;;x
SOG_conservative_old;Count Wuvo's Men;;;;;;;;;;;;;x
ATH_liberationist;The Moderates;;;;;;;;;;;;;x
ATH_free_yoker;The Veyethun Faction;;;;;;;;;;;;;x
ATH_statist;The Radicals;;;;;;;;;;;;;x
ATH_absolutist;Athisoron Absolutist Party;;;;;;;;;;;;;x
ATH_theocratist;Hith-Yethu Statists;;;;;;;;;;;;;x
ATH_conservative;Hith Vatug;;;;;;;;;;;;;x
ATH_reactionary;The Restorationists;;;;;;;;;;;;;x
ATH_conservative_old;Sov Vatug;;;;;;;;;;;;;x
THS_liberationist;The Liberum Party;;;;;;;;;;;;;x
THS_free_yoker;The Blessed Landsmans' League;;;;;;;;;;;;;x
THS_statist;Thesathine Statist Party;;;;;;;;;;;;;x
THS_absolutist;Land Reclamation League;;;;;;;;;;;;;x
THS_theocratist;Hith-Yethu Party;;;;;;;;;;;;;x
THS_conservative;House Thes Loyalists;;;;;;;;;;;;;x
THS_reactionary;The Athisards;;;;;;;;;;;;;x
THS_conservative_old;Thesathine-yo Vatug;;;;;;;;;;;;;x
THN_liberationist;The Metropolitans;;;;;;;;;;;;;x
THN_free_yoker;Jazhakdii Farmers' Fund;;;;;;;;;;;;;x
THN_statist;Tariff Reform League;;;;;;;;;;;;;x
THN_absolutist;All-Nagine Absolutist Party;;;;;;;;;;;;;x
THN_theocratist;Vaudshamno;;;;;;;;;;;;;x
THN_conservative;The Agrarians;;;;;;;;;;;;;x
THN_reactionary;The Castellans;;;;;;;;;;;;;x
THN_conservative_old;The Traders;;;;;;;;;;;;;x
BOZ_liberationist;Dhamit Artisan League;;;;;;;;;;;;;x
BOZ_free_yoker;Shozzo-Modt;;;;;;;;;;;;;x
BOZ_statist;The Constitutionalists;;;;;;;;;;;;;x
BOZ_absolutist;Bozzanazhi Orthodox Gamatist Party;;;;;;;;;;;;;x
BOZ_theocratist;The Missionary Party;;;;;;;;;;;;;x
BOZ_conservative;Lord Bozza's Clique;;;;;;;;;;;;;x
BOZ_reactionary;The Imperialists;;;;;;;;;;;;;x
BOZ_conservative_old;The Zashaupti;;;;;;;;;;;;;x
KUS_liberationist;Kadkohi Party;;;;;;;;;;;;;x
KUS_free_yoker;Land and Labour Party;;;;;;;;;;;;;x
KUS_statist;The Mudtians;;;;;;;;;;;;;x
KUS_absolutist;Kushnagi Orthodox Hydomite Party;;;;;;;;;;;;;x
KUS_theocratist;The New Faithful;;;;;;;;;;;;;x
KUS_conservative;The Commonwealth Party;;;;;;;;;;;;;x
KUS_reactionary;The Old Nagine;;;;;;;;;;;;;x
KUS_conservative_old;The Agrarian Party;;;;;;;;;;;;;x
DZN_liberationist;The Thalldom-Expansion League;;;;;;;;;;;;;x
DZN_free_yoker;Bushmans' League;;;;;;;;;;;;;x
DZN_statist;The Mudtians;;;;;;;;;;;;;x
DZN_absolutist;Dozhnagi Gamatist Party;;;;;;;;;;;;;x
DZN_theocratist;The Revivalists;;;;;;;;;;;;;x
DZN_conservative;Hrussan Exclusion Party;;;;;;;;;;;;;x
DZN_reactionary;The Imperialists;;;;;;;;;;;;;x
DZN_conservative_old;The Conservatives;;;;;;;;;;;;;x
ZHN_liberationist;The Liberationists;;;;;;;;;;;;;x
ZHN_free_yoker;The Landless Bunch;;;;;;;;;;;;;x
ZHN_statist;The Social-Reformers;;;;;;;;;;;;;x
ZHN_absolutist;Z.O.H.A.P;;;;;;;;;;;;;x
ZHN_theocratist;The Retributivists;;;;;;;;;;;;;x
ZHN_conservative;The Centralists;;;;;;;;;;;;;x
ZHN_reactionary;The Localists;;;;;;;;;;;;;x
ZHN_conservative_old;The Zhadkites;;;;;;;;;;;;;x
PPN_liberationist;The Doctrinaires;;;;;;;;;;;;;x
PPN_free_yoker;Bushmans' Bund;;;;;;;;;;;;;x
PPN_statist;The Mudtians;;;;;;;;;;;;;x
PPN_absolutist;Poponazhi Gamatist Party;;;;;;;;;;;;;x
PPN_theocratist;The Iconoclastic Party;;;;;;;;;;;;;x
PPN_conservative;The Nazhine Party;;;;;;;;;;;;;x
PPN_reactionary;The Monarchists;;;;;;;;;;;;;x
PPN_conservative_old;The Nagine Party;;;;;;;;;;;;;x
CHY_liberationist;The Reform Party;;;;;;;;;;;;;x
CHY_free_yoker;The Tower-Smashers;;;;;;;;;;;;;x
CHY_statist;Chyvitian Statist Party;;;;;;;;;;;;;x
CHY_absolutist;Gamatist-Hydomite Absolutist Party;;;;;;;;;;;;;x
CHY_theocratist;Hif-Wethu Party;;;;;;;;;;;;;x
CHY_conservative;Hif Wathom;;;;;;;;;;;;;x
CHY_reactionary;The Revanchists;;;;;;;;;;;;;x
CHY_conservative_old;Washo Vatug;;;;;;;;;;;;;x
MUB_liberationist;The Radicals;;;;;;;;;;;;;x
MUB_free_yoker;Free-Land Party;;;;;;;;;;;;;x
MUB_statist;Muboron Statist Party;;;;;;;;;;;;;x
MUB_absolutist;The Irrigationists;;;;;;;;;;;;;x
MUB_theocratist;The Sesine;;;;;;;;;;;;;x
MUB_conservative;Hit Vatug;;;;;;;;;;;;;x
MUB_reactionary;The Ghechyamy Thralldom League;;;;;;;;;;;;;x
MUB_conservative_old;Yatho Vatug;;;;;;;;;;;;;x
STH_liberationist;The Burghers;;;;;;;;;;;;;x
STH_free_yoker;The Troublemakers;;;;;;;;;;;;;x
STH_statist;The Turnpike;;;;;;;;;;;;;x
STH_absolutist;The Mountain;;;;;;;;;;;;;x
STH_theocratist;The Clerks;;;;;;;;;;;;;x
STH_conservative;Hit Vatug;;;;;;;;;;;;;x
STH_reactionary;The Thrall-Takers;;;;;;;;;;;;;x
STH_conservative_old;Yatho Vatug;;;;;;;;;;;;;x
VAS_liberationist;The Burghers;;;;;;;;;;;;;x
VAS_free_yoker;The Pit-Men;;;;;;;;;;;;;x
VAS_statist;The Barge-Men;;;;;;;;;;;;;x
VAS_absolutist;Tim Vatug;;;;;;;;;;;;;x
VAS_theocratist;Sesi Vatug;;;;;;;;;;;;;x
VAS_conservative;The Conservatives;;;;;;;;;;;;;x
VAS_reactionary;The Thrall-Takers;;;;;;;;;;;;;x
VAS_conservative_old;Yatho Vatug;;;;;;;;;;;;;x
MAC_liberationist;The Regional Oortothi;;;;;;;;;;;;;x
MAC_free_yoker;The Blessed Landsmans' League;;;;;;;;;;;;;x
MAC_statist;The Irrigationists;;;;;;;;;;;;;x
MAC_absolutist;M.O.G.A.P.;;;;;;;;;;;;;x
MAC_theocratist;The Radicals;;;;;;;;;;;;;x
MAC_conservative;Yatho Vatug;;;;;;;;;;;;;x
MAC_reactionary;The Lordly Party;;;;;;;;;;;;;x
MAC_conservative_old;The Swinemen's Party;;;;;;;;;;;;;x
DHA_liberationist;The Reformists;;;;;;;;;;;;;x
DHA_free_yoker;The Pit-Men's Bund;;;;;;;;;;;;;x
DHA_statist;The Statist Party;;;;;;;;;;;;;x
DHA_absolutist;Pahan Orthodox Hydomite Party;;;;;;;;;;;;;x
DHA_theocratist;Doshkine Faithful;;;;;;;;;;;;;x
DHA_conservative;The Squires;;;;;;;;;;;;;x
DHA_reactionary;The Dhovaks;;;;;;;;;;;;;x
DHA_conservative_old;The Cavaliers;;;;;;;;;;;;;x
SHZ_liberationist;The Non-Juring Party;;;;;;;;;;;;;x
SHZ_free_yoker;The Levellers;;;;;;;;;;;;;x
SHZ_statist;The Statist Party;;;;;;;;;;;;;x
SHZ_absolutist;Shukan Orthodox Gamatist Party;;;;;;;;;;;;;x
SHZ_theocratist;The Sepulchrine Party;;;;;;;;;;;;;x
SHZ_conservative;The Princely Party;;;;;;;;;;;;;x
SHZ_reactionary;The Militarists;;;;;;;;;;;;;x
SHZ_conservative_old;The Planters;;;;;;;;;;;;;x
CHS_liberationist;The Anti-Tarrif Party;;;;;;;;;;;;;x
CHS_free_yoker;The Free-Soil Bund;;;;;;;;;;;;;x
CHS_statist;The Mazakine;;;;;;;;;;;;;x
CHS_absolutist;C.O.G.P.;;;;;;;;;;;;;x
CHS_theocratist;The Southern Church;;;;;;;;;;;;;x
CHS_conservative;Pro-Confederation Party;;;;;;;;;;;;;x
CHS_reactionary;The Popular Party;;;;;;;;;;;;;x
CHS_conservative_old;Anti-Confederation Party;;;;;;;;;;;;;x
CHZ_liberationist;The Free-Men of Chazd;;;;;;;;;;;;;x
CHZ_free_yoker;The Non-Juring Men;;;;;;;;;;;;;x
CHZ_statist;The Reform Party;;;;;;;;;;;;;x
CHZ_absolutist;The Statist Extremists;;;;;;;;;;;;;x
CHZ_theocratist;The Synod Party;;;;;;;;;;;;;x
CHZ_conservative;The White-Conservatives;;;;;;;;;;;;;x
CHZ_reactionary;Lord Dona's Loyalists;;;;;;;;;;;;;x
CHZ_conservative_old;The Pink-Conservatives;;;;;;;;;;;;;x
PHI_liberationist;Pid Doghd;;;;;;;;;;;;;x
PHI_free_yoker;Pid Podhf;;;;;;;;;;;;;x
PHI_statist;Byapwag Pugh;;;;;;;;;;;;;x
PHI_absolutist;Riv Gupag Pugh;;;;;;;;;;;;;x
PHI_theocratist;The Men of the Head;;;;;;;;;;;;;x
PHI_conservative;Tita Pugh;;;;;;;;;;;;;x
PHI_reactionary;Elder's Pugh;;;;;;;;;;;;;x
PHI_conservative_old;Mountain Pugh;;;;;;;;;;;;;x
DAZ_liberationist;Pid Doghd;;;;;;;;;;;;;x
DAZ_free_yoker;Pid Podhf;;;;;;;;;;;;;x
DAZ_statist;Byapwag Pugh;;;;;;;;;;;;;x
DAZ_absolutist;Riv Gupag Pugh;;;;;;;;;;;;;x
DAZ_theocratist;The Men of the Head;;;;;;;;;;;;;x
DAZ_conservative;Dazhuntar Pugh;;;;;;;;;;;;;x
DAZ_reactionary;Elder's Pugh;;;;;;;;;;;;;x
DAZ_conservative_old;Pagyu Pugh;;;;;;;;;;;;;x
JJG_liberationist;Pid Doghd;;;;;;;;;;;;;x
JJG_free_yoker;Pid Podhf;;;;;;;;;;;;;x
JJG_statist;Byapwag Pugh;;;;;;;;;;;;;x
JJG_absolutist;Riv Gupag Pugh;;;;;;;;;;;;;x
JJG_theocratist;Fertility and Virility Party;;;;;;;;;;;;;x
JJG_conservative;Council of the Seed;;;;;;;;;;;;;x
JJG_reactionary;Elder's Pugh;;;;;;;;;;;;;x
JJG_conservative_old;Vuytu Pugh;;;;;;;;;;;;;x
UNI_liberationist;Momon Majok;;;;;;;;;;;;;x
UNI_free_yoker;Ohwei Oupk;;;;;;;;;;;;;x
UNI_statist;Matoume Majok;;;;;;;;;;;;;x
UNI_absolutist;The Secularists;;;;;;;;;;;;;x
UNI_theocratist;The Renewalists;;;;;;;;;;;;;x
UNI_conservative;The Centre;;;;;;;;;;;;;x
UNI_reactionary;The High Priesthood;;;;;;;;;;;;;x
UNI_conservative_old;The Periokei Party;;;;;;;;;;;;;x
BUD_liberationist;The Hukebites;;;;;;;;;;;;;x
BUD_free_yoker;The Proscribed Members;;;;;;;;;;;;;x
BUD_statist;Civil Renewal Society;;;;;;;;;;;;;x
BUD_absolutist;D.O.H.G.C.P.;;;;;;;;;;;;;x
BUD_theocratist;The Togab Kokan;;;;;;;;;;;;;x
BUD_conservative;The Royal Chamberlain;;;;;;;;;;;;;x
BUD_reactionary;The Philgazhdine;;;;;;;;;;;;;x
BUD_conservative_old;The Huigniks;;;;;;;;;;;;;x
HAK_liberationist;The Hukebites;;;;;;;;;;;;;x
HAK_free_yoker;The Free-Bands;;;;;;;;;;;;;x
HAK_statist;The Statist Party;;;;;;;;;;;;;x
HAK_absolutist;The Social-Progressive Party;;;;;;;;;;;;;x
HAK_theocratist;The Togab Kokan;;;;;;;;;;;;;x
HAK_conservative;The Conservatives;;;;;;;;;;;;;x
HAK_reactionary;The Traditionalists;;;;;;;;;;;;;x
HAK_conservative_old;The Philgazhdine;;;;;;;;;;;;;x
QOO_liberationist;The Liberationists;;;;;;;;;;;;;x
QOO_free_yoker;The Social-Bandits;;;;;;;;;;;;;x
QOO_statist;The Blue Humab;;;;;;;;;;;;;x
QOO_absolutist;Q.P.A.H.P.;;;;;;;;;;;;;x
QOO_theocratist;Momurib;;;;;;;;;;;;;x
QOO_conservative;The Great Qooxib;;;;;;;;;;;;;x
QOO_reactionary;The Silent Men;;;;;;;;;;;;;x
QOO_conservative_old;The Lordly Party;;;;;;;;;;;;;x
FCH_liberationist;Green Kwargoi;;;;;;;;;;;;;x
FCH_free_yoker;The Social-Bandits;;;;;;;;;;;;;x
FCH_statist;The Reform Caucus;;;;;;;;;;;;;x
FCH_absolutist;F.C.A.G.P.;;;;;;;;;;;;;x
FCH_theocratist;Momurib;;;;;;;;;;;;;x
FCH_conservative;The Compactuals;;;;;;;;;;;;;x
FCH_reactionary;The Refuseniks;;;;;;;;;;;;;x
FCH_conservative_old;The Coastal Estates;;;;;;;;;;;;;x
ORH_liberationist;The Social Iba;;;;;;;;;;;;;x
ORH_free_yoker;The Free-Men Bands;;;;;;;;;;;;;x
ORH_statist;The Open Party;;;;;;;;;;;;;x
ORH_absolutist;Chauh Gha;;;;;;;;;;;;;x
ORH_theocratist;Momur Haugau;;;;;;;;;;;;;x
ORH_conservative;The Crown Party;;;;;;;;;;;;;x
ORH_reactionary;The Traditionalists;;;;;;;;;;;;;x
ORH_conservative_old;Rau Bher;;;;;;;;;;;;;x
PUS_liberationist;Social-Reform League;;;;;;;;;;;;;x
PUS_free_yoker;The Radicals;;;;;;;;;;;;;x
PUS_statist;The Party of the Merchants;;;;;;;;;;;;;x
PUS_absolutist;The Pusuneton Party;;;;;;;;;;;;;x
PUS_theocratist;The Missionary Party;;;;;;;;;;;;;x
PUS_conservative;Party of the Great Khan;;;;;;;;;;;;;x
PUS_reactionary;Party of the Mullahs;;;;;;;;;;;;;x
PUS_conservative_old;Party of the Lesser Khans;;;;;;;;;;;;;x
NHQ_liberationist;The Sug Party;;;;;;;;;;;;;x
NHQ_free_yoker;The Radicals;;;;;;;;;;;;;x
NHQ_statist;Trorsu Puk;;;;;;;;;;;;;x
NHQ_absolutist;R.O.G.A.P.;;;;;;;;;;;;;x
NHQ_theocratist;The Missionary Party;;;;;;;;;;;;;x
NHQ_conservative;Prestore Puk;;;;;;;;;;;;;x
NHQ_reactionary;The Imperial Party;;;;;;;;;;;;;x
NHQ_conservative_old;The Country Party;;;;;;;;;;;;;x
HMO_conservative;The Thearchate;;;;;;;;;;;;;x
HMO_conservative_old;The City Party;;;;;;;;;;;;;x
CHM_conservative;The Khanate of Chömebed;;;;;;;;;;;;;x
some_fake_ANY_title_1;Poumnaks Worship Snakes?;;;;;;;;;;;;;x
some_fake_ANY_1;Journalist interviews a number of Pashdzii aristocrats, finds prevailing opinion is that Poumnaks worship snakes.;;;;;;;;;;;;;x
some_fake_ANY_title_2;The Na'tau of Bafozh!;;;;;;;;;;;;;x
some_fake_ANY_2;Reports emerge on the Strange Na'tau people of Bafozh. These layabouts worship the sun and don't live in one place!;;;;;;;;;;;;;x
some_fake_ANY_title_3;The Strange Vuyti;;;;;;;;;;;;;x
some_fake_ANY_3;One witness claims Vuyti migrants in $OURCAPITAL$ are engaging in their strange rites right under the noses of the religious police!;;;;;;;;;;;;;x
some_fake_ANY_title_6;The Beast Man;;;;;;;;;;;;;x
some_fake_ANY_6;An explorer has gotten his hands on a Bafozhi beast man, and is charging a pittance in $OURCAPITAL$ to have a look at the strange fellow.;;;;;;;;;;;;;x
some_fake_ANY_title_5;Villagers Show Impudence;;;;;;;;;;;;;x
some_fake_ANY_5;In a small village some of the awful folk spat on some soldiers. The local police have decided to cane them.;;;;;;;;;;;;;x
some_fake_ANY_title_7;Thrall Trys Pruub;;;;;;;;;;;;;x
some_fake_ANY_7;A generous man has given a thrall some Pruub. He said of the matter 'I just couldn't stand the way he would look at me when I smoked.';;;;;;;;;;;;;x
some_fake_ANY_title_8;Soothsayer proclaims doom;;;;;;;;;;;;;x
some_fake_ANY_8;A very old man was found in $ANYPROVINCE$ who is certain the world is going to end soon. He said 'I saw it clear as day'.;;;;;;;;;;;;;x
some_fake_ANY_title_9;Pruub Craze;;;;;;;;;;;;;x
some_fake_ANY_9;People in our country are pratically desparate for Pruub, which is always in short supply. One man said 'I need it like a fish needs water'.;;;;;;;;;;;;;x
some_fake_ANY_title_62;100 Generations!;;;;;;;;;;;;;x
some_fake_ANY_62;Tehurite Family claims to have lived in same land for over 100 generations, since beginning of time.;;;;;;;;;;;;;x
some_fake_ANY_title_10;Charming New Novel;;;;;;;;;;;;;x
some_fake_ANY_10;A leading author in $OURCOUNTRY$ has written a charming new novel. It features the story of a likely heir who has been defrauded of his inheritance.;;;;;;;;;;;;;x
some_fake_ANY_title_11;The Pruuntish Game;;;;;;;;;;;;;x
some_fake_ANY_11;Rowdy young folk seem to be playing some new game where they whack eachother violently. They call it 'the Pruuntish Game'.;;;;;;;;;;;;;x
some_fake_ANY_title_12;Byotrish Once Ruled?;;;;;;;;;;;;;x
some_fake_ANY_12;A Historian in $OURCAPITAL$ tells a journalist the Byotrish used to rule much of central Ishahfazh. Their sorry state today is far from this.;;;;;;;;;;;;;x
some_fake_ANY_title_13;Child Eaten By Locusts;;;;;;;;;;;;;x
some_fake_ANY_13;A child was recently devoured by a ravenous swarm of locusts. The community is grieving this child who was not brought inside quickly enough.;;;;;;;;;;;;;x
some_fake_ANY_title_14;Thrall Sings Beautiful Song;;;;;;;;;;;;;x
some_fake_ANY_14;A thrall was recently heard singing a very beautiful song. Locals moved to tears called it 'the Thrall's lament'.;;;;;;;;;;;;;x
some_fake_ANY_title_28;Boreal Illness;;;;;;;;;;;;;x
some_fake_ANY_28;Two sailors who recently came back from the Boreal Reaches have been suffering from same strange fever. A doctor says it is called 'Boreal Flux' and is caused by extremophile bacteria.;;;;;;;;;;;;;x
some_fake_ANY_title_15;Fish from Chazd;;;;;;;;;;;;;x
some_fake_ANY_15;Consumers say fish from Chazd taste the worst. A man said 'They are always too salty. And I don't care for the people of that land.';;;;;;;;;;;;;x
some_fake_ANY_title_16;Liberationist Conspiracy?;;;;;;;;;;;;;x
some_fake_ANY_16;Police have uncovered what they say is a vast liberationist conspiracy to kill the highest leaders of our state! They say they are going to hang the conspirators and warn people to be vigilant.;;;;;;;;;;;;;x
some_fake_ANY_title_17;Fattest Poumnak in the World;;;;;;;;;;;;;x
some_fake_ANY_17;A circus has come through $OURCAPITAL$ saying they have the fattest Poumnak in the world. He is very rotund, but one man says he saw a fatter one once.;;;;;;;;;;;;;x
some_fake_ANY_title_18;Tragic Suicide;;;;;;;;;;;;;x
some_fake_ANY_18;A prominent aristocrat killed himself in a particularly tragic way. He leaped off a cliff after denouncing the world.;;;;;;;;;;;;;x
some_fake_ANY_title_19;Man Lost in Woods;;;;;;;;;;;;;x
some_fake_ANY_19;The police recently found a disoriented man lost in the woods. No one knows where he came from, and he doesn't even know where either.;;;;;;;;;;;;;x
some_fake_ANY_title_20;The Men of the Barrel;;;;;;;;;;;;;x
some_fake_ANY_20;Consumers furious that the fraternal order of the Men of The Barrel have sold Maggot Wine containing no Maggots! People said they put rice in instead. It tastes AWFUL!;;;;;;;;;;;;;x
some_fake_ANY_title_21;Inventor Claims Levitation Around the Corner;;;;;;;;;;;;;x
some_fake_ANY_21;"Soon you will see me levitating at the market in a fortnite's time". Other inventors Skepical.;;;;;;;;;;;;;x
some_fake_ANY_title_22;Wealthy Fool Takes Out Loan;;;;;;;;;;;;;x
some_fake_ANY_22;A very wealthy heir to a large banking fortune has taken out a large loan. Economic pundits worried about state of loan market. "This could cause great problems" says professor.;;;;;;;;;;;;;x
some_fake_ANY_title_23;Prince in Need;;;;;;;;;;;;;x
some_fake_ANY_23;ADVERTISMENT: I am a Shobgizobi Prince. I need help returning to my homeland and need money as soon as possible. I will remember my benefactors kindly, and return payments in full or more.;;;;;;;;;;;;;x
some_fake_ANY_title_24;Local Adventurer Dejected;;;;;;;;;;;;;x
some_fake_ANY_24;A dashing soldier of fortune has been hanging around drinking establishments moping that the government wouldn't send him to Bafozh. He says "the foriegn minister even called me a 'damn fool'".;;;;;;;;;;;;;x
some_fake_ANY_title_25;Ruffians Everywhere!;;;;;;;;;;;;;x
some_fake_ANY_25;There seem to be rising incidents related to ruffianianism and brigandage on the roads of our land. A prominent author says this is entirely due to insidious Free Yoker ideas.;;;;;;;;;;;;;x
some_fake_ANY_title_26;Man Taken By Poumnians;;;;;;;;;;;;;x
some_fake_ANY_26;A local man who was severely in debt to Poumnian creditors has by all accounts by dragged away to Poumnia. The saying goes "A coin from a Poumnian costs more than it's worth".;;;;;;;;;;;;;x
some_fake_ANY_title_27;WORM CREAM;;;;;;;;;;;;;x
some_fake_ANY_27;Attention: Worm Cream is now avaliable for sale in $OURCAPITAL$ for very cheap! This cream made is from the finest Bafozhi worms dug out of the Worm Tree, and will cure many ailments.;;;;;;;;;;;;;x
some_fake_ANY_title_29;Rabblerousers Apprehended;;;;;;;;;;;;;x
some_fake_ANY_29;Local authorities praised the swift action of the responsible garrison commander, who ordered the seizure of a group of pamphleteers spreading dangerous notions.;;;;;;;;;;;;;x
some_fake_ANY_title_30;Thrall Bites Noble;;;;;;;;;;;;;x
some_fake_ANY_30;An escaped thrall made its way onto a noble estate last week where it proceeded to attack the local lord, though it was swiftly apprehended by the house guard.;;;;;;;;;;;;;x
some_fake_ANY_title_31;Noble Bites Thrall;;;;;;;;;;;;;x
some_fake_ANY_31;A local noble has gotten his hands on some thrall meat. He says 'I loved it'.;;;;;;;;;;;;;x
some_fake_ANY_title_32;The Prince of Do Druzhd;;;;;;;;;;;;;x
some_fake_ANY_32;This reporter recently was lucky enough to view the coronation of the Prince of Do Druzhd. It was spledid affair, and the king has six white horses.;;;;;;;;;;;;;x
some_fake_ANY_title_34;Wave of Coughing;;;;;;;;;;;;;x #### NO 33
some_fake_ANY_34;Flux sweeps $OURCOUNTRY$. There are already many reported infections throughout the land. Laymen fear a pandemic might be coming, while experts assure it's just a seasonal occurrence.;;;;;;;;;;;;;x
some_fake_ANY_title_35;The Dancing Snake Story;;;;;;;;;;;;;x
some_fake_ANY_35;In the lands of Chombed, one reporter was told by a very old man that there are dancing snakes deep in the hills, which were male genitals that had been cut off and given spirits by witches.;;;;;;;;;;;;;x
some_fake_ANY_title_36;The Cause of War?;;;;;;;;;;;;;x 
some_fake_ANY_36;An expert says that war is caused by population density. He says: if people did not live so close, they would not want to shoot eachother.;;;;;;;;;;;;;x
some_fake_ANY_title_37;A Strange Puzzle!;;;;;;;;;;;;;x 
some_fake_ANY_37;A professor has exhibited a strange old Bobit glyph. He says he will pay 42 Dhamaks to the clever fellow who can understand it.;;;;;;;;;;;;;x
some_fake_ANY_title_38;Strange Bedfellows;;;;;;;;;;;;;x 
some_fake_ANY_38;It is strange: on election day, some good men vote for the bad, and some bad for the good.;;;;;;;;;;;;;x
some_fake_ANY_title_39;Letter to the Editor;;;;;;;;;;;;;x 
some_fake_ANY_39;It is plainly false what your newspaper says. Poumnaks do not worship snakes. They worship two headed snake spirits.;;;;;;;;;;;;;x
some_fake_ANY_title_40;Letter to the Editor;;;;;;;;;;;;;x 
some_fake_ANY_40;This newspaper is an awful rag. Any fool would know the prince of Do Dhruzd did not have six horses at his coronation, as you say, but 8 giant eunuchs.;;;;;;;;;;;;;x
some_fake_ANY_title_41;Letter to the Editor;;;;;;;;;;;;;x 
some_fake_ANY_41;I think that politicians are wicked men and that they are taking their orders from Poumnian witches! We should stop listing to them, the police, and the church!;;;;;;;;;;;;;x
some_fake_ANY_title_42;Dr. Mazzak's Frog;;;;;;;;;;;;;x 
some_fake_ANY_42;Dr. Mazzak has exhibited a Shobgizobi frog he discovered at a recent fair. It has no forelegs, but it can get around fine, he tells the press.;;;;;;;;;;;;;x
some_fake_ANY_title_43;The Mechanical Swine!;;;;;;;;;;;;;x 
some_fake_ANY_43;A clever inventor in $ANYPROVINCE$ says he has invented a mechanical swine of wood and iron that walks. We are sending a reporter to see it.;;;;;;;;;;;;;x
some_fake_ANY_title_44;Some Facts About Our Country.;;;;;;;;;;;;;x 
some_fake_ANY_44;We are surrounded by evil and greedy neighbours.;;;;;;;;;;;;;x
some_fake_ANY_title_45;The Chumbit Machine;;;;;;;;;;;;;x 
some_fake_ANY_45;An inventor has invented what he calls 'the Chumbit Machine'. It has many ingenious uses, he says.;;;;;;;;;;;;;x
some_fake_ANY_title_46;Noblewoman Selling Manor;;;;;;;;;;;;;x 
some_fake_ANY_46;She says: 'I've had enough. I am going to travel to Shobgizob and live as a hunter'. The estate is selling for 70,000 Dhamaks.;;;;;;;;;;;;;x
some_fake_ANY_title_49;Boozers Rejoice!;;;;;;;;;;;;;x 
some_fake_ANY_49;The esteemed distillers of cherished 'Ocean Potion' in Prousorum have announced they will be opening their stores to sell some well aged caskets of wine. This is sure to cause joy for tipplers worldwide.;;;;;;;;;;;;;x
some_fake_ANY_title_50;The Great God Chubb?;;;;;;;;;;;;;x 
some_fake_ANY_50;This reporter talked to an anthropologist who indicated that in Do Druzhd they worship a strange, subterranean worm god called 'Chubb'.;;;;;;;;;;;;;x
some_fake_ANY_title_51;I hit a Man with a Stick!;;;;;;;;;;;;;x 
some_fake_ANY_51;Local gentlemen recalls supreme delight in giving some poor sap a satisfying whacking with blackthorn rod.;;;;;;;;;;;;;x
some_fake_ANY_title_52;Reporters Phallically Obsessed!;;;;;;;;;;;;;x 
some_fake_ANY_52;Psychoanalyst has declared journalists worldwide experience phallic obsession, noting many stories with snakes, worms, sticks, etc, and declares this is related to the castration anxiety of impotent men.;;;;;;;;;;;;;x
some_fake_ANY_title_53;Some Facts about Poumnaks;;;;;;;;;;;;;x 
some_fake_ANY_53;It is said they worship snakes, and are a very superstitious people. They live in mud houses. They have a great fear of witches, which are said to be abundant in their land.;;;;;;;;;;;;;x
some_fake_ANY_title_54;Some Facts about Paukzhodo;;;;;;;;;;;;;x 
some_fake_ANY_54;The savage Ogrehi have stabbed and killed several travelers. It is very cold and rainy there. The trees are very tall.;;;;;;;;;;;;;x
some_fake_ANY_title_55;A man Bewitched!;;;;;;;;;;;;;x 
some_fake_ANY_55;A man who was recently arrested for belligerence has claimed to be under the influence of witches he said be met abroad. The constabulary found indeed strange objects at his home.;;;;;;;;;;;;;x
some_fake_ANY_title_56;Some Facts About our Newspaper;;;;;;;;;;;;;x 
some_fake_ANY_56;We are always very truthful and get you the news the fastest!;;;;;;;;;;;;;x
some_fake_ANY_title_57;Ghoulish Murder!;;;;;;;;;;;;;x 
some_fake_ANY_57;A man recently slaughtered his brother in a particularly brutal fashion, and made an effigy out of his corpse. A sketch included on p. 4.;;;;;;;;;;;;;x
some_fake_ANY_title_58;The Most Beautiful Land?;;;;;;;;;;;;;x 
some_fake_ANY_58;A famous writer in $OURCAPITAL$ says she thinks Boshare of Bafozh is the most beautiful land. She is well known for her moral dramas, but says she is now going to write a tale about this beautiful land.;;;;;;;;;;;;;x
some_fake_ANY_title_59;Ship Sinks!;;;;;;;;;;;;;x 
some_fake_ANY_59;In perilous northern waters, an ocean liner has gone down and appears to be lost. Many weathly passengers have perished horribly.;;;;;;;;;;;;;x
some_fake_ANY_title_60;Philosophical Discourses;;;;;;;;;;;;;x 
some_fake_ANY_60;A renowed academy in $OURCAPITAL$$ will be hosting an evening to discuss Functionalist philosophy. A philosopher has promised to speak on the puzzle of the one and the many.;;;;;;;;;;;;;x
some_fake_ANY_title_61;The Oath of The Barrel Men;;;;;;;;;;;;;x 
some_fake_ANY_61;The Social Guild and Buruial Society that is popular with the unemployed and the dilettante, the Barrel Men is know for its secrecy. But this reporter has learned their oath! More on p. 6.;;;;;;;;;;;;;x
some_fake_ANY_title_62;Some Facts About The Wallaby;;;;;;;;;;;;;x 
some_fake_ANY_62;It remains quite unclear as to how many tails it has, or even if it has one. Natural scientists seem sure, but philosophers disagree.;;;;;;;;;;;;;x
Key;English;French;German;Polish;Spanish;Italian;Swedish;Czech;Hungarian;Dutch;Portuguese;Russian;Finnish;
free_yoker_rebels_army;Freeman's Militia;;;;;;;;;;;;;x
absolutist_rebels_army;Protocivil Commissariat;;;;;;;;;;;;;x
theocratist_rebels_army;Freikorper Unit;;;;;;;;;;;;;x
reactionary_rebels_army;Civil Guard;;;;;;;;;;;;;x
free_yoker_rebels_title;Free Yoker;;;;;;;;;;;;;x
theocratist_rebels_title;Theocratist;;;;;;;;;;;;;x
absolutist_rebels_title;Absolutist;;;;;;;;;;;;;x
theocratist;Theocratist;;;;;;;;;;;;;x
barrel_factory;Two-Legger Factory;;;;;;;;;;;;;x
barrel_factory_desc;This factory produces "Two-Leggers", the moveable artillery landship of the late fourteenth century. It depends upon automobiles, steel, machine parts, and artilery for the production of these war machines. From artillery pieces installed upon automobile chasis, sheet metal is sculpted around this, to protect the engine and cabintower, as well as gunnery hold.;;;;;;;;;;;;;x
fabric_factory_desc;This factory turns the versatile spindleweed, a flaxen fiberous yeild of the seedpod of a certain plant, and various dyes, synthetic or natural pigments, into beautiful and pratical textiles. Automated looms, spindles, jennies, mules, press-vats, and other machines, powered by steam or combustion, and operated by wretched factory attendants, litter the shop floor. These textiles will be used for a number of things in the consumer and public sector.;;;;;;;;;;;;;x
barrels;Two Leggers;;;;;;;;;;;;;x
steel_factory;Steel Mill;;;;;;;;;;;;;x
fabric_factory;Textile Mill;;;;;;;;;;;;;x
steel_factory_desc;This factory complex is a steel mill, producing steel and iron products for private and public entities. It consists of large furnaces or crucibles for smelting pig iron, mills for rolling, casting pits as part of a foundry, as well as likely some specialised operations. Its workers work long hours in sweltering conditions, making the essential metalworks for consumer and military use.;;;;;;;;;;;;;x
colonial_conquest_low_KF;Establish Lowly Protectorate;;;;;;;;;;;;;x
colonial_conquest_low_KF_short;Annex $RECIPIENT$;;;;;;;;;;;;;x
colonial_conquest_low_KF_setup;Annex $RECIPIENT$ by establishing a protectorate over them.;;;;;;;;;;;;;x
colonial_conquest_low_KF_desc;Annex a single-state §Yuncivilized country§W with less than 400,000 pops by forcing them to become a protectorate of ours.;;;;;;;;;;;;;x
take_colonial_concession_capital_KF;Demand Capital;;;;;;;;;;;;;x
take_colonial_concession_capital_KF_short;Acquire $STATE$;;;;;;;;;;;;;x
take_colonial_concession_capital_KF_setup;Acquire $STATE$;;;;;;;;;;;;;x
take_colonial_concession_capital_KF_desc;Aquire a primitive enemy's §Ycapital state§W;;;;;;;;;;;;;x
international_sanctions;International Sanctions;;;;;;;;;;;;;x
take_colonial_concession_capital_EM;Demand Capital;;;;;;;;;;;;;x
take_colonial_concession_capital_EM_short;Acquire $STATE$;;;;;;;;;;;;;x
take_colonial_concession_capital_EM_setup;Acquire $STATE$;;;;;;;;;;;;;x
take_colonial_concession_capital_EM_desc;Aquire a primitive enemy's §Ycapital state§W;;;;;;;;;;;;;x
demand_concession_casus_belli_KF;Demand Concession;Demande de concession;Zugeständnisse verlangen;;Exigir concesión;;;;;;;;;x;;
demand_concession_casus_belli_KF_desc;Force an §Yuncivilized country§W to secede territory to form a colonial concession.;Obligez un §Ypays non civilisé§W ?faire sécession d'un territoire pour former une concession coloniale.;Zwingen Sie ein §Yunzivilisiertes Land§W, Gebiete zur Gründung einer Kolonie abzuspalten.;;Obliga a un §Ypaís incivilizado§W a escindir territorio para formar una concesión colonial.;;;;;;;;;x;;
demand_concession_casus_belli_KF_setup;Demand that $RECIPIENT$ secede territory to form a colonial concession.;Demandez ?ce que $RECIPIENT$ fasse sécession d'un territoire pour former une concession coloniale.;Verlangen Sie, dass $RECIPIENT$ Gebiete zur Gründung einer Kolonie abspaltet.;;Exigir que $RECIPIENT$ escinda territorio para formar una concesión colonial.;;;;;;;;;x;;
demand_concession_casus_belli_KF_short;Demand $STATE$;Demande $STATE$;Fordern Sie $STATE$;;Exigir $STATE$;;;;;;;;;x;;
demand_concession_casus_belli_EM;Demand Concession;Demande de concession;Zugeständnisse verlangen;;Exigir concesión;;;;;;;;;x;;
demand_concession_casus_belli_EM_desc;Force an §Yuncivilized country§W to secede territory to form a colonial concession.;Obligez un §Ypays non civilisé§W ?faire sécession d'un territoire pour former une concession coloniale.;Zwingen Sie ein §Yunzivilisiertes Land§W, Gebiete zur Gründung einer Kolonie abzuspalten.;;Obliga a un §Ypaís incivilizado§W a escindir territorio para formar una concesión colonial.;;;;;;;;;x;;
demand_concession_casus_belli_EM_setup;Demand that $RECIPIENT$ secede territory to form a colonial concession.;Demandez ?ce que $RECIPIENT$ fasse sécession d'un territoire pour former une concession coloniale.;Verlangen Sie, dass $RECIPIENT$ Gebiete zur Gründung einer Kolonie abspaltet.;;Exigir que $RECIPIENT$ escinda territorio para formar una concesión colonial.;;;;;;;;;x;;
demand_concession_casus_belli_EM_short;Demand $STATE$;Demande $STATE$;Fordern Sie $STATE$;;Exigir $STATE$;;;;;;;;;x;;
pruuntish_conquest;Pruuntish Integration;;;;;;;;;;;;;x
NORMAL_WAR_PRUUNTISH_CONQUEST_NAME;$ORDER$Integration of $SECOND_COUNTRY$;;;;;;;;;;;;;x
pruuntish_conquest_short;Annex $RECIPIENT$;;;;;;;;;;;;;x
pruuntish_conquest_setup;Annex $RECIPIENT$;;;;;;;;;;;;;x
pruuntish_conquest_desc;Annex a Pruuntish §Ycountry§W to establish controll of the peninsula.;;;;;;;;;;;;;x
swallow_me_whole;Establish Protectorate;;;;;;;;;;;;;x
swallow_me_whole_short;Annex $RECIPIENT$;;;;;;;;;;;;;x
swallow_me_whole_setup;Annex $RECIPIENT$ by establishing a protectorate over them.;;;;;;;;;;;;;x
swallow_me_whole_desc;Annex a single-state §Yuncivilized country§W by forcing them to become a protectorate of ours.;;;;;;;;;;;;;x
social_conscience;Egatism;;;;;;;;;;;;;x
social_conscience_desc;The liberationist impulse began to falter slowly after the achievement of the Worldly liberationist state after the shattering of the Athisard monarchy. Failing ultimately to deliver the promised paradise, the liberationist state quickly became a tyranny in its own right. Clumsy, violent, and despotic, the dictacts from the central government failed to perfectly reflect and paternally guide the popular will. Amid speculation on improvement and reform, parallel to the growth of the statist ideology, briefly flourished the thought of the truly impressive Soora Egat-so. This radical pamphleteer, preacher, militant, and philosopher took the Liberationist ideology to a radical extreme: rather than a divine polity guided by the gods, and sanctioned by the will of man, Egat called for the repudiation of all political authority beyond the treaty between two sovereign individuals. In a collection of pamphlets known as the “Mystic Secrets” series (1316-7), Egat builds a cosmology based on the willing soul and the certainty of a world beyond, from which he develops an admirable contractualist political philosophy. Egat was killed in the hills near Sesi by forces of the Sublime Veyethan government defending a radical commune who repudiated the government’s authority.;;;;;;;;;;;;;x
collectivism;Syndicism;;;;;;;;;;;;;x
collectivism_desc;The principles of liberationist philosophy and government emphasize the cooperative enterprise, particularly the maintenance of the commons and the streets. Everyone had a responsibility to scare the birds, to cobble the streets, and small guilds and assemblies were usually used to maintain these institutions, rather than give way to the relentless pressure of industrial expansion. In the years of liberationist experimentation, there was the practical result of the arrival of a number of cooperativist dogmatists, who preached cooperativism as a basic political given and good, whether in the fields, the factory, the government, or the army. The views, ideas and actions of these syndics, guildists, cooperativsts are most exemplified in Rajug Duttûnnony’s “Study of the Organisation of Manufactuaries in the Southern Empire” (1320). The syndicate would become a critical institution in Absolutist theory of government.;;;;;;;;;;;;;x
social_justice;Antidevelopmentalism;;;;;;;;;;;;;x
social_justice_desc;A very popular political cause and much dogmatised position in the early fourteenth century was that of the Antidevelopmentalist. Hating the advent of the machines that came to remark the world and the countryside, that drove down wages, created great slums, and made the cruel burgher even richer, many of various political and social inclinations came to be sure of the need to chain the wheels of industry. In a popular melody, the “Bahdro Blower’s Lament”, the narrator tells of the tragic lives of the Bahdro glass blowers, who used to make much of the loamy, sandy soil and the need for the bottling of the Magoupt oils, but now cannot find a job due to glass produced in the furnaces of Rodhrot.;;;;;;;;;;;;;x
populism_vs._establishment;Modern Disciplinary Methods;;;;;;;;;;;;;x
populism_vs._establishment_desc;Born out of dint of necessity in managing a modern industrial civilisation and Statist speculation, the 1320s and 30s were filled with innovations for the management of people and societies, as well as innovations in the way states managed themselves. Particularly, in the school of disciplinary thought, traditional floggings, whippings, oubliettes, and hangings moved to a broader system of indefinite detentions, implicit blackmail, disappearances, and conspicuous yet sparse violence. An outgrowth of the authoritarian impulse, much of the innovation in this field came in the rationalization of these methods, and the application of them not only to the troublesome populace, but also the appendages of the state itself. The practical system of disciplinary reform by inspector Drid Tzau-Thruunt was highly influential. In his tenure of office as the Mreuvayk prefecture district inspector, 1324-9, he developed a broadly systematic approach to internal discipline the gendarmerie that prioritized an integrated system of incentives, cultivated collective identity, and humiliating punishments that bound officers to the state, and allowed for the easy social exclusion and then removal of troublesome men.;;;;;;;;;;;;;x
clericalism_vs._anticlericalism;Toleration and Suppression;;;;;;;;;;;;;x
clericalism_vs._anticlericalism_desc;The staggering pluralism of the modern world emerged as a challenge for the modern government. Atheists, secularists, sectarian zealots, mystics, practitioners of foreign cults, and the great masses of heathen believers in the imperialised periphery presented a great babble of disagreement, and were easily stirred to conflict and hatred of one government or the other. A rationalized system of approved cults and faiths, and the vigorous suppression of those deemed socially unhygienic, based explicitly on expectation of social coherency and public order, broadly emerged as the states of Ishahfazh grappled both with unorthodox at home and heathen subjects in the colonies. In the early stations and factories established by the Gaubjan government in the Juuruntine territories, we learn directly of the various permits and writs needed for traditional J’ur meeting places to be maintained, and there a few interesting records of the various considerations Gaubjan bureaucrats enquired and worried about during these hearings.;;;;;;;;;;;;;x
jazhakdii;Jazhakdii;;;;;;;;;;;;;x
plantations;Plantations;;;;;;;;;;;;;x
new_world_plantations_title;Plantations in the Great East;;;;;;;;;;;;;x
new_world_plantations_desc;The vast continents to the east are largely underpopulated and undercultivated. Agriculture, if done at all, is clumsy, ad-hoc, and on very small scales. A unique oppertunity is presented to our colonial government to appartition great swathes of land to planters and settlers to encourage the development of large plantations that could hopefully produce crops more efficiently than farms and estates in the metropole.;;;;;;;;;;;;;x
paknag_bandits;Banditry;;;;;;;;;;;;;x
ended_bandits;Banditry Suppressed;;;;;;;;;;;;;x
precious_goods;Trade Goods;;;;;;;;;;;;;x
treaty_port;Treaty Port;;;;;;;;;;;;;x
factory_port;Factory Port;;;;;;;;;;;;;x
treaty_port_casus_belli;Punitive Expedition;;;;;;;;;;;;;x
treaty_port_casus_belli_short;Compensiation from $RECIPIENT$;;;;;;;;;;;;;x
treaty_port_casus_belli_setup;Demand reparations and port concessions from $RECIPIENT$.;;;;;;;;;;;;;x
treaty_port_casus_belli_desc;Seize a treaty port from a large and prosperous §Yuncivilized country§W, as well as extract reparations from them.;;;;;;;;;;;;;x
PUNITIVE_EXPEDITION_WAR_NAME;Punitive Expedition;;;;;;;;;;;;;x
negotiating_treaty;Negotiating Unequal Treaty;;;;;;;;;;;;;x
negotiating_unequal_treaty;Negotiating Unequal Treaty;;;;;;;;;;;;;x
thriving_trade;Thriving Trade;;;;;;;;;;;;;x
yoker_agitation;Free-Yoker Agitation;;;;;;;;;;;;;x
regional_revolt;Regional Revolt;;;;;;;;;;;;;x
DIPLOMACY_ALMOST_WESTERN_NATION_STATUS;Partially Modernized Nation;;;;;;;;;;;;;x
UNCIV_CANT_RESEARCH;Modernize to be able to research;;;;;;;;;;;;;x
MILITARY_REFORM_COST_DESC;Cost modifier for political reforms:;;;;;;;;;;;;;x
SET_MILITARY_REFORM_EFFECT;Political reform selected: §Y$NAME$§W.\n;;;;;;;;;;;;;x
NO_CIV_PROGRESS;We have made no progress towards modernization. We need to enact political or economic reforms;;;;;;;;;;;;;x
MODIFIER_UNCIV_MILITARY;Political reform cost;;;;;;;;;;;;;x
MODIFIER_SELF_UNCIV_MILITARY;Political reform cost;;;;;;;;;;;;;x
CIVILIZE_NO_MASTER_DESC;Fully embrace modern ideas. This will gives us access to the technological advances from around the world;;;;;;;;;;;;;x
CIVILIZE_DESC;Fully embrace modern ideas. This will give us access to the technological advances of our sphere leader;;;;;;;;;;;;;x
demand_concession_casus_belli_event;Demand Concession;Demande de concession;Zugeständnisse verlangen;;Exigir concesión;;;;;;;;;x;;
demand_concession_casus_belli_event_desc;Force an §Yuncivilized country§W to secede territory to form a colonial concession.;Obligez un §Ypays non civilisé§W ?faire sécession d'un territoire pour former une concession coloniale.;Zwingen Sie ein §Yunzivilisiertes Land§W, Gebiete zur Gründung einer Kolonie abzuspalten.;;Obliga a un §Ypaís incivilizado§W a escindir territorio para formar una concesión colonial.;;;;;;;;;x;;
demand_concession_casus_belli_event_setup;Demand that $RECIPIENT$ secede territory to form a colonial concession.;Demandez ?ce que $RECIPIENT$ fasse sécession d'un territoire pour former une concession coloniale.;Verlangen Sie, dass $RECIPIENT$ Gebiete zur Gründung einer Kolonie abspaltet.;;Exigir que $RECIPIENT$ escinda territorio para formar una concesión colonial.;;;;;;;;;x;;
demand_concession_casus_belli_event_short;Demand $STATE$;Demande $STATE$;Fordern Sie $STATE$;;Exigir $STATE$;;;;;;;;;x;;
closed_drupe;Closed Drupe;;;;;;;;;;;;;x
open_drupe;Open Drupe;;;;;;;;;;;;;x
right_to_the_familiar;Right To The Familiar;;;;;;;;;;;;;x
NORMAL_PUNITIVE_EXPEDITION_WAR_NAME;$ORDER$ Punitive Expedition to $SECOND_COUNTRY$;;;;;;;;;;;;;x
national_confusion_desc;This country has been thrown into national confusion!;;;;;;;;;;;;;x
political_outrage_desc;This country is expiriencing widespread political outrage.;;;;;;;;;;;;;x
international_sanctions_desc;There are currently international sanctions upon this country.;;;;;;;;;;;;;x
yoker_agitation_desc;This country is undergoing free-yoker agitaiton.;;;;;;;;;;;;;x
negotiating_unequal_treaty_desc;This country is currently negotating a treaty concession.;;;;;;;;;;;;;x
negotiating_treaty_desc;This country is currently negotating a treaty concession.;;;;;;;;;;;;;x
developing_economy_desc;This economy is beginning to see the features of an industrial society.;;;;;;;;;;;;;x
industrialising_economy_desc;This economy is rapidly industrialising!;;;;;;;;;;;;;x
industrial_economy_desc;This country meets much of Talcott Parsons' criteria for an industrial society.;;;;;;;;;;;;;x
right_to_the_familiar_desc;This Tehuhrite Country respects the doctrine of the Right to the Familiar.;;;;;;;;;;;;;x
industrialising_economy;Industrialising Economy;;;;;;;;;;;;;x
industrial_economy;Industrial Economy;;;;;;;;;;;;;x
developing_economy;Developing Economy;;;;;;;;;;;;;x
January;Midwinter;;;;;;;;;;;;;x
February;Winter's End;;;;;;;;;;;;;x
March;Springtime;;;;;;;;;;;;;x
April;Drytime;;;;;;;;;;;;;x
May;Sweltertime;;;;;;;;;;;;;x
June;Midyear;;;;;;;;;;;;;x
July;First Rain;;;;;;;;;;;;;x
August;High Monsoon;;;;;;;;;;;;;x
September;Late Monsoon;;;;;;;;;;;;;x
October;Harvesttime;;;;;;;;;;;;;x
November;Winnowtime;;;;;;;;;;;;;x
December;Early Winter;;;;;;;;;;;;;x
demand_concession_casus_belli_1342;Demand Concession;Demande de concession;Zugeständnisse verlangen;;Exigir concesión;;;;;;;;;x;;
demand_concession_casus_belli_1342_desc;Force an §Yuncivilized country§W to secede territory to form a colonial concession.;Obligez un §Ypays non civilisé§W ?faire sécession d'un territoire pour former une concession coloniale.;Zwingen Sie ein §Yunzivilisiertes Land§W, Gebiete zur Gründung einer Kolonie abzuspalten.;;Obliga a un §Ypaís incivilizado§W a escindir territorio para formar una concesión colonial.;;;;;;;;;x;;
demand_concession_casus_belli_1342_setup;Demand that $RECIPIENT$ secede territory to form a colonial concession.;Demandez ?ce que $RECIPIENT$ fasse sécession d'un territoire pour former une concession coloniale.;Verlangen Sie, dass $RECIPIENT$ Gebiete zur Gründung einer Kolonie abspaltet.;;Exigir que $RECIPIENT$ escinda territorio para formar una concesión colonial.;;;;;;;;;x;;
demand_concession_casus_belli_1342_short;Demand $STATE$;Demande $STATE$;Fordern Sie $STATE$;;Exigir $STATE$;;;;;;;;;x;;
establish_protectorate_casus_belli_1342;Establish Protectorate;;;;;;;;;;;;;x
establish_protectorate_casus_belli_1342_short;Annex $RECIPIENT$;;;;;;;;;;;;;x
establish_protectorate_casus_belli_1342_setup;Annex $RECIPIENT$ by establishing a protectorate over them.;;;;;;;;;;;;;x
establish_protectorate_casus_belli_1342_desc;Annex a single-state §Yuncivilized country§W by forcing them to become a protectorate of ours.;;;;;;;;;;;;;x
locust_plague;Locust Devastation;;;;;;;;;;;;;x
locust_threat;Locust Threat;;;;;;;;;;;;;x
if;If the following is true;;;;;;;;;;;;;x
TRIGMOD_HEADER;The cabinet reports that;;;;;;;;;;;;;x
TRIGMODLOST_HEADER;The cabinet reports that;;;;;;;;;;;;;x
brownnoser;Lackey;L?he-cul;Stiefellecker;;Obsequioso;;;;;;;;;x;;;;
for2;For any;;;;;;;;;;;;;x
if2;§GIf we have the knowledge§!;x
if3;§RIf we do not have the knowledge§!;x
for15;For any;;;;;;;;;;;;;x
bondsman_rebels_name;Bondsman Rebels;;;;;;;;;;;;;x
bondsman_rebels_desc;Bondsman rebels are a rag-tag collection of the various wretched bonded folk - the slaves, thralls, serfs, prisoners, hereditary servants, who have come together to seek their collective liberty, and establish a free state.;;;;;;;;;;;;;x
bondsman_rebels_title;Bondsman;;;;;;;;;;;;;x
bondsman_rebels_army;Liberated Brigade;;;;;;;;;;;;;x
HAS_GOODS;has goods;;;;;;;;;;;;;x
FE_BASIC;The Setting (1);x
FE_MEDIUM;The Setting (2);x
FE_ADVANCED;Major Nations;x
FE_SETTING_BODY_1;Gozomedes' Great Game (GGG) is a Victoria II mod set in a fictional world populated by alternate hominids, largely based on the Australopithecus. The world of GGG (the Miiv) lies on a planetary sphere that is roughly the same size as earth, and spins also with a tilted axis. It is dominated by three major continents: Ishahfazh, Kovazh, and Bafozh, which are accompanied by three sub-continental shelves: Paukzhodo, Shobgizob, and Gofakidzia. The world itself is a watery world, dominated by vast and deep oceans, and the major continents lie close together, lining the few easily navigable seas. Beyond this area of calm, the vast oceanic geography cultivates the development of massive, nigh continuous storms, especially in the vast empty ocean of the north of the planet.\nThe concurrent presence of multiple intelligent and significantly genetically different species has led to a number of notable differences between the world of GGG and our own. Above all, the world lacks any sort of enlightenment universalism, and people persist in a number of practices that would seem savage in our own world, above all the keeping of other hominids as ‘thralls’ or cattle-slaves for eating and working. Beyond this, transcultural hostility remains higher, the world is largely more violent, and diplomatic practices bereft of any notions of international law, balances of power, common heritage, etc. There are a variety of notable species: Ishahfazh is mainly populated by the stout and hairy folk who make up most of the large empires (Gashdzii, Poumnian, Sithevan), but the Byotrin (Ghech, Anuvo, Shagmodt) people are tall, hairless, flat faced, white skinned giants living the central regions, and the Oujoy and Unnahu are large eyed and thin. The peoples of the east and centre of Kovazh (the Qooxib, Ourrhond) are decidedly smaller, and have features more similar to those of the capuchin or macaque monkeys of our world. In the wilds of Bafozh one finds strange beast men, hominidae with blue faces, and all sorts in between.;x
FE_SETTING_BODY_2;In southern Ishahfazh has risen a dynamic, now industrial collection of civilisations, the foremost among these being the Old Gashdzii Empire and its successor states, the ancient theocratic Poumnian Empire, and the fractious Sithevan peoples of the west around the state of Athis or Veyethu. It is worth surveying the history of these civilisations. Poumnia, through its various dynasties and dynastic cycles, is ruled by the eternal Pudwou, the supposed God-Emperor and his noble retainers and governors. It has remained for the past millennia a relatively cohesive state. It lies in the Poudwouvas river delta ecosystem in the southern lands of Ishahfazh, notable for growing the euphoria inducing Pruub flower and the rivergrain that has fed the Poumnian civilization. Most of the people of Poumnia live on the rivers, cultivating grain and living in mud or stilt houses. The Poumnian civilisation is part of a larger continuum of the Diwvish languages and peoples, who also include the seafaring rugged Pruunts of the southern peninsula, and the jungle dwelling Roshupt and Towuzhians, most of whom remain nominal or actual vassals of the Poumnian empire to this day. Out of wars and political conflicts in Poumnian antiquity, which was fraught with many warring noble houses all claiming some degree of divinity or divine tutelage emerged the Vopudwou, or the Pudwou, the divine emperor, who subdued and pacified other nobles, extending his divine grace to these ‘lesser deities’. The Poumnian state developed a proud military, and a highly authoritarian, stratified tradition of governance, for many years maintaining a powerful grasp on its own lands and its environs.;x
FE_SETTING_BODY_3;The Gashdzii empire emerged around 1200 years ago, out of a small number of plateau dwelling folk in the central savannah of Ishahfazh. At this time much of the Savannah was inhabited by the ancestors of the Byotrin, peoples speaking relatives of Proto-Gashdziik, and peoples speaking now-dead languages perhaps related to the Pagyuti of the southern peninsula. The massive Gashdzii empire, founded by Godhiinimiz I (r. 102-149 i.r.) became a force for the settlement, colonisation, and assimilation of massive swathes of central Ishahfazh, only running up against the might of the Poumnians in the south, and inhospitable deserts and dense jungles in the north and east respectively. The majority of the Gashdzii practice Kadkohi, the idolatrous faith lauding the four high spirits that rule the world. For nearly 800 years the empire centred around Pashdzii, the Imperial city, remained powerful and influential, until a number of political and economic circumstances precipitated the slow disentanglement of the empire. The imperial successor states continued to pay lip service to the empire, but began engaging increasingly in their own endeavours. Particularly on the southern coasts, the Jiishanagi and the Gaubjans, along with a reinvigorated Poumnia, engaged in the exploration and exploitation of the southern and eastern continents, settling, colonising, warring and trading, eventually shifting the apex of the world market to the circle sea on which lies Nozho of Jiishanag and the many ports of the Poumnians.;x
FE_SETTING_BODY_4;A gradual concentration of markets and wealth facilitated increasing scientific and engineering knowledge as merchants scrambled to create weaponry and textiles to export to the hinter and hither continents. Burgeoning populations, more powerful weaponry, and more taxes as a result of flourishing trade and industry facilitated the creation of more centralised states. Gradually, an industrial and modern society was emerging on the southern shores of the circle sea. Meanwhile, the old lands of the Gashdzii empire experienced dramatic political and religious changes. The old iron grip of the deity-focused synods was challenged by the anti-magisterial movement, which challenged clerical authority. The preachings of Kauzhut ‘Mifachâzhafta’ ‘the great diviner’, and Kauzhut ‘Donavvat’ ‘the describer’ founded the jurico-ethical heretical Motkhonic faith which spread across the south. The anti-magisterial movement precipitated a large-scale series of uprisings and instability, crystallizing into the ‘liberationist’ movement which came to challenge not only clerical but also aristocratic power. As we come to the modern age, the ancient Sithevan monarchy of the house of Athis was shattered by the revolutionary liberationist movement of the Sublime Veyethu, now the foremost revolutionary state. The Poumnians must grapple with consolidating regional power in a changing world, and the various Gashdzii look to reconstruct the old empire or develop new and modern political configurations. In the far reaches of the north, the Sedentarian, or Tehuhrite monarchies, always lagging a bit behind the south, must be gradually awakening and modernising.\n\nAt game start, the international political sphere remains dynamic and unstable: lands are opening up for colonization, political leaders seek to restore fallen empires, and ancient kingdoms seek to keep a stranglehold on power. ;x
FE_TUTORIAL;GGG Lore;x
FE_JII;Jiishanâg;x
FE_POU;Poumnia;x
FE_VOK;Vokonazh;x
FE_VUG;Sublime Veyethu;x
FE_VAF;Vâfaut;x
FE_GAU;Gaubja;x
FE_RAN;Rannu Empire;x
FE_BOG;Bogorug;x
FE_MAM;Mamatoukat;x
trade_policy;Foreign Trade;;;;;;;;;;;;;x
protectionism;Discouraged;;;;;;;;;;;;;x
protectionism_desc;The government has erected a number of barriers and notable exclusions to foreign commerce.;;;;;;;;;;;;;x
free_trade;Tolerated;;;;;;;;;;;;;x
free_trade_desc;Foreign traders and capitalist are largely suffered here in their projects and trades.;;;;;;;;;;;;;x
economic_policy;Industrial Policy;;;;;;;;;;;;;x
laissez_faire;Agrarianism;;;;;;;;;;;;;x
laissez_faire_desc;The government attempts to forbid the development or expansion of industrial enterprise;;;;;;;;;;;;;x
FE_JIISHANAG;Jiishanâg is a large aristocratic commonwealth on the southern coast of Ishahfazh. They are motkohnic in faith, and one of the foremost industrial powers. They have a number of outlying colonial possessions and may form The Great Nag.;x
FE_POUMNIA;Poumnia is the great dynastic theocratic empire that lies on the southern deltas of Ishahfazh. They are a highly unequal society, with massive numbers of bonded people, and while backwards, they excel in arms. They have a number of focused expansion routes.;x
FE_VOKONAZH;Vokonazh, a large nation lying in the east of Ishahfazh, is the seat of Great Lord Gozomedes. It has a strong army and is in a position to unite the now shattered Kiidnazh, the old Gashdzii Empire.;x
FE_VEYETHU;Sublime Veyethu is the liberationist rump state that lies on the west of Ishahfazh, lying in the center of the old Athisard lands. These revolutionaries seek to export the liberationist rebellion to their hostile neighbours.;x
FE_VAFAUT;Vâfaut is a large plantation society on the mountain range diving the Poumnian lands from the old Gashdzii empire. They are in a position to form a defensive compact of the west Gashdzii people.;x
FE_GAUBJA;Gaubja is an industrialised kingdom lying on the temperate eastern shores of Ishahfazh. They have a number of colonial territories, a noble army, and are in a position to form The Great Nag.;x
FE_RANNU;Rannu Empire is the rambling, lethargic Unnahu empire of the north. With many subject peoples, they face a decisive moment in consolidating their empire, or succumbing to rebellion and partition.;x
FE_BOGORUG;Bogorug is an aristocratic commonwealth in the north of Ishahfazh. The embattled ruling minority of Bogoran nomad-descended conquerers rules with tenuous grasp over the Oujoy peasantry, leaning on Rannu support.;x
FE_MAMATOUKAT;Mamatoukat is a powerful Oujoy kingdom in the northwest of Ishahfazh. They are seen as the natural protectors of the sedentarian faith, and have a number of expension routes to establish regional influence.;x
jingoism;Expansionism;;;;;;;;;;;;;x
WORLD_YEAR;Miiv: $YEAR$ I.R.;x
Friday;Festday;x
Monday;Week's Dawn;x
Saturday;Prayerday;x
Sunday;Week's Dusk;x
Thursday;Feasting Day;x
Tuesday;Fasting Day;x
Wednesday;Midweek;x
encylopedia_updated;§GYour Encylopedia has been updated!§!§b;;;;;;;;;;;;;x
kusii_info;§GKusii pops will now be more likely to convert!§! \n;;;;;;;;;;;;;x
gashdzii;Gashdzii;;;;;;;;;;;;;x
colonial_gashdzii;Colonial Gashdzii;;;;;;;;;;;;;x
byotrish;Byotrish;;;;;;;;;;;;;x
vuyti;Vuyti;;;;;;;;;;;;;x
imperial_restit;Imperial Restitution;;;;;;;;;;;;;x
imperial_restit_short;$THIRD$ acquires $STATE$ and punish $RECIPIENT$;;;;;;;;;;;;;x
imperial_restit_setup;Restore Imperial government in $STATE$ and chastize $RECIPIENT$;;;;;;;;;;;;;x
imperial_restit_desc;Restore Imperial Government to §YPashdzii§W and punish its occupiers;;;;;;;;;;;;;;x
imperial_malcontents;Imperial Malcontents;;;;;;;;;;;;;x
imperial_malcontents_desc;The old Imperial elite in Pashdzii are slow to adjust to the new 'illigitimate' government.;;;;;;;;;;;;;x
gashdzii_resistance;Gashdzii Resistance;;;;;;;;;;;;;x
gashdzii_resistance;The Gashdzii are not quick to let their imperial capital fall to the hands of foriegners!;;;;;;;;;;;;;x
null_warning;§RIf there is a player on Veyethu/Vugioroo, this has no effect!§!§b;;;;;;;;;;;;;x
an_refugee;Anuvo Refugees;;;;;;;;;;;;;x
an_deported;Anuvos Deported;;;;;;;;;;;;;x
an_violence;Anuvos Attacked;;;;;;;;;;;;;x
backwards_customs;Backwards Customs;;;;;;;;;;;;;x
backwards_customs_desc;The Poumnian state chose to keep internal customs. Unlike their more progressive neighbours, they stand out for their curious tax regime.;;;;;;;;;;;;;x
gap_toothing_resolved;Gap Toothing Resolved;;;;;;;;;;;;;x
gap_toothing_resolved_desc;The struggle over the gap toothing debate as strengthened the grip of the central government on the land.;;;;;;;;;;;;;x
exploitation_l;Exploitation;;;;;;;;;;;;;x
movement_exploitation;Campaign for the Enslavement of the Foreign Man;;;;;;;;;;;;;x
four_year_draft_l;Four Year Draft;;;;;;;;;;;;;x
movement_mandatory_conscription;Pro-Conscription Movement;;;;;;;;;;;;;x
movement_four_year_draft;Anti-Conscription Movement;;;;;;;;;;;;;x
movement_two_year_draft;Anti-Conscription Movement;;;;;;;;;;;;;x
movement_one_year_draft;Anti-Conscription Movement;;;;;;;;;;;;;x
two_year_draft_l;Two Year Draft;;;;;;;;;;;;;x
one_year_draft_l;One Year Draft;;;;;;;;;;;;;x
self_rule_l;Self Rule;;;;;;;;;;;;;x
movement_self_rule;Campaign for Aboriginal Autonomy;;;;;;;;;;;;;x
settlement_l;Settlement;;;;;;;;;;;;;x
movement_settlement;Colonial Cleruchies Movement;;;;;;;;;;;;;x
statist_strike;Statist Obstruction;;;;;;;;;;;;;x
smallholder_society;Smallholder Society;;;;;;;;;;;;;x
smallholder_society_desc;This is a society of smallholders - moderately sized farms owned by largely by families, not firms or capitalists.;;;;;;;;;;;;;x
smallholder_society_1;Smallholder Society;;;;;;;;;;;;;x
smallholder_society_1_desc;This is a society of smallholders - moderately sized farms owned by largely by families, not firms or capitalists.;;;;;;;;;;;;;x
smallholder_society_2;Smallholder Society;;;;;;;;;;;;;x
smallholder_society_2_desc;This is a society of smallholders - moderately sized farms owned by largely by families, not firms or capitalists.;;;;;;;;;;;;;x
mot_accessory;§R The Resolution of the Conference was§!§Y;;;;;;;;;;;;;x
mot_result;Unsettled;;;;;;;;;;;;;x
loc_reset;\n §!;;;;;;;;;;;;;x
mot_if;If the resolution was §YRetributivist§!;;;;;;;;;;;;;x
mot_if_no;If the resolution was §YIndividualist§!;;;;;;;;;;;;;x
mot_info_ret;We will support the §YRetributivists§!;;;;;;;;;;;;;x
mot_info_in;We will support the §YIndividualists§!;;;;;;;;;;;;;x
retributivist_settlement;Retributivist School;;;;;;;;;;;;;x
retributivist_settlement_desc;This Motkohnic state folows the retributivist judicial school, taking extreme responsibility for its citizens moral lives. It encourages both social initiatives to reduce crime, as well as engages in methods of extreme torture for notable criminals, forgoing altogether the death penalty for decades of torture.;;;;;;;;;;;;;x
individualist_settlement;Individualist School;;;;;;;;;;;;;x
individualist_settlement_desc;This Motkhonic state follows the individualist judicial school, giving its citizens broad lattitude in moral responsibility, and only imprisoning and executing criminals for the sake of community stability. Justice is seen as the profound responsibility of the thinking, conscious subject, whose moral obligations arise from this. Communal confession is encouraged, and institutions preach social awareness and empathy.;;;;;;;;;;;;;x
global;Global;;;;;;;;;;;;;x
obstructive_landowners;Obstructive Landowners;;;;;;;;;;;;;x
white_flux;White Flux Outbreak;;;;;;;;;;;;;x
red_flux;Red Flux Outbreak;;;;;;;;;;;;;x
wasting_sickness;Wasting Sickness Outbreak;;;;;;;;;;;;;x
blinding_cough;Blinding Cough Outbreak;;;;;;;;;;;;;x
pot_belly_pox;Pot-Belly Pox Outbreak;;;;;;;;;;;;;x
cudfeeders_flu;Cudfeeder's Flu Outbreak;;;;;;;;;;;;;x
industry_curtailed;Industry Curtailed;;;;;;;;;;;;;x
LOADING_MAP_SPRITES;Cultivating Phylogenetic Differences...;x
LOADING_GUI_DEF;Developing Simple Tools...;x
LOADING_DATABASES;Imagining Frightening Creatures...;x
LOADING_DATABASES2;Constructing Languages...;x
INIT_MAP_LOGIC;Charting Landscapes...;x
CREATING_CHKSUM;Fattening Thralls... ;x
LOADING_HISTORY;Cataloguing Possible Timelines... ;x
LOADING_SOUNDS;Planting Pruub...;x
PROC_FLAGS;Locating the Vewug...;x
EXECUTING_HISTORY;Generating False Past....;x
LOAD_FLAGS;Fostering Mercantile Networks...;;x
LOAD_GFX;Determining Synthetic Present...;x
CREATING_THE_WORLD;Isolating Necessary Beings...;x
CREATING_TREES;Imagining Frightening Creatures...;x
CREATING_BORDERS;Developing Methods of Control...;x
CREATING_RIVERS;Singing a beautiful song...;x
MAP_PROPERLY_INIT;Crowning Gozomedes...;x
CREATING_PROVINCE;Creating Hominid Type #;x
CREATING_TEXTS;Silencing Dissenting Voices...;x
LOAD_EVENTS;Identifying Contigent Phenomena...;x
ADAPTING_HISTORY;Growing Beautiful Fur...;x
CALC_PATHS;Arranging Trans-World-Techno-Causal Laws;x
prince;Prince of the Blood;;;;;;;;;;;;;x
ruins_drupe;Ruins of the Drupe;;;;;;;;;;;;;x
YOU_LOST;§RBitter Defeat;x
YOU_WON;§GVictory;x
zealous_fervor;Zealous Fervor;;;;;;;;;;;;;x
zealous_fervor_desc;This nation is amidst a large debate about the relationship between the state and church, igniting religious passions and sectarianism.;;;;;;;;;;;;;x
minor_outrage_province;Provincial Malcontents;;;;;;;;;;;;;x
major_outrage_province;Provincial Unrest;;;;;;;;;;;;;x
quaratine;Province Quarantined;;;;;;;;;;;;;x
appointed_l;The Municipal Rates;x
appointed;Municipal Rates Reform;x
ran_bog_info;§RSerfdom Status in Rannu Empire§!;;;;;;;;;;;;;x
ran_serf_status;Legal;;;;;;;;;;;;;x
seat_of_the_dehuogi_clan;Seat of the Dehuogi Clan \n\n§WThis is the seat of the Dehuogi clan, the tribal census that governs all Dehuogi in the Bogoran Clan-Parliamentary System, as well as represents them in the Assembly of the Old Clans. It is the newest clan, and was invited in the last century. The Dehuogi Marchlanders are famous for their loyalty to the Bogoran state, and from their fortresses maintain a zealous watch over the coast of Yamajoury.;;;;;;;;;;;;;x
RULE_DHONT;Pazzak's Method;x
centralised;Centralised;x
centralised_l;Centralised;x
centralised_desc;This state is centralised, and passing any further reforms here will reset that!;x
states_system;States System;x
states_system_l;States System;x
states_system_desc;This state is organised along the lines of a system of federated states, with develolved responsibility.;x
vocational_candidacy;Vocational Constituency;x
vocational_candidacy_l;Vocational Constituency;x
vocational_candidacy_desc;This state is broadly corporatist, with major chartered organisations, occupational guilds, industiral firms, and numerous other bodies having the power to elect or appoint representatives in a byzantine network of rights and privlieges.;x
federalisation;Decentralisation;;;;;;;;;;;;;x
upper_house_composition;Minor Issues;;;;;;;;;;;;;x
population_equal_weight;National Ramient;;;;;;;;;;;;;x
population_equal_weight_l;National Ramient;;;;;;;;;;;;;x
state_equal_weight;Anti-Witch Legislation;;;;;;;;;;;;;x
state_equal_weight_l;Anti-Witch Legislation;;;;;;;;;;;;;x
movement_state_equal_weight;Anti-Witchcraft Campaign;;;;;;;;;;;;;x
movement_population_equal_weight;Traditional Dress Movement;;;;;;;;;;;;;x
POP_DAILY_EVENT;Windfalls: §Y$VAL$§W¤;;;;;;;;;;;;;;x
cordon_sanitaire_province;Cordon Sanitaire;;;;;;;;;;;;;x
had_pandemic;Had Pandemic;;;;;;;;;;;;;x
had_pandemic_desc;This province has a degree of disease resitance.;;;;;;;;;;;;;x
ballsy;Temerarious;;;;;;;;;;;;;x
vewugist_conversion;Vewugist Conversion;x
vewugist_conversion_desc;This country has recently converted to Vewugism and is enjoying increased links with the developed world on account of this.;x
mollusc_oil;Mollusc Oil;;;;;;;;;;;;;x
oil;Petroleum;;;;;;;;;;;;;x
jelly_factory;Synthetic Jelly Factory;;;;;;;;;;;;;x
jelly_factory_desc;This factory uses petroluems to produce jelly lubricants, reducing dependence on natural oils and jellies from the great molluscs of the sea.;;;;;;;;;;;;;x
synthetic_lubricants;Synthetic Lubricants;;;;;;;;;;;;;x
synthetic_lubricants_desc;For centuries the people of the Miiv have hunted the great oceanic Molluscs for their gellatinous bodies to use as lubricants, for everything from weaponry to oil lanterns, to grease machines, and to tar ships. Now, however, in the 14th century, the development of organic chemistry has allowed for the production of synthetic jelly.;;;;;;;;;;;;;x
chazd_molluscing;Chazd Molluscing Industry \n\n§WThe Molluscers of Chazd are probverbial for their bravery and stupendous hauls, hunting the prodigiously large molluscs of the stormy northern seas.;;;;;;;;;;;;;x
closed_city_of_aincha;Closed City of Aincha \n\n§WSince 1220 Aincha has been a closed city. The residence of the congress of the estates, and the president director, the activities here are considered too sensitive to allow just any foriegner or coolie from the provinces come settle here.;;;;;;;;;;;;;x
WARINDEMNITIES_EXPENSE;Tribute;;;;;;;;;;;;;x
WARINDEMNITIES_INCOME;Tribute;;;;;;;;;;;;;x
we_love_slavery;Poumnian Slave Society;;;;;;;;;;;;;x
usufruct_prioritised;Usufruct Prioritised;;;;;;;;;;;;;x
movement_usufruct_prioritised;Common Land Movement;;;;;;;;;;;;;x
usufruct_prioritised_l;Usufruct Prioritised;;;;;;;;;;;;;x
usufruct_prioritised_desc;With regards to land, this country's legal system prioritise unsufructary property arrangements over real property arangements.;;;;;;;;;;;;;x
naval_estimates;Naval Estimates;;;;;;;;;;;;;x
no_naval_estimates;No Naval Estimates;;;;;;;;;;;;;x
movement_no_naval_estimates;Naval Disarmament Movement;;;;;;;;;;;;;x
no_naval_estimates_l;No Naval Estimates;;;;;;;;;;;;;x
no_naval_estimates_desc;There is no sinking or hypothecated funds for the purposes of naval construction.;;;;;;;;;;;;;x
three_year_estimates;Three Year Estimates;;;;;;;;;;;;;x
movement_three_year_estimates;Three Year Estimates Movement;;;;;;;;;;;;;x
three_year_estimates_l;Naval Armament Movement;;;;;;;;;;;;;x
three_year_estimates_desc;Money for shipbuilding is allocated three years in advance.;;;;;;;;;;;;;x
five_year_estimates;Five Year Estimates;;;;;;;;;;;;;x
movement_five_year_estimates;Naval Armament Movement;;;;;;;;;;;;;x
five_year_estimates_l;Five Year Estimates;;;;;;;;;;;;;x
five_year_estimates_desc;Money for shipbuilding is allocated five years in advance.;;;;;;;;;;;;;x
seven_year_estimates;Seven Year Estimates;;;;;;;;;;;;;x
movement_seven_year_estimates;Naval Armament Movement;;;;;;;;;;;;;x
seven_year_estimates_l;Seven Year Estimates;;;;;;;;;;;;;x
seven_year_estimates_desc;Money for shipbuilding is allocated seven years in advance.;;;;;;;;;;;;;x
usufruct_law;Usufruct Law;;;;;;;;;;;;;x
realty_prioritised;Realty Prioritsed;;;;;;;;;;;;;x
realty_prioritised_l;Realty Prioritsed;;;;;;;;;;;;;x
movement_realty_prioritised_1;Property Rights Movement;;;;;;;;;;;;;x
realty_prioritised_desc;With regard to land laws, this country prioritises the recognition of 'real' property above concerns of use.;;;;;;;;;;;;;x
commons_system;Commons System;;;;;;;;;;;;;x
commons_system_desc;Land is held in a village commons system, with fields rotated between households yearly.;;;;;;;;;;;;;x
commons_system_l;Commons System;;;;;;;;;;;;;x
movement_commons_system;Commons Land Movement;;;;;;;;;;;;;x
land_covenants;Land Covenants;;;;;;;;;;;;;x
land_covenants_desc;Land covenants, binding legal oaths sworn upon the great seals of the land, garuntee the preservation of most commonlands from the encroachment of private aquisition.;;;;;;;;;;;;;x
land_covenants_l;Land Covenants;;;;;;;;;;;;;x
movement_land_covenants;Landsman's Oath Society;;;;;;;;;;;;;x
commoning_bills;Commoning Bills;;;;;;;;;;;;;x
commoning_bills_l;Commoning Bills;;;;;;;;;;;;;x
movement_commoning_bills;Expansion of the Commons Movement;;;;;;;;;;;;;x
commoning_bills_desc;The government has passed many commoning bills, allowing the expansion of commonland into previous government land or terra nullius.;;;;;;;;;;;;;x
common_courts;Common Courts;;;;;;;;;;;;;x
common_courts_l;Common Courts;;;;;;;;;;;;;x
movement_common_courts;Common Judiciary Movement;;;;;;;;;;;;;x
common_courts_desc;The status of the land courts has been totally separated and made independent from the civil government.;;;;;;;;;;;;;x
two_sphere_law;Two Sphere System;;;;;;;;;;;;;x
two_sphere_law_l;Two Sphere System;;;;;;;;;;;;;x
movement_two_sphere_law;Two Spheres Movement;;;;;;;;;;;;;x
two_sphere_law_desc;The culmination of yokerish judicial thought, the twain writ system is a state cleaven into two radical different legal systems between customs and land issues, and civil trials. The civil state acts as little more than a militarised 'watchman', while contract and customary law governs land use and personal lives.;;;;;;;;;;;;;x
unmanly;Pathetic;;;;;;;;;;;;;x
chickenhearted;Listless;;;;;;;;;;;;;x
shrinking_violet;Misanthropic;;;;;;;;;;;;;x
cavalry_school;Swine Rider;;;;;;;;;;;;;x
womanizer;Plunderer;;;;;;;;;;;;;x
#exranker;Pedant;;;;;;;;;;;;;x
glory_hound;Bloodthirsty;;;;;;;;;;;;;x
natural_born_leader;Inspiring Leader;;;;;;;;;;;;;x
bureaucrat_speed;Bureaucrat;;;;;;;;;;;;;x
cruel;Cruel;;;;;;;;;;;;;
diligent;Diligent;;;;;;;;;;;;;
expert;Paranoid;;;;;;;;;;;;;x
old_school;Old Guard;;;;;;;;;;;;;x
hated;Exile;;;;;;;;;;;;;x
cursed_luck;Torturer;;;;;;;;;;;;;x
clueless;Pedant;;;;;;;;;;;;;x
immoral;Pilferer;;;;;;;;;;;;;x
spoiled;Princeling;;;;;;;;;;;;;x
uncommonly_young;Dreamer;;;;;;;;;;;;;x
elderly;Elder;;;;;;;;;;;;;x
incompetent;Wastrel;;;;;;;;;;;;;x
unqualified;Drunkard;;;;;;;;;;;;;x
unfit;Sinecurist;;;;;;;;;;;;;x
disgraced_p;Careerist;;;;;;;;;;;;;x
disgraced;Campaigner;;;;;;;;;;;;;x
bungler;Bungler;;;;;;;;;;;;;x
corrupt;Embezzler;;;;;;;;;;;;;x
war_college;War College Graduate;;;;;;;;;;;;;x
shirker;Shirking;;;;;;;;;;;;;x
powerful_friends;Social Climber;;;;;;;;;;;;;x
school_of_defense;Constable;;;;;;;;;;;;;x
school_of_offense;Rifleman;;;;;;;;;;;;;x
school_of_the_bayonet;Prize Fighter;;;;;;;;;;;;;x
school_of_firepower;Doctor;;;;;;;;;;;;;x
sucker;Fool;;;;;;;;;;;;;x
HAS_NO_COLONIES;has colonial territories.\n;x
HAS_COLONIES;does not have colonial territories.\n;x
dumuv_abolished;Dumuv Abolished;;;;;;;;;;;;;x
dumuv_extended;Dumuv Extended;;;;;;;;;;;;;x
slaveowners_compensated;Slaveowners Compensated;;;;;;;;;;;;;x
slavery_ended_by_force;Slavery Ended by Force;;;;;;;;;;;;;x
locked_real;Realty Rights Solidly Established;;;;;;;;;;;;;x
locked_usu;Usufruct Rights Solidly Established;;;;;;;;;;;;;x
discovered_vaccines;Discovered Vaccination;;;;;;;;;;;;;x
locked_fed;Federated Constitution;;;;;;;;;;;;;x
locked_cent;Centralised Constitution;;;;;;;;;;;;;x
discovered_germs;Discovered Germ Theory;;;;;;;;;;;;;x
discovered_lighting;Discovered Gaslights;;;;;;;;;;;;;x
discovered_xrays;Discovered X-Rays;;;;;;;;;;;;;x
kusii_prohibited;Kusii Worship Prohibited;;;;;;;;;;;;;x
vewugi_country;Vewugist Country;;;;;;;;;;;;;x
drupe_torched;Great Drupe Destroyed;;;;;;;;;;;;;x
motkohnic_country;Motkohnic Country;;;;;;;;;;;;;x
rechktist_country;Rechktist Country;;;;;;;;;;;;;x
pudwou_overthrown;Pudwou Overthrown;;;;;;;;;;;;;x
diwvo;Diwvish;;;;;;;;;;;;;x
peninsular_diwvo;Pruuntish;;;;;;;;;;;;;x
sitheve;Sithevan;;;;;;;;;;;;;x
sitheve_not_formable;Distant Sithevan;;;;;;;;;;;;;x
bogoroid_huighian;Bogoroid;;;;;;;;;;;;;x
huighian;Huighian;;;;;;;;;;;;;x
duttuphti;Duttuphti;;;;;;;;;;;;;x
surgoian;Surgoian;;;;;;;;;;;;;x
surgoian_islander;Takemogine;;;;;;;;;;;;;x
yat-pugurian;Yat-Pugurian;;;;;;;;;;;;;x
thihudian;Thihudian;;;;;;;;;;;;;x
voted_mot;Sent Delegates to the Synod;;;;;;;;;;;;;x
HAS_NOT_GOODS;does not have goods;;;;;;;;;;;;;x
tribute_info;§Gwill recieve tribute.§!\n;;;;;;;;;;;;;x
HAVE_LESS_VASSALS_THAN;have less vassals than;;;;;;;;;;;;;x
HAVE_NOT_A_IN;An ocean borders ;;;;;;;;;;;;;x
negotiating_with_vassals;Negotiating with Vassals;;;;;;;;;;;;;x
liberationist_group;Liberationist and Free-Yoker parties;;;;;;;;;;;;;x
statist_group;Statist and Absolutist parties;;;;;;;;;;;;;x
theocratist_group;Theocratist parties;;;;;;;;;;;;;x
nationalist_rebels_title;Particularist;x
nationalist_rebels_name;$INDEP$ Particularists;x
nationalist_rebels_desc;Particularist rebels seek freedom for their bretheren. They are well led and equipped, and they will focus on achieving independence for their people.;x
nationalist_rebels_army;$INDEP$ Particularists;x
ANY_POP_IN_PROVINCE_STARTS;Any pop in province;x
vassal_nation_too_much_prestige;Vassal Nation;;;;;;;;;;;;;x
for7;For Seven;;;;;;;;;;;;;x
demanded_contributions;Expanded Civilian Requisitioning;;;;;;;;;;;;;x
demanded_contributions_desc;This nation has turned to desperate measures to aquire materiel for its army.;;;;;;;;;;;;;x
demanded_ships;Drafted Merchant Ships;;;;;;;;;;;;;x
demanded_ships_desc;This nation recently forced merchants and mercantile firms to yield their vessels and crews to the admirality. These fellows are a little untested.;;;;;;;;;;;;;x
thralls_culled;Thralls Culled;;;;;;;;;;;;;x
thralls_culled_desc;The thrall culling season has gone by and the older thralls (13-15) are now being fattened.;;;;;;;;;;;;;x
vupuyti_raid;Vupuyti Raid;;;;;;;;;;;;;x
montane_forest;Temperate Rainforest;;;;;;;;;;;;;x
law_changed_by_force;Law Changed By Force;;;;;;;;;;;;;x
jingoism_l;Expansionism;;;;;;;;;;;;;x
laissez_faire_l;Agrarianism;;;;;;;;;;;;;x
free_trade_l;Encouraged;;;;;;;;;;;;;x
protectionism_l;Discouraged;;;;;;;;;;;;;x
dynastic_security;Dynastic Security;;;;;;;;;;;;;x
dynastic_security_desc;The old Emperor has been exiled, and a new dynasty has taken the role of Kiidnazhk!;;;;;;;;;;;;;x
MODIFIER_POP_CONSCIOUSNESS_MODIFIER;Pop consciousness;x
HAVE_INDUSTRIAL_SCORE_LESS_THAN;Have industrial score less than;;;;;;;;;;;;;x
HAS_NO_MINORITIES;Has minorities;;;;;;;;;;;;;x
depression;Economic Depression;;;;;;;;;;;;;x
depression_desc;This country is in an economic slump at the moment.;;;;;;;;;;;;;x
debased_currency;Debased Currency;;;;;;;;;;;;;x
debased_currency_desc;The currency has been debased by the government, causing inflation and an indirect 'tax' on currency holders besides the government mint.;;;;;;;;;;;;;x
TRIGGER_STATE;State;x
slave_liquor_distillery;Liqour Bottling Plant;x
slave_liquor_distillery_desc;x;x
slave_winery;Bottling Plant;x
slave_winery_desc;x;x
slave_cannery;Cannery;x
slave_cannery_desc;x;x
slave_munitions_plant;Munitions Plant;x
slave_munitions_plant_desc;x;x
slave_cannery;Cannery;x
slave_cannery_desc;x;x
scout;Scout;;;;;;;;;;;;;
scout_activation;Scouts;;;;;;;;;;;;;
acquire_all_cores;Acquire All Cores;;;;;;;;;;;;;
acquire_all_cores_short;Acquire all cores from $RECIPIENT$;;;;;;;;;;;;;
acquire_all_cores_setup;Acquire all core provinces from $RECIPIENT$;;;;;;;;;;;;;
acquire_all_cores_desc;Acquire all enemy §Ystates§W where we have §Ycore provinces§W;;;;;;;;;;;;;
gold_fever;Gold Fever;;;;;;;;;;;;;
depleted_reserves;Depleted Reserves;;;;;;;;;;;;;
integration_of_strangers_act;Integration of Strangers Act;;;;;;;;;;;;;
intergreation_pathway_begun;Integration Pathway Begun;;;;;;;;;;;;;
guest_workers_act;Enacted Metic Laws;;;;;;;;;;;;;
ennected_guest_workers;Enacted Metic Laws;;;;;;;;;;;;;
protected_lands;Protected Lands;;;;;;;;;;;;;
guest_workers;The Metic Act;;;;;;;;;;;;;
Key;English;French;German;Polish;Spanish;Italian;Swedish;Czech;Hungarian;Dutch;Portuguese;Russian;Finnish;
public_order;Public Order;;;;;;;;;;;;;x
feudal_courts;Feudal Courts;;;;;;;;;;;;;x
feudal_courts_desc;Justice is in the hands of various aristocratic and ecclesiastical courts.;;;;;;;;;;;;;x
appointed_justices;Appointed Justices;;;;;;;;;;;;;x
appointed_justices_desc;Judges are appointed by the central government to regional courts.;;;;;;;;;;;;;x
unified_legal_code;Unified Legal Code;;;;;;;;;;;;;x
unified_legal_code_desc;There is a unified legal code for the entire polity.;;;;;;;;;;;;;x
land_reform_civ;Realty Law;;;;;;;;;;;;;x
feudal_tenure;Feudal Tenure;;;;;;;;;;;;;x
feudal_tenure_desc;Land is held in feudal terms, with rights for commons and noble privileges.;;;;;;;;;;;;;x
enclosure_of_commons;Enclosure of Commons;;;;;;;;;;;;;x
enclosure_of_commons_desc;The government has passed private acts enclosing upon commons.;;;;;;;;;;;;;x
private_landownership;Private Landownership;;;;;;;;;;;;;x
private_landownership_desc;Most land is held in private writs.;;;;;;;;;;;;;x
land_banking;Land Banking;;;;;;;;;;;;;x
land_banking_desc;The government has established various land banks for the allocation of land.;;;;;;;;;;;;;x
farm_cooperatives;Farming Cooperatives;;;;;;;;;;;;;x
farm_cooperatives_desc;Many lands are held as cooperatives.;;;;;;;;;;;;;x
collectivized_farming;Collectivized Farming;;;;;;;;;;;;;x
collectivized_farming_desc;Much land is held in large collectives.;;;;;;;;;;;;;x
banking_system;Banking System;;;;;;;;;;;;;x
unregulated_currency;Unregulated Currency;;;;;;;;;;;;;x
unregulated_currency_desc;The government makes little effort to restrict bills of exchange.;;;;;;;;;;;;;x
banking_licenses;Banking Licenses;;;;;;;;;;;;;x
banking_licenses_desc;All banks need a license to issue bills.;;;;;;;;;;;;;x
central_banking;Central Banking;;;;;;;;;;;;;x
central_banking_desc;There is an established central bank.;;;;;;;;;;;;;x
regulatory_institutions;Regulatory Institutions;;;;;;;;;;;;;x
regulatory_institutions_desc;There are various bodies dedicated to regulating currency flows.;;;;;;;;;;;;;x
school_system;School System;;;;;;;;;;;;;x
no_school_system;No School System;;;;;;;;;;;;;x
no_school_system_desc;There is no governmental school system.;;;;;;;;;;;;;x
parish_school_system;Parish School System;;;;;;;;;;;;;x
parish_school_system_desc;The government works with the clergy to provide schooling.;;;;;;;;;;;;;x
state_school_system;State School System;;;;;;;;;;;;;x
state_school_system_desc;There is a state school system.;;;;;;;;;;;;;x
thralldom;Thralldom;;;;;;;;;;;;;x
thralldom_allowed;Allowed;;;;;;;;;;;;;x
thralldom_allowed_desc;The pratice of keeping thralls is permitted.;;;;;;;;;;;;;x
thralldom_outlawed;Outlawed;;;;;;;;;;;;;x
thralldom_outlawed_desc;The pratice of keeping thralls is outlawed.;;;;;;;;;;;;;x
administrative_reform;Administration;;;;;;;;;;;;;x #Administrative Reform
aristocratic_bureaucracy;Aristocratic Bureaucracy;;;;;;;;;;;;;x
aristocratic_bureaucracy_desc;The country's executive machinery is squarely in the hands of local aristocrats and magnates: whether through hereditary sheriffs or starotsa, the regional executive remains deeply structurally entangled with hereditary social privilege.;;;;;;;;;;;;;x
proprietary_bureaucracy;Proprietary Bureaucracy;;;;;;;;;;;;;x
proprietary_bureaucracy_desc;The offices of the bureaucracy are bought and sold, and treated as hereditary property with government permission, sometimes with a small tax, often leading them to be the reserve of the local and loyal bourgeois.;;;;;;;;;;;;;x
appointed_bureaucrats;Appointed Bureaucrats;;;;;;;;;;;;;x
appointed_bureaucrats_desc;The main offices of the bureaucracy are appointed by the political party in charge of the central government, which, while vulnerable to patronage, allows for more professionalism.;;;;;;;;;;;;;x
professional_bureaucracy;Professional Bureaucracy;;;;;;;;;;;;;x
professional_bureaucracy_desc;The civil service is meritocratic and outcomes oriented.;;;;;;;;;;;;;x
legislative_system;Centralisation;;;;;;;;;;;;;x #Legislative System
tribal_assembly_i;Tribal Assembly;;;;;;;;;;;;;x
tribal_assembly_i_desc;The legislative assembly is composed of delegates chosen by hereditary tribal censi.;;;;;;;;;;;;;x
tribal_assembly;Decentralised;;;;;;;;;;;;;x
tribal_assembly_desc;This state is decentralised, and passing any further reforms here will reset that!;;;;;;;;;;;;;x
noble_parliament_i;Noble Parliament;;;;;;;;;;;;;x
noble_parliament_i_desc;All hereditary peers of the higher orders have a seat in the legislative assembly.;;;;;;;;;;;;;x
noble_parliament;Estates System;;;;;;;;;;;;;x
noble_parliament_desc;The ruling powers maintain a carefully balanced system of estates to manage popular consent to governance.;;;;;;;;;;;;;x
regulated_elections;Legislative Commisions;;;;;;;;;;;;;x
regulated_elections_desc;Landowners are expected to serve in regional and national legislatures, and they tend to determine national policy.;;;;;;;;;;;;;x
approved_candidacy;Approved Candidacy;;;;;;;;;;;;;x
approved_candidacy_desc;The legislature and the cabinet only consists of delegates chosen in "elections" directed by the central government.;;;;;;;;;;;;;x
appointed_legislatures;Appointed Legislatures;;;;;;;;;;;;;x
appointed_legislatures_desc;The legislature is composed of civil servants chosen by the ruling party.;;;;;;;;;;;;;x
infrastructure;Infrastructure;;;;;;;;;;;;;x
ad_hoc_development;Ad-Hoc Development;;;;;;;;;;;;;x
ad_hoc_development_desc;There are no laws or instituions regulating or promoting infrastructure development.;;;;;;;;;;;;;x
turnpikes_n_municipal_funding;Turnpikes & Municipal Funding;;;;;;;;;;;;;x
turnpikes_n_municipal_funding_desc;Infrastructure is largely funded by regional levies and directed by local authorites.;;;;;;;;;;;;;x
monopoly_corporations;Transport Monopolies;;;;;;;;;;;;;x
monopoly_corporations_desc;Most large transport and infrastructure throughfairs are developed and operated by large public-private monopoly companies for the sake of efficiency and national interest.;;;;;;;;;;;;;x
urban_planning;Urban Planning;;;;;;;;;;;;;x
urban_planning_desc;Most large cities have regional planning authorities for rational development;;;;;;;;;;;;;x
public_works_division;Public Works Division;;;;;;;;;;;;;x
public_works_division_desc;There is a government public works division to direct and support infrastructure expansion.;;;;;;;;;;;;;x
worker_protections;Worker Protections;;;;;;;;;;;;;x
no_protections;No Protections;;;;;;;;;;;;;x
no_protections_desc;There are no worker protections;;;;;;;;;;;;;x
trinket_protections;Trinket Protections;;;;;;;;;;;;;x
trinket_protections_desc;There are trinket protections for the worker.;;;;;;;;;;;;;x
low_protections;Low Protections;;;;;;;;;;;;;x
low_protections_desc;There are low levels of protection for the worker.;;;;;;;;;;;;;x
acceptable_protections;Acceptable Protections;;;;;;;;;;;;;x
acceptable_protections_desc;There are acceptable levels of protection for the worker.;;;;;;;;;;;;;x
good_protections;Good Protections;;;;;;;;;;;;;x
good_protections_desc;There are good protections for the worker.;;;;;;;;;;;;;x
scriptural_law;Scriptural Law;;;;;;;;;;;;;x
morality_police;Morality Police;;;;;;;;;;;;;x
morality_police_desc;Morality police enforce religious legislation with wide powers.;;;;;;;;;;;;;x
courts_of_canon;Courts of Canon;;;;;;;;;;;;;x
courts_of_canon_desc;Clerical courts have the right to prosecute religious offenders and heretics.;;;;;;;;;;;;;x
freedom_of_conscience;Freedom of Conscience;;;;;;;;;;;;;x
freedom_of_conscience_desc;Subjects cannot face trial for religious views.;;;;;;;;;;;;;x
permitted_heterodoxy;Permitted Heterodoxy;;;;;;;;;;;;;x
permitted_heterodoxy_desc;Heterodox views are permitted to form organsations and churches.;;;;;;;;;;;;;x
local_congregationalism;Local Congregationalism;;;;;;;;;;;;;x
local_congregationalism_desc;Local congregations are free to endorse their own religious views.;;;;;;;;;;;;;x
social_privileges;Social Privileges;;;;;;;;;;;;;x
feudal_rights;Feudal Rights;;;;;;;;;;;;;x
feudal_rights_desc;Aristocrats have wide proprietary rights against their subjects and the government.;;;;;;;;;;;;;x
sanctioned_privileges;Sanctioned Privileges;;;;;;;;;;;;;x
sanctioned_privileges_desc;The government endorses a number of privileges held by aristocrats against the lower orders.;;;;;;;;;;;;;x
sumptuary_laws;Sumptuary Laws;;;;;;;;;;;;;x
sumptuary_laws_desc;The lower orders are prohibited from certain luxuries and conspicous consumption.;;;;;;;;;;;;;x
legal_disabilities;Legal Disabilities;;;;;;;;;;;;;x
legal_disabilities_desc;Certain castes face a number of legal restritctions.;;;;;;;;;;;;;x
equality_before_the_law;Equality Before the Law;;;;;;;;;;;;;x
equality_before_the_law_desc;The government recognises no hereditary disabilities or privileges.;;;;;;;;;;;;;x
welfare_laws;Welfare Laws;;;;;;;;;;;;;x
no_dole;No Dole;;;;;;;;;;;;;x
no_dole_desc;There are no welfare policies in the state.;;;;;;;;;;;;;x
public_granaries;Public Granaries;;;;;;;;;;;;;x
public_granaries_desc;The government maintains large public granaries to protect against famine.;;;;;;;;;;;;;x
subsidized_grain_imports;Subsidized Grain Imports;;;;;;;;;;;;;x
subsidized_grain_imports_desc;The government subsidizes large quantities of grain to reduce the price.;;;;;;;;;;;;;x
universal_grain_dole;Universal Grain Dole;;;;;;;;;;;;;x
universal_grain_dole_desc;Most major cities provide a free grain dole to paupers, invalids, and the unemployed.;;;;;;;;;;;;;x
mule_n_seed_law;Mule & Seed Law;;;;;;;;;;;;;x
mule_n_seed_law_desc;The government is commited to providing a mule and yearly grains to its paupers and peasants.;;;;;;;;;;;;;x
slavery;Slavery;;;;;;;;;;;;;x
yes_slavery;Allowed;;;;;;;;;;;;;x
yes_slavery_desc;Slavery is allowed;;;;;;;;;;;;;x
code_of_rights;Code of Rights;;;;;;;;;;;;;x
code_of_rights_desc;Slaves have some legal protections against abuse.;;;;;;;;;;;;;x
public_ownership;Public Ownership;;;;;;;;;;;;;x
public_ownership_desc;All slaves are owned by the state.;;;;;;;;;;;;;x
gradual_abolition;Gradual Abolition;;;;;;;;;;;;;x
gradual_abolition_desc;Slaves are regularly emancipated and those born to slaves are free.;;;;;;;;;;;;;x
no_slavery;Outlawed;;;;;;;;;;;;;x
no_slavery_desc;Slavery is outlawed;;;;;;;;;;;;;x
citizens_rights;Cultural Rights;;;;;;;;;;;;;x
primary_culture_only;Primary Culture Only;;;;;;;;;;;;;x
primary_culture_only_desc;Only our primary culture can vote.;;;;;;;;;;;;;x
culture_voting_only;Minority Rights;;;;;;;;;;;;;x
culture_voting_only_desc;Certain accepted minorities are allowed to participate politically.;;;;;;;;;;;;;x
all_voting_pops;All Cultures Accepted;;;;;;;;;;;;;x
all_voting_pops_desc;All cultures are allowed to participate in the political process.;;;;;;;;;;;;;x
border_policy;Immigration Law;;;;;;;;;;;;;x
closed_borders;Closed Borders;;;;;;;;;;;;;x
closed_borders_desc;The border is strictly closed to immigrants.;;;;;;;;;;;;;x
quota_immigration;Immigration Quotas;;;;;;;;;;;;;x
quota_immigration_desc;Quotas carefuly restrict the amount of immigrants.;;;;;;;;;;;;;x
open_borders;Open Borders;;;;;;;;;;;;;x
open_borders_desc;All immigrants are free to come to our country.;;;;;;;;;;;;;x
emigration_law;Emigration Law;;;;;;;;;;;;;x
emigration_forbidden;Emigration Forbidden;;;;;;;;;;;;;x
emigration_forbidden_desc;Emigration is strictly forbidden.\nEmigration Factor: §R-800%§!;;;;;;;;;;;;;x
emigration_restricted;Restricted Migration;;;;;;;;;;;;;x
emigration_restricted_desc;Certain permits allow for legal emigration.\nEmigration Factor: §R-20%§!;;;;;;;;;;;;;x
emigration_permitted;Emigration Permitted;;;;;;;;;;;;;x
emigration_permitted_desc;Emigration is unrestricted and legal.;;;;;;;;;;;;;x
clerical_law;Clerical Law;;;;;;;;;;;;;x
empowered_clergy;Empowered Clergy;;;;;;;;;;;;;x
empowered_clergy_desc;The clergy maintains an extensive private state and judiciary.;;;;;;;;;;;;;x
magisterialism;Magisterialism;;;;;;;;;;;;;x
magisterialism_desc;The state and the ecclesiastical structure meld into one.;;;;;;;;;;;;;x
anti_clericalism;Anti-Clericalism;;;;;;;;;;;;;x
anti_clericalism_desc;The state is strictly seperate from the clergy, and clerical influence is legislated against.;;;;;;;;;;;;;x
debt_law;Debt Law;;;;;;;;;;;;;x
serfdom;Serfdom;;;;;;;;;;;;;x
serfdom_desc;Those unable to pay their debts descend into hereditary, landbound servitude.;;;;;;;;;;;;;x
peonage;Peonage;;;;;;;;;;;;;x
peonage_desc;Those unable to pay their debts descend into the service of their creditor.;;;;;;;;;;;;;x
debtors_prisons;Debtors' Prisons;;;;;;;;;;;;;x
debtors_prisons_desc;Those unable to pay their debts are interned in state run labour facilities until their debts are payed.;;;;;;;;;;;;;x
bankruptcy;Bankruptcy;;;;;;;;;;;;;x
bankruptcy_desc;Those unable to pay their debts may declare bankrupty to seek relief.;;;;;;;;;;;;;x
penal_system;Penal System;;;;;;;;;;;;;x
capital_punishment;Capital Punishment;;;;;;;;;;;;;x
capital_punishment_desc;The death penalty is a legal and common punishment for certain criminals.;;;;;;;;;;;;;x
colonial_transportation;Transportation;;;;;;;;;;;;;x
colonial_transportation_desc;Transportation to colonial servitude is a common punishment for crimes.;;;;;;;;;;;;;x
incarceration;Incarceration;;;;;;;;;;;;;x
incarceration_desc;Criminals are most often interned in state prisons or dungeons.;;;;;;;;;;;;;x
rehabilitation;Rehabilitation;;;;;;;;;;;;;x
rehabilitation_desc;Criminals are directed to correctional facilities with an intention to release them after correction.;;;;;;;;;;;;;x
POLITICS_MATTERS_OF_STATE;Matters of State;;;;;;;;;;;;;x
theocracy;Theocracy;;;;;;;;;;;;;x
aristocratic_commonwealth;Aristocratic Commonwealth;;;;;;;;;;;;;x
princely_despotate;Princely Despotate;;;;;;;;;;;;;x
absolute_autocracy;Absolutist Autocracy;;;;;;;;;;;;;x
statist_bureaucracy;Statist Bureaucracy;;;;;;;;;;;;;x
sublime_synod;Sublime Synod;;;;;;;;;;;;;x
paternalistic_council;Paternalistic Council;;;;;;;;;;;;;x
ishahfazh;Ishahfazh;;;;;;;;;;;;;x
kovazh;Kovazh;;;;;;;;;;;;;x
bafozh;Bafozh;;;;;;;;;;;;;x
marsh;Swamp;;;;;;;;;;;;;x
savanna;Savanna;;;;;;;;;;;;;x
savanna_woodland;Savanna Woodland;;;;;;;;;;;;;x
plateau_mountains;Plateau Mountains;;;;;;;;;;;;;x
GG_NAME_CONS;Consolidated States;;;;;;;;;;;;;x
GG_DESC_CONS;This is a version of GGG which is less lore friendly but consolidates many of the more shattered regions to create a more player friendly experience.;;;;;;;;;;;;;x
GG_DESC;On the great plains of the continent of Ishahfazh, by the imperial reckoning, the year is 1308. For the past four hundred years, since the traumatic and prolonged shattering of the Gashdzii empire in the times of sorrow, the face of Ishahfazh has been transformed by a series of events and innovations, the implications of which are only now becoming clear. A steady trickle of exploration has mapped the world and brought more and more regions into a global market, while vicious competition, politically and economically, has driven the proliferation of new forms of economic organization and innovations. At the same time, Gashdzii society has been wracked by perennial social upheaval since the collapse of the empire. The traditional lordly and ecclesiastical domination has been steadily challenged in more unstable regions, leading to the gradual development of what has been termed the "social liberationist" movement, rejecting centralized ecclesiastical organization. This movement, already tinged with social radicalism, in recent years has taken a critically radical turn. Calling themselves "liberationists" or "free-yokers", these radicals seek to overthrow the traditional organization of society at large. Calling for the abolition of proprietary social rights, manorial society, and aristocratic privilege, they seek to establish a society that caters to the common people, and to a traditional agricultural and arcadian lifestyle. As the game begins, the states of Ishahfazh are set poised for a vast confrontation as the very fabric of society changes: the merchants and industrials of the south look to command the very planet by their clever technologies, while the social liberationists across the former empire and its peripheries look to the Sitheve liberationist state with all their hopes for a worldly paradise, and in the ancient Poumnian empire and the great Vokonazh domains of the North, the forces of reaction and aristocracy rally their armies...;x;x;;x;;;;;;;;;x
GG_NAME;Gozomedes' Great Game;;;;;;;;;;;;;x
south_gashdzii;South Gashdzii;;;;;;;;;;;;;x
west_gashdzii;West Gashdzii;;;;;;;;;;;;;x
north_gashdzii;North Gashdzii;;;;;;;;;;;;;x
shagmodt;Shagmodt;;;;;;;;;;;;;x
poumnian;Poumnian;;;;;;;;;;;;;x
hahuibi;Hahuibi;;;;;;;;;;;;;x
anuvo;Anuvo;;;;;;;;;;;;;x
ghechi;Ghechi;;;;;;;;;;;;;x
hahabi;Hahabi;;;;;;;;;;;;;x
sevuma;Sevuma;;;;;;;;;;;;;x
vupuyti;Vupuyti;;;;;;;;;;;;;x
paguyti;Paguyti;;;;;;;;;;;;;x
DIPLOMACY_FILTER_NORTH_AMERICA;Ishahfazh;;;;;;;;;;;;;
DIPLOMACY_FILTER_NORTH_AMERICA_TOOLTIP;List §YIshahfazhi§W countries;;;;;;;;;;;;;
DIPLOMACY_FILTER_OCEANIA;Paukzhodo;;;;;;;;;;;;;
DIPLOMACY_FILTER_OCEANIA_TOOLTIP;List §YPaukzhodi§W countries;;;;;;;;;;;;;
DIPLOMACY_FILTER_EUROPE;Bafozh;;;;;;;;;;;;;x
DIPLOMACY_FILTER_EUROPE_TOOLTIP;List §YBafozhi§W countries;;;;;;;;;;;;;x
DIPLOMACY_FILTER_SOUTH_AMERICA;Kovazh;;;;;;;;;;;;;
DIPLOMACY_FILTER_SOUTH_AMERICA_TOOLTIP;List §YKovazhi§W countries;;;;;;;;;;;;;
DIPLOMACY_FILTER_ASIA;Gofakidzia;;;;;;;;;;;;;
DIPLOMACY_FILTER_ASIA_TOOLTIP;List §YGofakidzi§W countries;;;;;;;;;;;;;
DIPLOMACY_FILTER_AFRICA;Shobgizob;;;;;;;;;;;;;
DIPLOMACY_FILTER_AFRICA_TOOLTIP;List §YShobgizobi§W countries;;;;;;;;;;;;;
south_america;Kovazh;;;;;;;;;;;;;x
north_america;Ishahfazh;;;;;;;;;;;;;x
asia;Gofakidzia;;;;;;;;;;;;;x
africa;Shobgizob;;;;;;;;;;;;;x
oceania;Paukzhodo;;;;;;;;;;;;;x
europe;Bafozh;;;;;;;;;;;;;x
motkohnic;Motkohnic;;;;;;;;;;;;;x
kadkohi;Kadkohi;;;;;;;;;;;;;x
pagan;Pagan;;;;;;;;;;;;;x
towuzhan;Towuzhan;;;;;;;;;;;;;x
wompowushan;Wompowushan;;;;;;;;;;;;;x
vewugi;Vewugi;;;;;;;;;;;;;x
tehuhrite;Tehuhrite;;;;;;;;;;;;;x
pruuntish;Pruuntish;;;;;;;;;;;;;x
duyo;Duyo;;;;;;;;;;;;;x
serfs;Serfs;;;;;;;;;;;;;x
thralls;Thralls;;;;;;;;;;;;;x
thesathi;Thesathi;;;;;;;;;;;;;x
unnahu;Unnahu;;;;;;;;;;;;;x
coffee;Nuddi;;;;;;;;;;;;;x
opium;Pruub;;;;;;;;;;;;;x
tobacco;Nuzhdap;;;;;;;;;;;;;x
vufami;Vufami;;;;;;;;;;;;;x
eshemi;Eshemi;;;;;;;;;;;;;x
dehuogi;Dehuogi;;;;;;;;;;;;;x
ihnthedehert;Ihnthedehert;;;;;;;;;;;;;x
chyothit;Chyothit;;;;;;;;;;;;;x
ihnpihmi;Ihnpihmi;;;;;;;;;;;;;x
sithuchi;Sithuchi;;;;;;;;;;;;;x
ihntithot;Ihntithot;;;;;;;;;;;;;x
takemoujoy;Takemoujoy;;;;;;;;;;;;;x
tufume;Tufume;;;;;;;;;;;;;x
miegpaup;Miegpaup;;;;;;;;;;;;;x
yamoujoy;Yamoujoy;;;;;;;;;;;;;x
bogoran;Bogoran;;;;;;;;;;;;;x
gopza;Gopza;;;;;;;;;;;;;x
uttobanhu;Uttobanhu;;;;;;;;;;;;;x
roshupt;Roshupt;;;;;;;;;;;;;x
maumoujoy;Maumoujoy;;;;;;;;;;;;;x
shamush;Shamush;;;;;;;;;;;;;x
ihnpedi;Ihnpedi;;;;;;;;;;;;;x
ogrehi;Ogrehi;;;;;;;;;;;;;x
kova;Kova;;;;;;;;;;;;;x
biori;Biori;;;;;;;;;;;;;x
bukhegi;Bukhegi;;;;;;;;;;;;;x
pugure;Pugure;;;;;;;;;;;;;x
yattae;Yattae;;;;;;;;;;;;;x
cavalry;Swinery;;;;;;;;;;;;;x
hussar;Swinery Gunner;;;;;;;;;;;;;x
dragoon;Swinery Lancer;;;;;;;;;;;;;x
cuirassier;Swinery Raider;;;;;;;;;;;;;x
aucubhur;Aucubhur;;;;;;;;;;;;;x
aucbocharr;Aucbocharr;;;;;;;;;;;;;x
bhukhegi;Bhukhegi;;;;;;;;;;;;;x
jigubi;Jigubi;;;;;;;;;;;;;x
ngoghu;Ngoghu;;;;;;;;;;;;;x
princely_despotate_ruler;My Lord;;;;;;;;;;;;;x
aristocratic_commonwealth_ruler;Lord Minister;;;;;;;;;;;;;x
theocracy_ruler;High Priest;;;;;;;;;;;;;x
sublime_synod_ruler;Pontifex;;;;;;;;;;;;;x
paternalistic_council_ruler;Lord Protector;;;;;;;;;;;;;x
statist_bureaucracy_ruler;Premier;;;;;;;;;;;;;x
pastoral_confederacy_ruler;Brother;;;;;;;;;;;;;x
grand_syndicate_ruler;Grandmaster;;;;;;;;;;;;;x
engineer;Sapper;;;;;;;;;;;;;x
guard;Forayer;;;;;;;;;;;;;x
HOLD_ELECTION_BUTTON;Hold Election;;;;;;;;;;;;;x
rechktist;Rechktist;;;;;;;;;;;;;x
soxuppapi;Soxuppapi;;;;;;;;;;;;;x
momurist;Momurist;;;;;;;;;;;;;x
paorusu;Paorusu;;;;;;;;;;;;;x
kwargoi;Kwargoi;;;;;;;;;;;;;x
rozhyu;Rozhyu;;;;;;;;;;;;;x
humabi;Humabi;;;;;;;;;;;;;x
teong;Teong;;;;;;;;;;;;;x
dexun;Dexun;;;;;;;;;;;;;x
fenag;Fenag;;;;;;;;;;;;;x
babi;Babi;;;;;;;;;;;;;x
tingi;Tingi;;;;;;;;;;;;;x
teong;Teong;;;;;;;;;;;;;x
small_island;Small Island;;;;;;;;;;;;;x
gert;Gert;;;;;;;;;;;;;x
poussan;Poussan;;;;;;;;;;;;;x
gior;Gior;;;;;;;;;;;;;x
piok;Piok;;;;;;;;;;;;;x
assatiog;Assatiog;;;;;;;;;;;;;x
bauchir;Bauchir;;;;;;;;;;;;;x
gengugemeg;Gengugemeg;;;;;;;;;;;;;x
bogurg;Bogurg;;;;;;;;;;;;;x
coebeju;Coebeju;;;;;;;;;;;;;x
bofungi;Bofungi;;;;;;;;;;;;;x
unaian;Unaian;;;;;;;;;;;;;x
free_yoker;Free-Yoker;;;;;;;;;;;;;x
liberationist;Liberationist;;;;;;;;;;;;;x
statist;Statist;;;;;;;;;;;;;x
absolutist;Absolutist;;;;;;;;;;;;;x
theocratist;Theocratist;;;;;;;;;;;;;x
POLITICS_MILITARY_REFORMS;Political Reforms;;;;;;;;;;;;;x
fiscal_institutions;Fiscal Institutions;;;;;;;;;;;;;x
sovereign_proprietry;Proprietary of Sovereign;;;;;;;;;;;;;x
sovereign_proprietry_desc;The trearusy is an extension of the household of the soveriegn.;;;;;;;;;;;;;x
royal_exchequer;Royal Exchequer;;;;;;;;;;;;;x
royal_exchequer_desc;The royal exchequer is a seperate department in the government.;;;;;;;;;;;;;x
regional_government;Regional Government;;;;;;;;;;;;;x
local_estates;Local Estates;;;;;;;;;;;;;x
local_estates_desc;Much of local governance is left to local estates with quasi-soviergn rights.;;;;;;;;;;;;;x
intendants_system;Intendants System;;;;;;;;;;;;;x
intendants_system_desc;The power of local elites are abridged by supervisiory intendants.;;;;;;;;;;;;;x
legal_system;Legal System;;;;;;;;;;;;;x
customary_law;Customary Law;;;;;;;;;;;;;x
customary_law_desc;Most law remains customary and uncodified, enforced by social pressures and ad hoc relations.;;;;;;;;;;;;;x
sitting_courts;Sitting Courts;;;;;;;;;;;;;x
sitting_courts_desc;The government now maintains sitting courts for the maintinence of the law.;;;;;;;;;;;;;x
military_leadership;Military Leadership;;;;;;;;;;;;;x
private_command;Private Command;;;;;;;;;;;;;x
private_command_desc;Most military leaders maintain a private and personal relationship with their soldiers, beyond state conrtol.;;;;;;;;;;;;;x
officer_class;Officer Class;;;;;;;;;;;;;x
officer_class_desc;There is a professional officer class with a culture of responsibility for the purposes of directing soldiers.;;;;;;;;;;;;;x
army_structure;Army Structure;;;;;;;;;;;;;x
war_parties;War Parties;;;;;;;;;;;;;x
war_parties_desc;Most organised armies are ad hoc war parties or mercanary bands organised for the sake of a campaign.;;;;;;;;;;;;;x
standing_army;Standing Army;;;;;;;;;;;;;x
standing_army_desc;The state pays for the maintinence of a regular standing army for defense and offense.;;;;;;;;;;;;;x
courtly_ritual;Courtly Ritual;;;;;;;;;;;;;x
ad_hoc_assembly;Ad-Hoc Assembly;;;;;;;;;;;;;x
ad_hoc_assembly_desc;The royal court only assembles on ex tempore occasions.;;;;;;;;;;;;;x
royal_audiences;Royal Audiences;;;;;;;;;;;;;x
royal_audiences_desc;The government maintains regular royal audiences for the purposes of governance.;;;;;;;;;;;;;x
municipal_law;Municipal Law;;;;;;;;;;;;;x
no_legal_status;No Legal Status;;;;;;;;;;;;;x
no_legal_status_desc;Towns and cities have no privlieged legal status.;;;;;;;;;;;;;x
town_charters;Town Charters;;;;;;;;;;;;;x
town_charters_desc;Towns and cities have been granted special legal protections.;;;;;;;;;;;;;x
census_law;Census;;;;;;;;;;;;;x
no_census;No Census;;;;;;;;;;;;;x
no_census_desc;There is no census carried out by the state.;;;;;;;;;;;;;x
irregular_census;Irregular Census;;;;;;;;;;;;;x
irregular_census_desc;The state has the bureaucratic machinery to carry out an irregular census.;;;;;;;;;;;;;x
freedom_of_movement;Freedom of Movement;;;;;;;;;;;;;x
unfettered_movement;Unfettered Movement;;;;;;;;;;;;;x
unfettered_movement_desc;Subjects and residents are able to move as they will.;;;;;;;;;;;;;x
movement_restricted;Movement Restricted;;;;;;;;;;;;;x
movement_restricted_desc;The state has passed numerous laws to restrict movement of subjects and residents.;;;;;;;;;;;;;x
property_law;Property Law;;;;;;;;;;;;;x
ad_hoc_property_laws;Ad-Hoc Property Laws;;;;;;;;;;;;;x
ad_hoc_property_laws_desc;Most property laws are only loosely enforced by regional authorities.;;;;;;;;;;;;;x
writs_of_the_state;Writs of the State;;;;;;;;;;;;;x
writs_of_the_state_desc;All property is guaranteed by royal writs.;;;;;;;;;;;;;x
agricultural_methods;Agricultural Methods;;;;;;;;;;;;;x
ad_hoc_farming;Ad-Hoc Farming;;;;;;;;;;;;;x
ad_hoc_farming_desc;Most farming is done on an ad hoc basis in common fields.;;;;;;;;;;;;;x
crop_rotation;Crop Rotation;;;;;;;;;;;;;x
crop_rotation_desc;The principles of crop rotation and fallowing are widely understood and socially enforced.;;;;;;;;;;;;;x
metallurgy_law;Metallurgy;;;;;;;;;;;;;x
bog_iron_harvesting;Bog Iron Harvesting;;;;;;;;;;;;;x
bog_iron_harvesting_desc;Most iron sources are irregular and shallow, such as bog iron harvesting or surface quarries.;;;;;;;;;;;;;x
village_smithies;Village Smithies;;;;;;;;;;;;;x
village_smithies_desc;Metallurgical pratices are widely understood and iron is very accessable, such that even small villages maintain smithies.;;;;;;;;;;;;;x
record_keeping;Record-Keeping;;;;;;;;;;;;;x
chroniclers;Chroniclers;;;;;;;;;;;;;x
chroniclers_desc;Much record keeping is done by monastic and idiosyncratic chroniclers.;;;;;;;;;;;;;x
rudimentary_records;Rudimentary Records;;;;;;;;;;;;;x
rudimentary_records_desc;The state maintains a rudimentary records office with professional scribes.;;;;;;;;;;;;;x
education_law;Education;;;;;;;;;;;;;x
inherited_wisdom;Inherited Wisdom;;;;;;;;;;;;;x #Elder's Promise
inherited_wisdom_desc;Much education is done by elders and parochial authorities;;;;;;;;;;;;;x #Elder's Promise
clerical_education;Clerical Education;;;;;;;;;;;;;x
clerical_education_desc;Standardised cirricula organised by clerical instituions serves to perserve much knowledge and train effective civil servants.;;;;;;;;;;;;;x
currency_law;Currency;;;;;;;;;;;;;x
barter_system;Barter System;;;;;;;;;;;;;x
barter_system_desc;Most local and long distance trade is done by means of clumsy barter.;;;;;;;;;;;;;x
unregulated_bullion;Unregulated Bullion;;;;;;;;;;;;;x
unregulated_bullion_desc;Trade is facilitated by the near ubiquitous use of bullion and specie.;;;;;;;;;;;;;x
minting_n_coinage;Minting & Coinage;;;;;;;;;;;;;x
minting_n_coinage_desc;Trade prospers due to state issued metallic coins.;;;;;;;;;;;;;x
tax_collection;Tax Collection;;;;;;;;;;;;;x
tribute_tax;Tribute Tax;;;;;;;;;;;;;x
tribute_tax_desc;Most taxes are tributary and head taxes in nature.;;;;;;;;;;;;;x
land_tax;Land Tax;;;;;;;;;;;;;x
land_tax_desc;Graduated land taxes faciliate access to more regular incomes and tap into the wealth of the landed elites.;;;;;;;;;;;;;x
tax_farming;Tax Farming;;;;;;;;;;;;;x
tax_farming_desc;The pratice of tax farming, quasi-private offices of collection, ensures the state a regular and flexible supply of income.;;;;;;;;;;;;;x
market_reforms;Market Reforms;;;;;;;;;;;;;x
parochial_exchange;Parochial Exchange;;;;;;;;;;;;;x
parochial_exchange_desc;Exchange often occurs only on a parish level.;;;;;;;;;;;;;x
regional_markets;Regional Markets;;;;;;;;;;;;;x
regional_markets_desc;Organised regional fares and broader road systems now faciliate trade on an integrated regional scale.;;;;;;;;;;;;;x
trade_practices;Trade Practices;;;;;;;;;;;;;x
irregular_trade;Irregular Trade;;;;;;;;;;;;;x
irregular_trade_desc;Trade is done usually in irregular ways and with no set practices.;;;;;;;;;;;;;x
merchant_contracts;Merchant Contracts;;;;;;;;;;;;;x
merchant_contracts_desc;Regular contractual arrangements, embedded in the legal system, ensure mercantile confidence and stimulate oppertunity.;;;;;;;;;;;;;x
financial_instruments;Financial Instruments;;;;;;;;;;;;;x
usury_banned;Usury Banned;;;;;;;;;;;;;x
usury_banned_desc;A wide religious and philosophical aversion to the multiplication of value has led to restrictions on usury and other instruments of credit.;;;;;;;;;;;;;x
tokens_of_exchange;Tokens of Exchange;;;;;;;;;;;;;x
tokens_of_exchange_desc;Bills, credit, loans, and other financial implements are increasingly avaliable and prolific in the financial and mercantile communities.;;;;;;;;;;;;;x
manufacturing_law;Manufacturing;;;;;;;;;;;;;x
ad_hoc_fabrication;Ad-Hoc Fabrication;;;;;;;;;;;;;x
ad_hoc_fabrication_desc;Most fabrication is done on a pratical or cottage basis, or by regional masters.;;;;;;;;;;;;;x
artisan_guilds;Artisan Guilds;;;;;;;;;;;;;x
artisan_guilds_desc;Sophisticated guild regulations help manage a quality of output and a quantity of supply, stabalizing and thickening markets.;;;;;;;;;;;;;x
POLITICS_CIVILIZE;Modernize;;;;;;;;;;;;;x
liberationist_uh;Liberationists want to pass social reforms, but will pass political reforms under pressure.;;;;;;;;;;;;;x
free_yoker_uh;Free-Yokers want to pass social reforms and repeal political reforms when they are in power.;;;;;;;;;;;;;x
statist_uh;Statists want to pass political reforms, but will pass social reforms under pressure.;;;;;;;;;;;;;x
absolutist_uh;Absolutists want to pass political reforms when they are in power.;;;;;;;;;;;;;x
theocratist_uh;Theocratists will only participate politically if they are in power, and in that case they will tow the party line.;;;;;;;;;;;;;x
free_yoker_rebels_name;Free-Yoker Bands;;;;;;;;;;;;;x
free_yoker_rebels_desc;Free-Yokers are decentralized and loosely organized militant band of free peasants and the occasional political radical who look to topple the government and install a paternalistic council in order to push through a number of social reforms while rescinding most political reforms in the name of liberty.;;;;;;;;;;;;;x
theocratist_rebels_name;Theocratist Paramilitaries;;;;;;;;;;;;;x
theocratist_rebels_desc;Theocratist paramilitaries are a militarized political block of hard-right clericals, aristocrats, and disloyal military officers, looking to overthrow the government and empower the clergy to rule the country through absolute power.;;;;;;;;;;;;;x
absolutist_rebels_name;Absolutist Army Faction;;;;;;;;;;;;;x
absolutist_rebels_desc;The national Absolutist army faction consists of highly organized cadres of radical statist paramilitaries who look to establish a bureaucratic authoritarian regime with few social privileges and a developed state apparatus..;;;;;;;;;;;;;x 
reactionary_rebels_name;Reactionary Rebels;;;;;;;;;;;;;x
reactionary_rebels_desc;Reactionary rebels are dissident cadres of dejected and bitter nobles, activist clerics, wealthy yeomen, elements of the politicized soldiery and sometimes intellectual extremists, fanatical poets, depressed minor bureaucrats, and other miscellaneous figures lurking as hangers on in dilapidated mansions or certain gloomy social clubs. They seek to restore the traditional forms of social organization, restoring the church and aristocracy to ascendancy, and will not hesitate to use force to complete this 'reaction' against the modern impulses in society.;;;;;;;;;;;;;x
anbmedh;Anbmedh;;;;;;;;;;;;;x
ibhuamn;Ibhuamn;;;;;;;;;;;;;x
cotton;Spindleweed;;;;;;;;;;;;;x
chobajhi;Chobajhi;;;;;;;;;;;;;x
deuseuian;Deuseuian;;;;;;;;;;;;;x
ftemioq;Ftemioq;;;;;;;;;;;;;x
social_policy;Welfare Policy;;;;;;;;;;;;;
colonial_spending_policy;Colonial;;;;;;;;;;;;;
colonial_spending_policy_l;Colonial;;;;;;;;;;;;;
colonial_spending_policy_desc;The government has a colonial policy towards its subjects and has no intention of spending any money on their welfare.;;;;;;;;;;;;;
no_state_interference;Opposed to Welfare;;;;;;;;;;;;;
no_state_interference_l;Opposed to Welfare;;;;;;;;;;;;;
no_state_interference_desc;The government feels that welfare expenditures are unnecessary and that individuals should look after themselves.;;;;;;;;;;;;;
no_position_set;No Official Policy;;;;;;;;;;;;;
no_position_set_l;No Official Welfare Policy;;;;;;;;;;;;;
no_position_set_desc;There's no official position on welfare policy and how much should the government spend on it, the amount being largely left for the ruler to decide.;;;;;;;;;;;;;
populist_welfare;Paternalistic;;;;;;;;;;;;;
populist_welfare_l;Paternalistic Welfare;;;;;;;;;;;;;
populist_welfare_desc;The welfare system in this government has a paternalistic characteristic, with a minimum amount set to be spent in support of this oftentimes populist policy.;;;;;;;;;;;;;
welfare_state;Full Welfare State;;;;;;;;;;;;;
welfare_state_l;Full Welfare State;;;;;;;;;;;;;
welfare_state_desc;This government feels that the welfare of the less fortunate is of the utmost importance and dedicates a piece of the budget to pursue this objective.;;;;;;;;;;;;;
primary_culture_only_l;Primary Culture Only;;;;;;;;;;;;;x
culture_voting_only_l;Minority Rights;;;;;;;;;;;;;x
all_voting_pops_l;All Cultures Accepted;;;;;;;;;;;;;x
closed_borders_l;Closed Borders;;;;;;;;;;;;;x
quota_immigration_l;Quota Immigration;;;;;;;;;;;;;x
open_borders_l;Open Borders;;;;;;;;;;;;;x
tribal_assembly_i_l;Tribal Assembly;;;;;;;;;;;;;x
noble_parliament_i_l;Noble Parliament;;;;;;;;;;;;;x
tribal_assembly_l;Federalised;;;;;;;;;;;;;x
noble_parliament_l;Estates System;;;;;;;;;;;;;x
regulated_elections_l;Legislative Commisions;;;;;;;;;;;;;x
approved_candidacy_l;Approved Candidacy;;;;;;;;;;;;;x
appointed_legislatures_l;Appointed Legislatures;;;;;;;;;;;;;x
feudal_tenure_l;Commons System;;;;;;;;;;;;;x
enclosure_of_commons_l;Enclosure of Commons;;;;;;;;;;;;;x
private_landownership_l;Private Landownership;;;;;;;;;;;;;x
land_banking_l;Land Banking;;;;;;;;;;;;;x
farm_cooperatives_l;Farm Cooperatives;;;;;;;;;;;;;x
collectivized_farming_l;Collectivized Farming;;;;;;;;;;;;;x
unregulated_currency_l;Unregulated Currency;;;;;;;;;;;;;x
banking_licenses_l;Banking Licenses;;;;;;;;;;;;;x
central_banking_l;Central Banking;;;;;;;;;;;;;x
regulatory_institutions_l;Regulatory Institutions;;;;;;;;;;;;;x
thralldom_allowed_l;Thralldom Allowed;;;;;;;;;;;;;x
thralldom_outlawed_l;Thralldom Outlawed;;;;;;;;;;;;;x
feudal_courts_l;Feudal Courts;;;;;;;;;;;;;x
appointed_justices_l;Appointed Justices;;;;;;;;;;;;;x
unified_legal_code_l;Unified Legal Code;;;;;;;;;;;;;x
aristocratic_bureaucracy_l;Aristocratic Bureaucracy;;;;;;;;;;;;;x
proprietary_bureaucracy_l;Proprietary Bureaucracy;;;;;;;;;;;;;x
appointed_bureaucrats_l;Appointed Bureaucrats;;;;;;;;;;;;;x
professional_bureaucracy_l;Professional Bureaucracy;;;;;;;;;;;;;x
ad_hoc_development_l;Ad-Hoc Development;;;;;;;;;;;;;x
turnpikes_n_municipal_funding_l;Turnpikes & Municipal Funding;;;;;;;;;;;;;x
urban_planning_l;Urban Planning;;;;;;;;;;;;;x
monopoly_corporations_l;Transport Monopolies;;;;;;;;;;;;;x
public_works_division_l;Public Works Division;;;;;;;;;;;;;x
no_health_care_l;No Health Care;;;;;;;;;;;;;x
trinket_health_care_l;Trinket Health Care;;;;;;;;;;;;;x
low_health_care_l;Low Health Care;;;;;;;;;;;;;x
acceptable_health_care_l;Acceptable Health Care;;;;;;;;;;;;;x
good_health_care_l;Good Health Care;;;;;;;;;;;;;x
no_school_system_l;No School System;;;;;;;;;;;;;x
parish_school_system_l;Parish School System;;;;;;;;;;;;;x
state_school_system_l;State School System;;;;;;;;;;;;;x
emigration_forbidden_l;Emigration Forbidden;;;;;;;;;;;;;x
emigration_restricted_l;Emigration Restricted;;;;;;;;;;;;;x
emigration_permitted_l;Emigration Permitted;;;;;;;;;;;;;x
empowered_clergy_l;Empowered Clergy;;;;;;;;;;;;;x
magisterialism_l;Magisterialism;;;;;;;;;;;;;x
anti_clericalism_l;Anti-Clericalism;;;;;;;;;;;;;x
no_protections_l;No Protections;;;;;;;;;;;;;x
trinket_protections_l;Trinket Protections;;;;;;;;;;;;;x
low_protections_l;Low Protections;;;;;;;;;;;;;x
acceptable_protections_l;Acceptable Protections;;;;;;;;;;;;;x
good_protections_l;Good Protections;;;;;;;;;;;;;x
morality_police_l;Morality Police;;;;;;;;;;;;;x
courts_of_canon_l;Courts of Canon;;;;;;;;;;;;;x
freedom_of_conscience_l;Freedom of Conscience;;;;;;;;;;;;;x
permitted_heterodoxy_l;Permitted Heterodoxy;;;;;;;;;;;;;x
local_congregationalism_l;Local Congregationalism;;;;;;;;;;;;;x
no_dole_l;No Dole;;;;;;;;;;;;;x
public_granaries_l;Public Granaries;;;;;;;;;;;;;x
subsidized_grain_imports_l;Subsidized Grain Imports;;;;;;;;;;;;;x
universal_grain_dole_l;Universal Grain Dole;;;;;;;;;;;;;x
mule_n_seed_law_l;Mule & Seed Law;;;;;;;;;;;;;x
serfdom_l;Serfdom;;;;;;;;;;;;;x
peonage_l;Peonage;;;;;;;;;;;;;x
debtors_prisons_l;Debtors Prisons;;;;;;;;;;;;;x
bankruptcy_l;Bankruptcy;;;;;;;;;;;;;x
capital_punishment_l;Capital Punishment;;;;;;;;;;;;;x
colonial_transportation_l;Colonial Transportation;;;;;;;;;;;;;x
incarceration_l;Incarceration;;;;;;;;;;;;;x
rehabilitation_l;Rehabilitation;;;;;;;;;;;;;x
yes_slavery_l;Slavery Allowed;;;;;;;;;;;;;x #Normally just Allowed
code_of_rights_l;Code of Rights;;;;;;;;;;;;;x
public_ownership_l;Public Ownership;;;;;;;;;;;;;x
gradual_abolition_l;Gradual Abolition;;;;;;;;;;;;;x
no_slavery_l;Slavery Outlawed;;;;;;;;;;;;;x #Normally just Outlawed
feudal_rights_l;Feudal Rights;;;;;;;;;;;;;x
sanctioned_privileges_l;Sanctioned Privileges;;;;;;;;;;;;;x
sumptuary_laws_l;Sumptuary Laws;;;;;;;;;;;;;x
legal_disabilities_l;Legal Disabilities;;;;;;;;;;;;;x
equality_before_the_law_l;Equality Before the Law;;;;;;;;;;;;;x
movement_primary_culture_only;Citizenship Restriction Movement;;;;;;;;;;;;;x
movement_culture_voting_only;Classified Minorities Movement;;;;;;;;;;;;;x
movement_all_voting_pops;Plural Citizenship Movement;;;;;;;;;;;;;x
movement_closed_borders;Closed Borders Lobby;;;;;;;;;;;;;x
movement_quota_immigration;Quota Immigration Movement;;;;;;;;;;;;;x
movement_open_borders;Open Borders Movement;;;;;;;;;;;;;x
movement_tribal_assembly;Regionalist Movement;;;;;;;;;;;;;x
movement_centralised;Centralisation Campaign;;;;;;;;;;;;;x
movement_noble_parliament;Ancient Rights League;;;;;;;;;;;;;x
movement_noble_parliament_i;Aristocratic Sovereignity Movement;;;;;;;;;;;;;x
movement_tribal_assembly_i;Common Rights League;;;;;;;;;;;;;x
movement_regulated_elections;Noble Obligations Movement;;;;;;;;;;;;;x
movement_approved_candidacy;Approved Candidacy Movement;;;;;;;;;;;;;x
movement_appointed_legislatures;Appointed Legislatures Movement;;;;;;;;;;;;;x
movement_feudal_tenure;Common Land Movement;;;;;;;;;;;;;x
movement_enclosure_of_commons;Enclosure of Commons Movement;;;;;;;;;;;;;x
movement_private_landownership;Private Landownership Movement;;;;;;;;;;;;;x
movement_land_banking;Land Banking Movement;;;;;;;;;;;;;x
movement_farm_cooperatives;Farm Cooperatives Movement;;;;;;;;;;;;;x
movement_collectivized_farming;Collectivized Farming Movement;;;;;;;;;;;;;x
movement_unregulated_currency;Financial Deregulation Movement;;;;;;;;;;;;;x
movement_banking_licenses;Banking Licenses Movement;;;;;;;;;;;;;x
movement_central_banking;Central Banking Movement;;;;;;;;;;;;;x
movement_regulatory_institutions;Regulatory Institutions Movement;;;;;;;;;;;;;x
movement_thralldom_allowed;Thrall-Taker's Lobby;;;;;;;;;;;;;x
movement_thralldom_outlawed;Anti-Thralldom League;x
movement_feudal_courts;Lordly Justice Lobby;;;;;;;;;;;;;x
movement_appointed_justices;Judicial Reform Campaign;;;;;;;;;;;;;x
movement_unified_legal_code;Judicial Reform Campaign;;;;;;;;;;;;;x
movement_aristocratic_bureaucracy;Hereditary Offices Movement;;;;;;;;;;;;;x
movement_proprietary_bureaucracy;Sale of Offices Movement;;;;;;;;;;;;;x
movement_appointed_bureaucrats;Civil Service Reform Movement;;;;;;;;;;;;;x
movement_professional_bureaucracy;Civil Service Reform Movement;;;;;;;;;;;;;x
movement_ad_hoc_development;Municipal Liberties Movement;;;;;;;;;;;;;x
movement_turnpikes_n_municipal_funding;Urban Development Campaign;;;;;;;;;;;;;x
movement_urban_planning;Urban Development Campaign;;;;;;;;;;;;;x
movement_monopoly_corporations;Infrastructure Development Campaign;;;;;;;;;;;;;x
movement_public_works_division;Infrastructure Development Campaign;;;;;;;;;;;;;x
movement_no_health_care;Grave-Pits Movement;;;;;;;;;;;;;x
movement_trinket_health_care;Public Sanitation Movement;;;;;;;;;;;;;x
movement_low_health_care;Public Inoculation Campaign;;;;;;;;;;;;;x
movement_acceptable_health_care;Public Hospitals Movement;;;;;;;;;;;;;x
movement_good_health_care;Medical Inspection Movement;;;;;;;;;;;;;x
movement_no_school_system;Private Schools Movement;;;;;;;;;;;;;x
movement_parish_school_system;Clerical Education Movement;;;;;;;;;;;;;x
movement_state_school_system;State School System Movement;;;;;;;;;;;;;x
movement_emigration_forbidden;Emigration Forbidden Movement;;;;;;;;;;;;;x
movement_emigration_restricted;Emigration Permission Movement;;;;;;;;;;;;;x
movement_emigration_permitted;Freedom of Emigration Campaign;;;;;;;;;;;;;x
movement_empowered_clergy;Empowered Clergy Movement;;;;;;;;;;;;;x
movement_magisterialism;Magisterialism Movement;;;;;;;;;;;;;x
movement_anti_clericalism;Anti-Clericalism Movement;;;;;;;;;;;;;x
movement_no_protections;No Protections Movement;;;;;;;;;;;;;x
movement_trinket_protections;Trinket Protections Movement;;;;;;;;;;;;;x
movement_low_protections;Low Protections Movement;;;;;;;;;;;;;x
movement_acceptable_protections;Acceptable Protections Movement;;;;;;;;;;;;;x
movement_good_protections;Good Protections Movement;;;;;;;;;;;;;x
movement_morality_police;Social Morality Movement;;;;;;;;;;;;;x
movement_courts_of_canon;Religious Tribunals Movement;;;;;;;;;;;;;x
movement_freedom_of_conscience;Freedom of Conscience Society;;;;;;;;;;;;;x
movement_permitted_heterodoxy;Permitted Heterodoxy Movement;;;;;;;;;;;;;x
movement_local_congregationalism;Local Congregationalism Movement;;;;;;;;;;;;;x
movement_no_dole;Anti-Pauper Lobby;;;;;;;;;;;;;x
movement_public_granaries;Provender Security Campaign;;;;;;;;;;;;;x
movement_subsidized_grain_imports;Provender Security Campaign;;;;;;;;;;;;;x
movement_universal_grain_dole;Universal Grain Dole Movement;;;;;;;;;;;;;x
movement_mule_n_seed_law;Mule & Seed Law Movement;;;;;;;;;;;;;x
movement_serfdom;Re-Enserfment Lobby;;;;;;;;;;;;;x
movement_peonage;Abolition of Serfdom Movement;;;;;;;;;;;;;;x
movement_debtors_prisons;Debtor Protection Movement;;;;;;;;;;;;;x
movement_bankruptcy;Debtor Protection Movement;;;;;;;;;;;;;x
movement_capital_punishment;Capital Punishment Movement;;;;;;;;;;;;;x
movement_colonial_transportation;Commuted Sentences Movement;;;;;;;;;;;;;x
movement_incarceration;Punitive Reform Movement;;;;;;;;;;;;;x
movement_rehabilitation;Prison Reform Movement;;;;;;;;;;;;;x
movement_yes_slavery;Pro-Slavery Campaign;;;;;;;;;;;;;x #Normally just Allowed
movement_code_of_rights;Slave Protection Campaign;;;;;;;;;;;;;x
movement_public_ownership;Public Ownership Movement;;;;;;;;;;;;;x
movement_gradual_abolition;Gradual Abolition Movement;;;;;;;;;;;;;x
movement_no_slavery;Slavery Abolitionist Movement;;;;;;;;;;;;;x #Normally just Outlawed
movement_feudal_rights;Feudal Rights Movement;;;;;;;;;;;;;x
movement_sanctioned_privileges;Sanctioned Privileges Movement;;;;;;;;;;;;;x
movement_sumptuary_laws;Sumptuary Laws Movement;;;;;;;;;;;;;x
movement_legal_disabilities;Legal Disabilities Movement;;;;;;;;;;;;;x
movement_equality_before_the_law;Legal Equality Movement;;;;;;;;;;;;;x
movement_vocational_candidacy;Corporatist Movement;;;;;;;;;;;;;x
movement_states_system;Regionalist Lobby;;;;;;;;;;;;;x
war_torn;War Torn;;;;;;;;;;;;;x
colonial_chaos;Colonial Chaos;;;;;;;;;;;;;x
peacetime_mobilization;Peacetime Mobilization;;;;;;;;;;;;;x
national_confusion;National Confusion;;;;;;;;;;;;;x
political_outrage;Political Outrage;;;;;;;;;;;;;x
loss_of_control;Loss of Control;;;;;;;;;;;;;x
take_capital;Take Capital;;;;;;;;;;;;;x
take_capital_short;Acquire $STATE$;;;;;;;;;;;;;x
take_capital_setup;Acquire $STATE$;;;;;;;;;;;;;x
take_capital_desc;Aquire an enemy's §Ycapital state§W;;;;;;;;;;;;;x
negotiated_transfer;Negotiated Transfer;;;;;;;;;;;;;x
NORMAL_WAR_NEGOTIATE_NAME;Negotiated Transfer of $SECOND$ Land;;;;;;;;;;;;;x
negotiated_transfer_short;Transfer $STATE$;;;;;;;;;;;;;x
negotiated_transfer_setup;Transfer $STATE$;;;;;;;;;;;;;x
negotiated_transfer_desc;Transfer another player's §Ystate§W to your domain;;;;;;;;;;;;;x
conquest_minuscule;Minuscule Conquest;;;;;;;;;;;;;x
NORMAL_WAR_CONQUEST_MINUSCULE_NAME;$ORDER$Minuscule Conquest of $SECOND_COUNTRY$;;;;;;;;;;;;;x
conquest_minuscule_short;Annex $RECIPIENT$;;;;;;;;;;;;;x
conquest_minuscule_setup;Annex $RECIPIENT$;;;;;;;;;;;;;x
conquest_minuscule_desc;Annex a single-state §Ycountry§W with less than 100,000 pops;;;;;;;;;;;;;x
conquest_tiny;Tiny Conquest;;;;;;;;;;;;;x
NORMAL_WAR_CONQUEST_TINY_NAME;$ORDER$Tiny Conquest of he $SECOND_COUNTRY$;;;;;;;;;;;;;x
conquest_tiny_short;Annex $RECIPIENT$;;;;;;;;;;;;;x
conquest_tiny_setup;Annex $RECIPIENT$;;;;;;;;;;;;;x
conquest_tiny_desc;Annex a single-state §Ycountry§W with less than 250,000 pops;;;;;;;;;;;;;x
conquest_low;Lowly Conquest;;;;;;;;;;;;;x
NORMAL_WAR_CONQUEST_LOW_NAME;$ORDER$Lowly Conquest of $SECOND_COUNTRY$;;;;;;;;;;;;;x
conquest_low_short;Annex $RECIPIENT$;;;;;;;;;;;;;x
conquest_low_setup;Annex $RECIPIENT$;;;;;;;;;;;;;x
conquest_low_desc;Annex a single-state §Ycountry§W with less than 550,000 pops;;;;;;;;;;;;;x
in_bankrupcy;In Bankruptcy;;;;;;;;;;;;;x
in_disrepair;In Disrepair;;;;;;;;;;;;;x
ancestral_swamp_farms;Ancestral Swamp Farming;;;;;;;;;;;;;x
bustling_metropolis;Bustling Metropolis;;;;;;;;;;;;;x
asyum;Asyum;;;;;;;;;;;;;x
charch;Charch;;;;;;;;;;;;;x
cherasass;Cherasass;;;;;;;;;;;;;x
hohraeth;Hohraeth;;;;;;;;;;;;;x
ighoureth;Ighoureth;;;;;;;;;;;;;x
hrusaan;Hrusaan;;;;;;;;;;;;;x
nubiju;Nubiju;;;;;;;;;;;;;x
roshudbi;Roshudbi;;;;;;;;;;;;;x
goshaja;Goshaja;;;;;;;;;;;;;x
umodi;Umodi;;;;;;;;;;;;;x
padud;Padud;;;;;;;;;;;;;x
mnashi;Mnashi;;;;;;;;;;;;;x
geep;Geep;;;;;;;;;;;;;x
gajadi;Gajadi;;;;;;;;;;;;;x
behshi;Behshi;;;;;;;;;;;;;x
babhra;Babhra;;;;;;;;;;;;;x
drasho;Drasho;;;;;;;;;;;;;x
nuukheu;Nuukheu;;;;;;;;;;;;;x
sarengi;Sarengi;;;;;;;;;;;;;x
mipabi;Mipabi;;;;;;;;;;;;;x
pomiga;Pomiga;;;;;;;;;;;;;x
gji;Gj'i;;;;;;;;;;;;;x
khrayian;Khrayian;;;;;;;;;;;;;x
gokam;Gokam;;;;;;;;;;;;;x
fauhwozi;Fauhwozi;;;;;;;;;;;;;x
thaunti;Thaunti;;;;;;;;;;;;;x
foussuni;Foussuni;;;;;;;;;;;;;x
wushauw;Wushauw;;;;;;;;;;;;;x
tuqqikian;Tuqqikian;;;;;;;;;;;;;x
zagkhan;Zagkhan;;;;;;;;;;;;;x
mjhman;Mjhm'an;;;;;;;;;;;;;x
pruuntish_submission;Quelling Shamush Dissent;;;;;;;;;;;;;x
pruuntish_submission_short;Poumnia is attempting to puppet, sphere and restore Wompowushan as the state religion in $RECIPIENT$ for denying the divinity of the Poumnian Emperor;;;;;;;;;;;;;x
pruuntish_submission_setup;Poumnia is attempting to puppet, sphere and restore Wompowushan as the state religion in $RECIPIENT$ for denying the divinity of the Poumnian Emperor;;;;;;;;;;;;;x
pruuntish_submission_desc;Poumnia is attempting to puppet, sphere and restore Wompowushan as the state religion in $RECIPIENT$ for denying the divinity of the Poumnian Emperor;;;;;;;;;;;;;x
NORMAL_WAR_NAME_REPARATIONS;$ORDER$$FIRST$-$SECOND$ War;;;;;;;;;;;;;
AGRESSION_WAR_NAME_REPARATIONS;$ORDER$War of $FIRST$ Aggression;;;;;;;;;;;;;
war_reparations;Extract Tribute;;;;;;;;;;;;;
war_reparations_desc;Extract §Ytribute§W from another country.;;;;;;;;;;;;;
war_reparations_short;Extract Tribute;;;;;;;;;;;;;
war_reparations_setup;Extract §Ytribute§W from another country.;;;;;;;;;;;;;
take_colonial_concession_capital;Demand Capital;;;;;;;;;;;;;x
take_colonial_concession_capital_short;Acquire $STATE$;;;;;;;;;;;;;x
take_colonial_concession_capital_setup;Acquire $STATE$;;;;;;;;;;;;;x
take_colonial_concession_capital_desc;Aquire a primitive enemy's §Ycapital state§W;;;;;;;;;;;;;x
colonial_conquest_minuscule;Establish Minuscule Protectorate;;;;;;;;;;;;;x
colonial_conquest_minuscule_short;Annex $RECIPIENT$;;;;;;;;;;;;;x
colonial_conquest_minuscule_setup;Annex $RECIPIENT$ by establishing a protectorate over them.;;;;;;;;;;;;;x
colonial_conquest_minuscule_desc;Annex a single-state §Yuncivilized country§W with less than 50,000 pops by forcing them to become a protectorate of ours.;;;;;;;;;;;;;x
colonial_conquest_tiny;Establish Tiny Protectorate;;;;;;;;;;;;;x
colonial_conquest_tiny_short;Annex $RECIPIENT$;;;;;;;;;;;;;x
colonial_conquest_tiny_setup;Annex $RECIPIENT$ by establishing a protectorate over them.;;;;;;;;;;;;;x
colonial_conquest_tiny_desc;Annex a single-state §Yuncivilized country§W with less than 200,000 pops by forcing them to become a protectorate of ours.;;;;;;;;;;;;;x
colonial_conquest_low;Establish Lowly Protectorate;;;;;;;;;;;;;x
colonial_conquest_low_short;Annex $RECIPIENT$;;;;;;;;;;;;;x
colonial_conquest_low_setup;Annex $RECIPIENT$ by establishing a protectorate over them.;;;;;;;;;;;;;x
colonial_conquest_low_desc;Annex a single-state §Yuncivilized country§W with less than 500,000 pops by forcing them to become a protectorate of ours.;;;;;;;;;;;;;x
manowar;Sea-Castle;;;;;;;;;;;;;x
ironclad;Pitpot;;;;;;;;;;;;;x
commerce_raider;Brigand;;;;;;;;;;;;;x
frigate;Diwvish;;;;;;;;;;;;;x
monitor;Bibbler;;;;;;;;;;;;;x
dreadnought;Pudwou;;;;;;;;;;;;;x
cruiser;Crackwhip;;;;;;;;;;;;;x #Pond-Skipper
clipper_transport;Sail-Transport;;;;;;;;;;;;;x
battleship;Sea-Fort;;;;;;;;;;;;;x
tank;Two-Legger;;;;;;;;;;;;;x
trinket_health_care_fully_funded;Fully Funded Healthcare;;;;;;;;;;;;;
low_health_care_fully_funded;Fully Funded Healthcare;;;;;;;;;;;;;
acceptable_health_care_fully_funded;Fully Funded Healthcare;;;;;;;;;;;;;
good_health_care_fully_funded;Fully Funded Healthcare;;;;;;;;;;;;;
low_schools_fully_funded;Fully Funded Education;;;;;;;;;;;;;
acceptable_schools_fully_funded;Fully Funded Education;;;;;;;;;;;;;
good_schools_fully_funded;Fully Funded Education;;;;;;;;;;;;;
education_fully_funded;Excellent Education System;;;;;;;;;;;;;
health_care_fully_funded;Excellent Healthcare;;;;;;;;;;;;;
neglected_education;Neglected Education Funding;;;;;;;;;;;;;
vassal_nation;Vassal Nation;;;;;;;;;;;;;x
substate_nation;Substate;;;;;;;;;;;;;x
landlocked_nation;Landlocked Nation;;;;;;;;;;;;;x
rail_focus;Undesirable Populations;;;;;;;;;;;;;x
encourage_enslavement_focus;Facilitate Enslavement of Unnacepted Populations;;;;;;;;;;;;;x
forced_assimilation_focus;Forced Assimilation;;;;;;;;;;;;;x
liberationist_focus;Party loyalty towards §Yliberationist§W ;;;;;;;;;;;;;x
liberationist_focus_short;§YLiberationist§W loyalty;;;;;;;;;;;;;x
free_yoker_focus;Party loyalty towards §Yfree-yoker§W ;;;;;;;;;;;;;x
free_yoker_focus_short;§YFree-Yoker§W loyalty;;;;;;;;;;;;;x
statist_focus;Party loyalty towards §Ystatist§W ;;;;;;;;;;;;;x
statist_focus_short;§YStatist §Wloyalty;;;;;;;;;;;;;x
absolutist_focus;Party loyalty towards §Yabsolutist§W ;;;;;;;;;;;;;x
absolutist_focus_short;§YAbsolutist§W loyalty;;;;;;;;;;;;;x
theocratist_focus;Party loyalty towards §Ytheocratist§W ;;;;;;;;;;;;;x
theocractist_focus_short;§YTheocratist§W loyalty;;;;;;;;;;;;;x
PLURALITY_EXPLANATION;Plurality is the shared level of consciousness in our country. The memories of the past victories and defeats in the name of liberation remind our people of what could be.;;;;;;;;;;;;;x
REVANCHISM_EXPLANATION;Revanchism is the yearning for the return for our rightful land. Our people are ready to make greater sacrifices for their return.;;;;;;;;;;;;;x
small_but_efficient;Small But Efficient;;;;;;;;;;;;;x
jur;J'ur;;;;;;;;;;;;;x
gyahki;Gyahki;;;;;;;;;;;;;x
parqmun;Parqmun;;;;;;;;;;;;;x
kusii;Kusii;;;;;;;;;;;;;x
dkatkang;Dkatkang;;;;;;;;;;;;;x
juewaeg;Juewaeg;;;;;;;;;;;;;x
LEDGER_COUNTRY_NATIONALVALUE;National Objective;;;;;;;;;;;;;x
POLITICS_NATIONALVALUE_TOOLTIP;Our national objective is §Y$NATIONALVALUE$§W.\n;;;;;;;;;;;;;x
switched_production;Switched Production;;;;;;;;;;;;;x
rashuum;Rashuum;;;;;;;;;;;;;x
assimilation;Assimilation;;;;;;;;;;;;;x
research;National Research;;;;;;;;;;;;;x
administration;Effective Administration;;;;;;;;;;;;;x
stability;Stability;;;;;;;;;;;;;x
extraction;Extraction;;;;;;;;;;;;;x
expansion;Expansion;;;;;;;;;;;;;x
military_command;Military Command;;;;;;;;;;;;;x
national_defense;National Defense;;;;;;;;;;;;;x
industrialization;Industrialization;;;;;;;;;;;;;x
reform;Reform;;;;;;;;;;;;;x
reaction;Reaction;;;;;;;;;;;;;x
diplomacy;Diplomacy;;;;;;;;;;;;;x
encourage_immigration;Encourage Immigration;;;;;;;;;;;;;x
no_national_objective;undecided;;;;;;;;;;;;;x
dry_mountains;Arid Mountains;;;;;;;;;;;;;x
desert_floodplains;Floodplains;;;;;;;;;;;;;x
dryhills;Arid Hills;;;;;;;;;;;;;x
conscription;Conscription;;;;;;;;;;;;;x
colonial_policy;Colonial Policy;;;;;;;;;;;;;x
mandatory_service;Mandatory Service;;;;;;;;;;;;;x
mandatory_service_desc;Service in the armed forces is done by requirement.;;;;;;;;;;;;;x
four_year_draft;Four Year Draft;;;;;;;;;;;;;x
four_year_draft_desc;A draft systems recruits most young men for the armed forces for four years.;;;;;;;;;;;;;x
two_year_draft;Two Year Draft;;;;;;;;;;;;;x
two_year_draft_desc;A draft systems recruits most young men for the armed forces for two years.;;;;;;;;;;;;;x
one_year_draft;One Year Draft;;;;;;;;;;;;;x
one_year_draft_desc;A draft systems recruits most young men for the armed forces for only one year.;;;;;;;;;;;;;x
no_colonial_policy;No Colonial Policy;;;;;;;;;;;;;x
no_colonial_policy_desc;The state has no specific colonial policy enshrined in law.;;;;;;;;;;;;;x
exploitation;Exploitation;;;;;;;;;;;;;x
exploitation_desc;Laws guarantee that colonial land is parcelled off to powerful metropolian capital sources to be exploited. Natives are largely excluded from capital ownership.\nFor any §Ycolonial province:§! \n  Local RGO Throughput = §G+0.05%§! \n  Local RGO Output = §G+0.05%§! \n  Assimilation Rate = §R-10%§! ;;;;;;;;;;;;;x
self_rule;Self Rule;;;;;;;;;;;;;x
self_rule_desc;Laws guarantee that primitive native polities be respected, their land usage tolerated, and colonial governors are recommended to rely on local intermediaries.\nFor any §Ycolonial province:§! \n  Assimilation Rate = §R-15%§! ;;;;;;;;;;;;;x
settlement;Settlement;;;;;;;;;;;;;x
settlement_desc;Generous settlement laws encourage the large scale transplanation of metropolitian settlers and settlement patterns to the exclusion or eradication of natives.\nFor any §Ycolonial province:§! \n  Local Admin Efficiency = §G+0.05%§! \n  Immigrant Attraction = §G+0.1%§! \n  Assimilation Rate = §G+5%§! ;;;;;;;;;;;;;x
settler_colonization;Settler Colonization;;;;;;;;;;;;;x
native_rebels_name;Independence Rebels;;;;;;;;;;;;;x
native_rebels_desc;Independence rebels are fighting for the expulsion of their colonial overlords, and the independence and autonomy of their lands.;;;;;;;;;;;;;x
native_rebels_title;Independence;;;;;;;;;;;;;x
native_rebels_army;National Guards;;;;;;;;;;;;;x
grand_syndicate;Grand Syndicate;;;;;;;;;;;;;x
pastoral_confederacy;Pastoral Confederacy;;;;;;;;;;;;;x
make_puppet;Make Tributary;;;;;;;;;;;;;
make_puppet_desc;Force a country into subservience to pay regular §Ytribute§W to us.;;;;;;;;;;;;;
make_puppet_short;Make Tributary;;;;;;;;;;;;;
make_puppet_setup;Make another country a §Ytributary§W.;;;;;;;;;;;;;
SATELLITE_OF;§YTributary§W of;;;;;;;;;;;;x
SATELLITE;Tributary;;;;;;;;;;;;;x
SATELLITE_OF_NOCOLOR;Tributary of;;;;;;;;;;;;;x
DECL_WAR_NO_VASSAL;We are not allowed to declare war against §Ytributaries§W or §Ydominions§W;;;;;;;;;;;;;x
TOPBAR_WAR_PLUS;And their tributaries and dominions.\n;;;;;;;;;;;;;x
DIPLOMACY_NEGOTIATE_VASSAL;We are not allowed to negotiate with §YTributaries§W or §YDominions§W;;;;;;;;;;;;;x
DIPLOMACY_NEGOTIATE_WE_VASSAL;We are not allowed to negotiate with countries if we are a §YTributary§W or §YDominion§W;;;;;;;;;;;;;x
POLITICS_SATELLITE;Tributary;;;;;;;;;;;;;x
DIPLO_WE_SATELLITE;We are a tributary of theirs;;;;;;;;;;;;;x
DIPLO_THEY_SATELLITE;They are a tributary of our nation;;;;;;;;;;;;;x
uytophat;Üytophat;;;;;;;;;;;;;x
craftsman_exploit_reenabled;Craftsmen Exploit Reenabled;;;;;;;;;;;;;x
conquest_minuscule_dp;Minuscule Conquest;;;;;;;;;;;;;x
conquest_minuscule_dp_short;Annex $RECIPIENT$;;;;;;;;;;;;;x
conquest_minuscule_dp_setup;Annex $RECIPIENT$;;;;;;;;;;;;;x
conquest_minuscule_dp_desc;Annex a single-state §Ycountry§W with less than 250,000 pops;;;;;;;;;;;;;x
conquest_tiny_dp;Tiny Conquest;;;;;;;;;;;;;x
conquest_tiny_dp_short;Annex $RECIPIENT$;;;;;;;;;;;;;x
conquest_tiny_dp_setup;Annex $RECIPIENT$;;;;;;;;;;;;;x
conquest_tiny_dp_desc;Annex a single-state §Ycountry§W with less than 550,000 pops;;;;;;;;;;;;;x
conquest_low_dp;Lowly Conquest;;;;;;;;;;;;;x
conquest_low_dp_short;Annex $RECIPIENT$;;;;;;;;;;;;;x
conquest_low_dp_setup;Annex $RECIPIENT$;;;;;;;;;;;;;x
conquest_low_dp_desc;Annex a single-state §Ycountry§W with less than 900,000 pops;;;;;;;;;;;;;x
colonial_conquest_minuscule_dp;Establish Minuscule Protectorate;;;;;;;;;;;;;x
colonial_conquest_minuscule_dp_short;Annex $RECIPIENT$;;;;;;;;;;;;;x
colonial_conquest_minuscule_dp_setup;Annex $RECIPIENT$ by establishing a protectorate over them.;;;;;;;;;;;;;x
colonial_conquest_minuscule_dp_desc;Annex a single-state §Yuncivilized country§W with less than 250,000 pops by forcing them to become a protectorate of ours.;;;;;;;;;;;;;x
colonial_conquest_tiny_dp;Establish Tiny Protectorate;;;;;;;;;;;;;x
colonial_conquest_tiny_dp_short;Annex $RECIPIENT$;;;;;;;;;;;;;x
colonial_conquest_tiny_dp_setup;Annex $RECIPIENT$ by establishing a protectorate over them.;;;;;;;;;;;;;x
colonial_conquest_tiny_dp_desc;Annex a single-state §Yuncivilized country§W with less than 550,000 pops by forcing them to become a protectorate of ours.;;;;;;;;;;;;;x
colonial_conquest_low_dp;Establish Lowly Protectorate;;;;;;;;;;;;;x
colonial_conquest_low_dp_short;Annex $RECIPIENT$;;;;;;;;;;;;;x
colonial_conquest_low_dp_setup;Annex $RECIPIENT$ by establishing a protectorate over them.;;;;;;;;;;;;;x
colonial_conquest_low_dp_desc;Annex a single-state §Yuncivilized country§W with less than 900,000 pops by forcing them to become a protectorate of ours.;;;;;;;;;;;;;x
colonial_conquest_low_KF_dp;Establish Lowly Protectorate;;;;;;;;;;;;;x
colonial_conquest_low_KF_dp_short;Annex $RECIPIENT$;;;;;;;;;;;;;x
colonial_conquest_low_KF_dp_setup;Annex $RECIPIENT$ by establishing a protectorate over them.;;;;;;;;;;;;;x
colonial_conquest_low_KF_dp_desc;Annex a single-state §Yuncivilized country§W with less than 900,000 pops by forcing them to become a protectorate of ours.;;;;;;;;;;;;;x
establish_protectorate_casus_belli_1342_dp;Establish Protectorate;;;;;;;;;;;;;x
establish_protectorate_casus_belli_1342_dp_short;Annex $RECIPIENT$;;;;;;;;;;;;;x
establish_protectorate_casus_belli_1342_dp_setup;Annex $RECIPIENT$ by establishing a protectorate over them.;;;;;;;;;;;;;x
establish_protectorate_casus_belli_1342_dp_desc;Annex a single-state §Yuncivilized country§W by forcing them to become a protectorate of ours.;;;;;;;;;;;;;x
establish_protectorate_casus_belli_dp;Establish Protectorate;;;;;;;;;;;;;x
establish_protectorate_casus_belli_dp_short;Annex $RECIPIENT$;;;;;;;;;;;;;x
establish_protectorate_casus_belli_dp_setup;Annex $RECIPIENT$ by establishing a protectorate over them.;;;;;;;;;;;;;x
establish_protectorate_casus_belli_dp_desc;Annex a single-state §Yuncivilized country§W by forcing them to become a protectorate of ours.;;;;;;;;;;;;;x
Key;English;French;German;Polish;Spanish;Italian;Swedish;Czech;Hungarian;Dutch;Portuguese;Russian;Finnish;
PROV1;Pokoungpt;;;;;;;;;;;;;x
PROV2;Kuuwumn;;;;;;;;;;;;;x
PROV3;Shruungpt;;;;;;;;;;;;;x
PROV4;Mroud;;;;;;;;;;;;;x
PROV5;Ashouw;;;;;;;;;;;;;x
PROV6;Umpou;;;;;;;;;;;;;x
PROV7;Prawrish;;;;;;;;;;;;;x
PROV8;Powushan;;;;;;;;;;;;;x
PROV9;Rotibuukiru;;;;;;;;;;;;;x
PROV10;Idtouswun;;;;;;;;;;;;;x
PROV11;Guwougpt;;;;;;;;;;;;;x
PROV12;Rakuumoum;;;;;;;;;;;;;x
PROV13;Oukam;;;;;;;;;;;;;x
PROV14;Toubomput;;;;;;;;;;;;;x
PROV15;Duumpivou;;;;;;;;;;;;;x
PROV16;Tor Dromn;;;;;;;;;;;;;x
PROV17;Sha-Tangpt;;;;;;;;;;;;;x
PROV18;Fofiouswun;;;;;;;;;;;;;x
PROV19;Prousorum;;;;;;;;;;;;;x
PROV20;Doungou;;;;;;;;;;;;;x
PROV21;Pashan;;;;;;;;;;;;;x
PROV22;Ngumnwush;;;;;;;;;;;;;x
PROV23;Mrabongpt;;;;;;;;;;;;;x
PROV24;Hwoumpuush;;;;;;;;;;;;;x
PROV25;Ohwmuoum;;;;;;;;;;;;;x
PROV26;Wuumomum;;;;;;;;;;;;;x
PROV27;Wruuvouwrud;;;;;;;;;;;;;x
PROV28;Pikirutum;;;;;;;;;;;;;x
PROV29;Powouswun;;;;;;;;;;;;;x
PROV30;Rotibuwrud;;;;;;;;;;;;;x
PROV31;Wusumpod;;;;;;;;;;;;;x
PROV32;Vodruwan;;;;;;;;;;;;;x
PROV33;Pudwousoum;;;;;;;;;;;;;x
PROV34;Anuvruhwu;;;;;;;;;;;;;x
PROV35;Powushov;;;;;;;;;;;;;x
PROV36;Sha-Funwof;;;;;;;;;;;;;x
PROV37;Wrogangpt;;;;;;;;;;;;;x
PROV38;Romnugpt;;;;;;;;;;;;;x
PROV39;Hwuptoum;;;;;;;;;;;;;x
PROV40;Pruubouswun;;;;;;;;;;;;;x
PROV41;Wompudro;;;;;;;;;;;;;x
PROV42;Fruman;;;;;;;;;;;;;x
PROV43;Pkoshu;;;;;;;;;;;;;x
PROV44;Hwampumn;;;;;;;;;;;;;x
PROV45;Froubou;;;;;;;;;;;;;x
PROV46;Prakuushan;;;;;;;;;;;;;x
PROV47;Wagouman;;;;;;;;;;;;;x
PROV48;Ouruuwub;;;;;;;;;;;;;x
PROV49;Pribouman;;;;;;;;;;;;;x
PROV50;Dohswun;;;;;;;;;;;;;x
PROV51;Joth;;;;;;;;;;;;;x
PROV52;Shabupti;;;;;;;;;;;;;x
PROV53;Tuptiwoum;;;;;;;;;;;;;x
PROV54;Sha-Wongpt;;;;;;;;;;;;;x
PROV55;Wrousonto;;;;;;;;;;;;;x
PROV56;Ngumvouswun;;;;;;;;;;;;;x
PROV57;Pishukuwan;;;;;;;;;;;;;x
PROV58;Tha;;;;;;;;;;;;;x
PROV59;Fuwofous;;;;;;;;;;;;;x
PROV60;Pruubungpt;;;;;;;;;;;;;x
PROV61;Niro;;;;;;;;;;;;;x
PROV62;Gi-Drukgpt;;;;;;;;;;;;;x
PROV63;Prumnouswun;;;;;;;;;;;;;x
PROV64;Pundundtwun;;;;;;;;;;;;;x
PROV65;Doud;;;;;;;;;;;;;x
PROV66;Kukuumn;;;;;;;;;;;;;x
PROV67;Shodmau;;;;;;;;;;;;;x
PROV68;Zhâzpt;;;;;;;;;;;;;x
PROV69;Bobumoum;;;;;;;;;;;;;x
PROV70;Misonti;;;;;;;;;;;;;x
PROV71;Kupi;;;;;;;;;;;;;x
PROV72;Jun;;;;;;;;;;;;;x
PROV73;N¼ozht;;;;;;;;;;;;;x
PROV74;Kaua;;;;;;;;;;;;;x
PROV75;Naun;;;;;;;;;;;;;x
PROV76;Ma¼ma;;;;;;;;;;;;;x
PROV77;Piik;;;;;;;;;;;;;x
PROV78;Muzhfuzh;;;;;;;;;;;;;x
PROV79;Faamn;;;;;;;;;;;;;x
PROV80;Treuguu;;;;;;;;;;;;;x
PROV81;Mruuwub;;;;;;;;;;;;;x
PROV82;Tykomt;;;;;;;;;;;;;x
PROV83;Vuso;;;;;;;;;;;;;x
PROV84;Aaruumra;;;;;;;;;;;;;x
PROV85;Tykuug;;;;;;;;;;;;;x
PROV86;Tykeub¾yk;;;;;;;;;;;;;x
PROV87;Tuteu;;;;;;;;;;;;;x
PROV88;Wor¾ykreu;;;;;;;;;;;;;x
PROV89;Azaaw;;;;;;;;;;;;;x
PROV90;Zaat;;;;;;;;;;;;;x
PROV91;Ykufun;;;;;;;;;;;;;x
PROV92;Vuyawo;;;;;;;;;;;;;x
PROV93;Vove;;;;;;;;;;;;;x
PROV94;Wiwuchy;;;;;;;;;;;;;x
PROV95;Achyimut;;;;;;;;;;;;;x
PROV96;Fithaoog;;;;;;;;;;;;;x
PROV97;Sibofuth;;;;;;;;;;;;;x
PROV98;Tumiva;;;;;;;;;;;;;x
PROV99;Vofo;;;;;;;;;;;;;x
PROV100;Tuwuo;;;;;;;;;;;;;x
PROV101;Chyot;;;;;;;;;;;;;x
PROV102;Fubijouwun;;;;;;;;;;;;;x
PROV103;Proumoum;;;;;;;;;;;;;x
PROV104;Wuvo;;;;;;;;;;;;;x
PROV105;Thom;;;;;;;;;;;;;x
PROV106;Woruuba;;;;;;;;;;;;;x
PROV107;Tangaaykam;;;;;;;;;;;;;x
PROV108;Aaykam;;;;;;;;;;;;;x
PROV109;Yk¾zaa;;;;;;;;;;;;;x
PROV110;Tangayk;;;;;;;;;;;;;x
PROV111;Mramraa;;;;;;;;;;;;;x
PROV112;Mreuvayk;;;;;;;;;;;;;x
PROV113;Nguuykzo;;;;;;;;;;;;;x
PROV114;Zaammeuyk;;;;;;;;;;;;;x
PROV115;Ykruyk¾w;;;;;;;;;;;;;x
PROV116;Ykuuhwu;;;;;;;;;;;;;x
PROV117;Zoveubu;;;;;;;;;;;;;x
PROV118;Tommuubuu;;;;;;;;;;;;;x
PROV119;Zruyk;;;;;;;;;;;;;x
PROV120;Aaykeum;;;;;;;;;;;;;x
PROV121;Ykuykaa;;;;;;;;;;;;;x
PROV122;Yeg;;;;;;;;;;;;;x
PROV123;Fathe;;;;;;;;;;;;;x
PROV124;Ykrom;;;;;;;;;;;;;x
PROV125;Tumtaa;;;;;;;;;;;;;x
PROV126;Zruungt;;;;;;;;;;;;;x
PROV127;Tykaaw;;;;;;;;;;;;;x
PROV128;Zaykumn;;;;;;;;;;;;;x
PROV129;Ykont;;;;;;;;;;;;;x
PROV130;Traawaa;;;;;;;;;;;;;x
PROV131;Ykunt;;;;;;;;;;;;;x
PROV132;Chyichy;;;;;;;;;;;;;x
PROV133;Befo;;;;;;;;;;;;;x
PROV134;Wuykzosweu;;;;;;;;;;;;;x
PROV135;Zreuf¾f;;;;;;;;;;;;;x
PROV136;Zomtuuykeu;;;;;;;;;;;;;x
PROV137;Ykuufrongu;;;;;;;;;;;;;x
PROV138;Ykraayk;;;;;;;;;;;;;x
PROV139;Veuzu;;;;;;;;;;;;;x
PROV140;Zr¾swuf;;;;;;;;;;;;;x
PROV141;Ykumo;;;;;;;;;;;;;x
PROV142;Ykeuyk;;;;;;;;;;;;;x
PROV143;Truunt;;;;;;;;;;;;;x
PROV144;Vuthoo;;;;;;;;;;;;;x
PROV145;Gasog;;;;;;;;;;;;;x
PROV146;Vohu;;;;;;;;;;;;;x
PROV147;Trow¾;;;;;;;;;;;;;x
PROV148;Zrov;;;;;;;;;;;;;x
PROV149;Teuykeuyk;;;;;;;;;;;;;x
PROV150;Ykaab;;;;;;;;;;;;;x
PROV151;Tykaamu;;;;;;;;;;;;;x
PROV152;Ykruut;;;;;;;;;;;;;x
PROV153;Ykeub;;;;;;;;;;;;;x
PROV154;Gimi;;;;;;;;;;;;;x
PROV155;Homu;;;;;;;;;;;;;x
PROV156;Pourswoum;;;;;;;;;;;;;x
PROV157;Bochyusu;;;;;;;;;;;;;x
PROV158;Thogiwe;;;;;;;;;;;;;x
PROV159;Vooroo;;;;;;;;;;;;;x
PROV160;Chyuthom;;;;;;;;;;;;;x
PROV161;Tovu;;;;;;;;;;;;;x
PROV162;Higu;;;;;;;;;;;;;x
PROV163;Borooth;;;;;;;;;;;;;x
PROV164;Guthoo;;;;;;;;;;;;;x
PROV165;Chyuso;;;;;;;;;;;;;x
PROV166;Rum;;;;;;;;;;;;;x
PROV167;Bom;;;;;;;;;;;;;x
PROV168;Tosuchyuth;;;;;;;;;;;;;x
PROV169;Vachy;;;;;;;;;;;;;x
PROV170;Yuchyag;;;;;;;;;;;;;x
PROV171;Thoosesu;;;;;;;;;;;;;x
PROV172;Heg;;;;;;;;;;;;;x
PROV173;Wath;;;;;;;;;;;;;x
PROV174;Tuv;;;;;;;;;;;;;x
PROV175;Isig;;;;;;;;;;;;;x
PROV176;Thub;;;;;;;;;;;;;x
PROV177;Isewo;;;;;;;;;;;;;x
PROV178;Sebet;;;;;;;;;;;;;x
PROV179;Tuvoochy;;;;;;;;;;;;;x
PROV180;Guchyooweth;;;;;;;;;;;;;x
PROV181;Guse;;;;;;;;;;;;;x
PROV182;Yoom;;;;;;;;;;;;;x
PROV183;Drit;;;;;;;;;;;;;x
PROV184;Evat;;;;;;;;;;;;;x
PROV185;Vuvechy;;;;;;;;;;;;;x
PROV186;Hooruth;;;;;;;;;;;;;x
PROV187;Ghech;;;;;;;;;;;;;x
PROV188;Vog;;;;;;;;;;;;;x
PROV189;Nuky;;;;;;;;;;;;;x
PROV190;Ma~chri;;;;;;;;;;;;;x
PROV191;Rib;;;;;;;;;;;;;x
PROV192;Qipt;;;;;;;;;;;;;x
PROV193;Dh¼dmabâ;;;;;;;;;;;;;x
PROV194;Zân;;;;;;;;;;;;;x
PROV195;Nimii;;;;;;;;;;;;;x
PROV196;F¼shdzâb;;;;;;;;;;;;;x
PROV197;Koshu;;;;;;;;;;;;;x
PROV198;Fuumimowush;;;;;;;;;;;;;x
PROV199;Pruundizii;;;;;;;;;;;;;x
PROV200;Jâna;;;;;;;;;;;;;x
PROV201;Bazd;;;;;;;;;;;;;x
PROV202;Gauzhkt;;;;;;;;;;;;;x
PROV203;Hwoun;;;;;;;;;;;;;x
PROV204;Bauchâ;;;;;;;;;;;;;x
PROV205;Vabhin;;;;;;;;;;;;;x
PROV206;Kobâ;;;;;;;;;;;;;x
PROV207;Wiwzhut;;;;;;;;;;;;;x
PROV208;Fiizt;;;;;;;;;;;;;x
PROV209;Nah¼g;;;;;;;;;;;;;x
PROV210;Mauchi;;;;;;;;;;;;;x
PROV211;Guwouf;;;;;;;;;;;;;x
PROV212;Gânii;;;;;;;;;;;;;x
PROV213;M¼zhkt;;;;;;;;;;;;;x
PROV214;Pazizhpt;;;;;;;;;;;;;x
PROV215;Dan;;;;;;;;;;;;;x
PROV216;Toom;;;;;;;;;;;;;x
PROV217;Trata;;;;;;;;;;;;;x
PROV218;Rabaat;;;;;;;;;;;;;x
PROV219;Tobuchy;;;;;;;;;;;;;x
PROV220;Kyôr;;;;;;;;;;;;;x
PROV221;Sesi;;;;;;;;;;;;;x
PROV222;Qir;;;;;;;;;;;;;x
PROV223;K¼h¼;;;;;;;;;;;;;x
PROV224;Reema~;;;;;;;;;;;;;x
PROV225;Cheydne;;;;;;;;;;;;;x
PROV226;Gaba;;;;;;;;;;;;;x
PROV227;F¼dd¼o;;;;;;;;;;;;;x
PROV228;Viizhozha;;;;;;;;;;;;;x
PROV229;Jauzt;;;;;;;;;;;;;x
PROV230;Godhii;;;;;;;;;;;;;x
PROV231;M¼zta;;;;;;;;;;;;;x
PROV232;Zhiizh;;;;;;;;;;;;;x
PROV233;Shâfiik;;;;;;;;;;;;;x
PROV234;Maug;;;;;;;;;;;;;x
PROV235;Zâdt;;;;;;;;;;;;;x
PROV236;Châdii;;;;;;;;;;;;;x
PROV237;Vafshak;;;;;;;;;;;;;x
PROV238;Pobh¼;;;;;;;;;;;;;x
PROV239;Jaub;;;;;;;;;;;;;x
PROV240;Nozh¼;;;;;;;;;;;;;x
PROV241;Zh¼zodzhu;;;;;;;;;;;;;x
PROV242;Gupo;;;;;;;;;;;;;x
PROV243;Faudzzhâzh;;;;;;;;;;;;;x
PROV244;Buk;;;;;;;;;;;;;x
PROV245;D¼k;;;;;;;;;;;;;x
PROV246;Pyighüg;;;;;;;;;;;;;x
PROV247;B¾p¾sh;;;;;;;;;;;;;x
PROV248;Zhinit;;;;;;;;;;;;;x
PROV249;Nüwto;;;;;;;;;;;;;x
PROV250;Shog¾b;;;;;;;;;;;;;x
PROV251;Châkd;;;;;;;;;;;;;x
PROV252;Fiifâ;;;;;;;;;;;;;x
PROV253;Nozhn¼;;;;;;;;;;;;;x
PROV254;Shan;;;;;;;;;;;;;x
PROV255;Dhaug;;;;;;;;;;;;;x
PROV256;Zh¼f;;;;;;;;;;;;;x
PROV257;Fiztu;;;;;;;;;;;;;x
PROV258;V¼zht;;;;;;;;;;;;;x
PROV259;Majaud;;;;;;;;;;;;;x
PROV260;Pifsh¼p;;;;;;;;;;;;;x
PROV261;Kâzd;;;;;;;;;;;;;x
PROV262;Ch¼momnii;;;;;;;;;;;;;x
PROV263;Bidâ;;;;;;;;;;;;;x
PROV264;Daumiimât;;;;;;;;;;;;;x
PROV265;Diizhkt;;;;;;;;;;;;;x
PROV266;Mozzii;;;;;;;;;;;;;x
PROV267;Dadu;;;;;;;;;;;;;x
PROV268;Güzh;;;;;;;;;;;;;x
PROV269;Fâdt;;;;;;;;;;;;;x
PROV270;Ph¾nto;;;;;;;;;;;;;x
PROV271;Dutüzh;;;;;;;;;;;;;x
PROV272;Dodbi;;;;;;;;;;;;;x
PROV273;Ntishat;;;;;;;;;;;;;x
PROV274;Jonu;;;;;;;;;;;;;x
PROV275;Ut;;;;;;;;;;;;;x
PROV276;Vag;;;;;;;;;;;;;x
PROV277;V¼zza;;;;;;;;;;;;;x
PROV278;Gâha;;;;;;;;;;;;;x
PROV279;Pish;;;;;;;;;;;;;x
PROV280;Vadt;;;;;;;;;;;;;x
PROV281;Jozi;;;;;;;;;;;;;x
PROV282;G¼f;;;;;;;;;;;;;x
PROV283;Pwünta;;;;;;;;;;;;;x
PROV284;Dishi;;;;;;;;;;;;;x
PROV285;Nt¾bdi;;;;;;;;;;;;;x
PROV286;Anyuntog;;;;;;;;;;;;;x
PROV287;Yür;;;;;;;;;;;;;x
PROV288;Ugh;;;;;;;;;;;;;x
PROV289;Dyopi;;;;;;;;;;;;;x
PROV290;Dapayb¾;;;;;;;;;;;;;x
PROV291;Vush;;;;;;;;;;;;;x
PROV292;Sh¾g;;;;;;;;;;;;;x
PROV293;Napa;;;;;;;;;;;;;x
PROV294;Dütü;;;;;;;;;;;;;x
PROV295;Nushüt;;;;;;;;;;;;;x
PROV296;Jow¾ph;;;;;;;;;;;;;x
PROV297;üyi;;;;;;;;;;;;;x
PROV298;Shot;;;;;;;;;;;;;x
PROV299;Twid;;;;;;;;;;;;;x
PROV300;Byavi;;;;;;;;;;;;;x
PROV301;T¾tdov;;;;;;;;;;;;;x
PROV302;Düpa;;;;;;;;;;;;;x
PROV303;Twünazh;;;;;;;;;;;;;x
PROV304;Shiwd¾v;;;;;;;;;;;;;x
PROV305;Vü'unw¾;;;;;;;;;;;;;x
PROV306;Jog¾d;;;;;;;;;;;;;x
PROV307;Gid;;;;;;;;;;;;;x
PROV308;R¾bo;;;;;;;;;;;;;x
PROV309;Potdapob;;;;;;;;;;;;;x
PROV310;Riba;;;;;;;;;;;;;x
PROV311;Ir¾;;;;;;;;;;;;;x
PROV312;Shinja;;;;;;;;;;;;;x
PROV313;T¾r;;;;;;;;;;;;;x
PROV314;Büph¾gi;;;;;;;;;;;;;x
PROV315;Puzhtanyüph;;;;;;;;;;;;;x
PROV316;Zhunti;;;;;;;;;;;;;x
PROV317;Vazhkt;;;;;;;;;;;;;x
PROV318;Adbi;;;;;;;;;;;;;x
PROV319;Bâzhzda;;;;;;;;;;;;;x
PROV320;Dyonj¾b;;;;;;;;;;;;;x
PROV321;B¾d;;;;;;;;;;;;;x
PROV322;Châzd;;;;;;;;;;;;;x
PROV323;Bagh;;;;;;;;;;;;;x
PROV324;Nozkhzt;;;;;;;;;;;;;x
PROV325;Gaub;;;;;;;;;;;;;x
PROV326;Zuma;;;;;;;;;;;;;x
PROV327;Z¼fk;;;;;;;;;;;;;x
PROV328;Pâm;;;;;;;;;;;;;x
PROV329;Üd;;;;;;;;;;;;;x
PROV330;Pyagh;;;;;;;;;;;;;x
PROV331;Paujie;;;;;;;;;;;;;x
PROV332;Tieke;;;;;;;;;;;;;x
PROV333;Yaswau;;;;;;;;;;;;;x
PROV334;Siekakhhz;;;;;;;;;;;;;x
PROV335;Samou;;;;;;;;;;;;;x
PROV336;Mouwhous;;;;;;;;;;;;;x
PROV337;Emau;;;;;;;;;;;;;x
PROV338;Yaumiem;;;;;;;;;;;;;x
PROV339;Mamousz;;;;;;;;;;;;;x
PROV340;Mojau;;;;;;;;;;;;;x
PROV341;Soujep;;;;;;;;;;;;;x
PROV342;Bog;;;;;;;;;;;;;x
PROV343;Pouzzom;;;;;;;;;;;;;x
PROV344;Tiezom;;;;;;;;;;;;;x
PROV345;Mojem;;;;;;;;;;;;;x
PROV346;Tauswopz;;;;;;;;;;;;;x
PROV347;Zakaugau;;;;;;;;;;;;;x
PROV348;Yemie;;;;;;;;;;;;;x
PROV349;Gagauzzie;;;;;;;;;;;;;x
PROV350;Taukoukokhh;;;;;;;;;;;;;x
PROV351;Taumakhhz;;;;;;;;;;;;;x
PROV352;Yos;;;;;;;;;;;;;x
PROV353;Tauswa;;;;;;;;;;;;;x
PROV354;Mogie;;;;;;;;;;;;;x
PROV355;Gawhoume;;;;;;;;;;;;;x
PROV356;Zauge;;;;;;;;;;;;;x
PROV357;Tao;;;;;;;;;;;;;x
PROV358;Sauswauy;;;;;;;;;;;;;x
PROV359;Mekag;;;;;;;;;;;;;x
PROV360;Miekie;;;;;;;;;;;;;x
PROV361;Youndz;;;;;;;;;;;;;x
PROV362;Mauzzam;;;;;;;;;;;;;x
PROV363;Mokesz;;;;;;;;;;;;;x
PROV364;Michyob;;;;;;;;;;;;;x
PROV365;Akas;;;;;;;;;;;;;x
PROV366;Maumondz;;;;;;;;;;;;;x
PROV367;Teswauswa;;;;;;;;;;;;;x
PROV368;Paukap;;;;;;;;;;;;;x
PROV369;Ieswa;;;;;;;;;;;;;x
PROV370;Tim;;;;;;;;;;;;;x
PROV371;Thihu;;;;;;;;;;;;;x
PROV372;Tuvumo;;;;;;;;;;;;;x
PROV373;Vusu;;;;;;;;;;;;;x
PROV374;Isoobo;;;;;;;;;;;;;x
PROV375;Thusoothi;;;;;;;;;;;;;x
PROV376;Husut;;;;;;;;;;;;;x
PROV377;Fom;;;;;;;;;;;;;x
PROV378;Moseth;;;;;;;;;;;;;x
PROV379;Fuvoo;;;;;;;;;;;;;x
PROV380;Hoth;;;;;;;;;;;;;x
PROV381;Vesi;;;;;;;;;;;;;x
PROV382;Chyuve;;;;;;;;;;;;;x
PROV383;Tufasu;;;;;;;;;;;;;x
PROV384;Yeho;;;;;;;;;;;;;x
PROV385;Ovu;;;;;;;;;;;;;x
PROV386;Voowot;;;;;;;;;;;;;x
PROV387;Som;;;;;;;;;;;;;x
PROV388;Vauf;;;;;;;;;;;;;x
PROV389;Chopt;;;;;;;;;;;;;x
PROV390;Shaub;;;;;;;;;;;;;x
PROV391;Dâg;;;;;;;;;;;;;x
PROV392;Jadzho;;;;;;;;;;;;;x
PROV393;Dhaunâ;;;;;;;;;;;;;x
PROV394;Mapt;;;;;;;;;;;;;x
PROV395;Muv;;;;;;;;;;;;;x
PROV396;Vivâk;;;;;;;;;;;;;x
PROV397;Spohni;;;;;;;;;;;;;x
PROV398;Chyogum;;;;;;;;;;;;;x
PROV399;Vebog;;;;;;;;;;;;;x
PROV400;Rut;;;;;;;;;;;;;x
PROV401;Femooru;;;;;;;;;;;;;x
PROV402;Oboovu;;;;;;;;;;;;;x
PROV403;Gevoo;;;;;;;;;;;;;x
PROV404;Soga;;;;;;;;;;;;;x
PROV405;Gigig;;;;;;;;;;;;;x
PROV406;Dhedùhd;;;;;;;;;;;;;x
PROV407;Tihe;;;;;;;;;;;;;x
PROV408;Odi;;;;;;;;;;;;;x
PROV409;Thuhehd;;;;;;;;;;;;;x
PROV410;Dhudi;;;;;;;;;;;;;x
PROV411;Oghu;;;;;;;;;;;;;x
PROV412;Spùmi;;;;;;;;;;;;;x
PROV413;Pehnihnì;;;;;;;;;;;;;x
PROV414;Tehehd;;;;;;;;;;;;;x
PROV415;Spùthet;;;;;;;;;;;;;x
PROV416;Dhùhmetheh;;;;;;;;;;;;;x
PROV417;Yiewha;;;;;;;;;;;;;x
PROV418;Mewho;;;;;;;;;;;;;x
PROV419;Pakakou;;;;;;;;;;;;;x
PROV420;Pakousz;;;;;;;;;;;;;x
PROV421;Pauswap;;;;;;;;;;;;;x
PROV422;Mauzzokhh;;;;;;;;;;;;;x
PROV423;Mieswiet;;;;;;;;;;;;;x
PROV424;Taswesz;;;;;;;;;;;;;x
PROV425;Moukiekhhz;;;;;;;;;;;;;x
PROV426;Mauie;;;;;;;;;;;;;x
PROV427;Maumausz;;;;;;;;;;;;;x
PROV428;Giemiejie;;;;;;;;;;;;;x
PROV429;Maugasz;;;;;;;;;;;;;x
PROV430;Pouga;;;;;;;;;;;;;x
PROV431;Yaukat;;;;;;;;;;;;;x
PROV432;Tauje;;;;;;;;;;;;;x
PROV433;Samau;;;;;;;;;;;;;x
PROV434;Sauko;;;;;;;;;;;;;x
PROV435;Memaus;;;;;;;;;;;;;x
PROV436;Mozzasz;;;;;;;;;;;;;x
PROV437;Egaum;;;;;;;;;;;;;x
PROV438;Majoume;;;;;;;;;;;;;x
PROV439;Aka;;;;;;;;;;;;;x
PROV440;Youswaka;;;;;;;;;;;;;x
PROV441;Mouswendz;;;;;;;;;;;;;x
PROV442;Tamiewhou;;;;;;;;;;;;;x
PROV443;Yajou;;;;;;;;;;;;;x
PROV444;Gauy;;;;;;;;;;;;;x
PROV445;Okieg;;;;;;;;;;;;;x
PROV446;Saujowhau;;;;;;;;;;;;;x
PROV447;Miejie;;;;;;;;;;;;;x
PROV448;Yegou;;;;;;;;;;;;;x
PROV449;Maumie;;;;;;;;;;;;;x
PROV450;Tegou;;;;;;;;;;;;;x
PROV451;Maus;;;;;;;;;;;;;x
PROV452;Ziewho;;;;;;;;;;;;;x
PROV453;Pougauzzoundz;;;;;;;;;;;;;x
PROV454;Maukouwha;;;;;;;;;;;;;x
PROV455;Sous;;;;;;;;;;;;;x
PROV456;Zaukhh;;;;;;;;;;;;;x
PROV457;Giekepz;;;;;;;;;;;;;x
PROV458;Yamiesz;;;;;;;;;;;;;x
PROV459;Miewhau;;;;;;;;;;;;;x
PROV460;Goswoumiesz;;;;;;;;;;;;;x
PROV461;Mejesz;;;;;;;;;;;;;x
PROV462;Maugou;;;;;;;;;;;;;x
PROV463;Gouie;;;;;;;;;;;;;x
PROV464;Agouzzot;;;;;;;;;;;;;x
PROV465;Tiejou;;;;;;;;;;;;;x
PROV466;Yakau;;;;;;;;;;;;;x
PROV467;Tuikue;;;;;;;;;;;;;x
PROV468;Tekagau;;;;;;;;;;;;;x
PROV469;Goukaupz;;;;;;;;;;;;;x
PROV470;Mougauzzapz;;;;;;;;;;;;;x
PROV471;Tawhakhhz;;;;;;;;;;;;;x
PROV472;Tuoyi;;;;;;;;;;;;;x
PROV473;Okueb;;;;;;;;;;;;;x
PROV474;Tarub;;;;;;;;;;;;;x
PROV475;Yauzzandz;;;;;;;;;;;;;x
PROV476;Pezzau;;;;;;;;;;;;;x
PROV477;Goukhh;;;;;;;;;;;;;x
PROV478;Dimichyhi;;;;;;;;;;;;;x
PROV479;Youm;;;;;;;;;;;;;x
PROV480;Souzzo;;;;;;;;;;;;;x
PROV481;Paugo;;;;;;;;;;;;;x
PROV482;Hueu;;;;;;;;;;;;;x
PROV483;Aue;;;;;;;;;;;;;x
PROV484;Mieswe;;;;;;;;;;;;;x
PROV485;Mazzasz;;;;;;;;;;;;;x
PROV486;Duobam;;;;;;;;;;;;;x
PROV487;Oauzd;;;;;;;;;;;;;x
PROV488;Fiizhpt;;;;;;;;;;;;;x
PROV489;Dapt;;;;;;;;;;;;;x
PROV490;Chush;;;;;;;;;;;;;x
PROV491;Dhikftaut;;;;;;;;;;;;;x
PROV492;Vofaumiik;;;;;;;;;;;;;x
PROV493;Miizâ;;;;;;;;;;;;;x
PROV494;J¼bi;;;;;;;;;;;;;x
PROV495;Vikd;;;;;;;;;;;;;x
PROV496;Gaufii;;;;;;;;;;;;;x
PROV497;Azzidii;;;;;;;;;;;;;x
PROV498;Nozh;;;;;;;;;;;;;x
PROV499;Paupii;;;;;;;;;;;;;x
PROV500;M¼fa;;;;;;;;;;;;;x
PROV501;Dhov;;;;;;;;;;;;;x
PROV502;Nop;;;;;;;;;;;;;x
PROV503;Zhiiziin;;;;;;;;;;;;;x
PROV504;Dhâb;;;;;;;;;;;;;x
PROV505;Shovii;;;;;;;;;;;;;x
PROV506;Chamnak;;;;;;;;;;;;;x
PROV507;Dobâ;;;;;;;;;;;;;x
PROV508;Zakd;;;;;;;;;;;;;x
PROV509;Kidau;;;;;;;;;;;;;x
PROV510;Diidt;;;;;;;;;;;;;x
PROV511;Zhufshm¼;;;;;;;;;;;;;x
PROV512;Duhâk;;;;;;;;;;;;;x
PROV513;Kodii;;;;;;;;;;;;;x
PROV514;Gizh¼k;;;;;;;;;;;;;x
PROV515;Kashfta;;;;;;;;;;;;;x
PROV516;Miish;;;;;;;;;;;;;x
PROV517;Pauk;;;;;;;;;;;;;x
PROV518;Jug;;;;;;;;;;;;;x
PROV519;Gaufk;;;;;;;;;;;;;x
PROV520;Vab¼zt;;;;;;;;;;;;;x
PROV521;Zhâftâzht;;;;;;;;;;;;;x
PROV522;N¼zht;;;;;;;;;;;;;x
PROV523;Mâchâv;;;;;;;;;;;;;x
PROV524;Kâjit;;;;;;;;;;;;;x
PROV525;Piidho;;;;;;;;;;;;;x
PROV526;Sh¼z;;;;;;;;;;;;;x
PROV527;Nizh;;;;;;;;;;;;;x
PROV528;Pihâp;;;;;;;;;;;;;x
PROV529;Viidzzhiibhii;;;;;;;;;;;;;x
PROV530;Zhaztiishftaum;;;;;;;;;;;;;x
PROV531;Pamnâ;;;;;;;;;;;;;x
PROV532;F¼dt;;;;;;;;;;;;;x
PROV533;Pâshdzii;;;;;;;;;;;;;x
PROV534;Bâzofk;;;;;;;;;;;;;x
PROV535;Dâfshi;;;;;;;;;;;;;x
PROV536;Paud;;;;;;;;;;;;;x
PROV537;Fafta;;;;;;;;;;;;;x
PROV538;Shaumii;;;;;;;;;;;;;x
PROV539;Jaf¼bazd;;;;;;;;;;;;;x
PROV540;Shiizu;;;;;;;;;;;;;x
PROV541;Vakftog;;;;;;;;;;;;;x
PROV542;Kumâ;;;;;;;;;;;;;x
PROV543;Bafti;;;;;;;;;;;;;x
PROV544;Sh¼b;;;;;;;;;;;;;x
PROV545;Bâchii;;;;;;;;;;;;;x
PROV546;Shodhii;;;;;;;;;;;;;x
PROV547;Z¼f;;;;;;;;;;;;;x
PROV548;Isha;;;;;;;;;;;;;x
PROV549;Jiim;;;;;;;;;;;;;x
PROV550;Zhiâ;;;;;;;;;;;;;x
PROV551;Nâzht;;;;;;;;;;;;;x
PROV552;Zân;;;;;;;;;;;;;x
PROV553;B¼dt;;;;;;;;;;;;;x
PROV554;Fiikd;;;;;;;;;;;;;x
PROV555;Nabau;;;;;;;;;;;;;x
PROV556;Miidag;;;;;;;;;;;;;x
PROV557;Gâdzzhat;;;;;;;;;;;;;x
PROV558;Padâ;;;;;;;;;;;;;x
PROV559;Afshmi;;;;;;;;;;;;;x
PROV560;Nazhpt;;;;;;;;;;;;;x
PROV561;Pozd;;;;;;;;;;;;;x
PROV562;M¼bhi;;;;;;;;;;;;;x
PROV563;Zudsh¼fk;;;;;;;;;;;;;x
PROV564;Nop;;;;;;;;;;;;;x
PROV565;P¼p;;;;;;;;;;;;;x
PROV566;Duft¼j¼;;;;;;;;;;;;;x
PROV567;Pofshmajazhkt;;;;;;;;;;;;;x
PROV568;Shiip;;;;;;;;;;;;;x
PROV569;Fiivid;;;;;;;;;;;;;x
PROV570;Moft;;;;;;;;;;;;;x
PROV571;Vaukd;;;;;;;;;;;;;x
PROV572;Spuhnu;;;;;;;;;;;;;x
PROV573;Thromy;;;;;;;;;;;;;x
PROV574;Nomnaudmhâ;;;;;;;;;;;;;x
PROV575;Dhâz¼;;;;;;;;;;;;;x
PROV576;Tifeth;;;;;;;;;;;;;x
PROV577;Vogechy;;;;;;;;;;;;;x
PROV578;Eynothed;;;;;;;;;;;;;x
PROV579;Tohe;;;;;;;;;;;;;x
PROV580;Thurug;;;;;;;;;;;;;x
PROV581;Zom;;;;;;;;;;;;;x
PROV582;Pâkd;;;;;;;;;;;;;x
PROV583;Zid;;;;;;;;;;;;;x
PROV584;Shâdzzhâ;;;;;;;;;;;;;x
PROV585;Mâfa;;;;;;;;;;;;;x
PROV586;Pauft;;;;;;;;;;;;;x
PROV587;Kubhau;;;;;;;;;;;;;x
PROV588;Vofâg;;;;;;;;;;;;;x
PROV589;Niidzzhudship;;;;;;;;;;;;;x
PROV590;B¼d¼zhpt;;;;;;;;;;;;;x
PROV591;Viipt;;;;;;;;;;;;;x
PROV592;Gadmaushftu;;;;;;;;;;;;;x
PROV593;Jizd;;;;;;;;;;;;;x
PROV594;Vovauzht;;;;;;;;;;;;;x
PROV595;K¼mâ;;;;;;;;;;;;;x
PROV596;Jajau;;;;;;;;;;;;;x
PROV597;Gift¼zpt;;;;;;;;;;;;;x
PROV598;Diish;;;;;;;;;;;;;x
PROV599;M¼chi;;;;;;;;;;;;;x
PROV600;Nâdshau;;;;;;;;;;;;;x
PROV601;Fâkd;;;;;;;;;;;;;x
PROV602;Châftok;;;;;;;;;;;;;x
PROV603;Gaug;;;;;;;;;;;;;x
PROV604;M¼fk;;;;;;;;;;;;;x
PROV605;Fâzt;;;;;;;;;;;;;x
PROV606;Daudhi;;;;;;;;;;;;;x
PROV607;Bauztât;;;;;;;;;;;;;x
PROV608;Dhukft¼d;;;;;;;;;;;;;x
PROV609;Jaum;;;;;;;;;;;;;x
PROV610;Bâzpt;;;;;;;;;;;;;x
PROV611;Midod;;;;;;;;;;;;;x
PROV612;Miin;;;;;;;;;;;;;x
PROV613;Shit;;;;;;;;;;;;;x
PROV614;Shizh¼dzzhof;;;;;;;;;;;;;x
PROV615;Dazhpt;;;;;;;;;;;;;x
PROV616;Zog;;;;;;;;;;;;;x
PROV617;D¼sh;;;;;;;;;;;;;x
PROV618;Baftik;;;;;;;;;;;;;x
PROV619;Dauzhzdâchaubt;;;;;;;;;;;;;x
PROV620;Bid;;;;;;;;;;;;;x
PROV621;B¼dhâ;;;;;;;;;;;;;x
PROV622;M¼dhâg;;;;;;;;;;;;;x
PROV623;Vaufo;;;;;;;;;;;;;x
PROV624;Nift;;;;;;;;;;;;;x
PROV625;Mazt;;;;;;;;;;;;;x
PROV626;Viimi;;;;;;;;;;;;;x
PROV627;Nauna;;;;;;;;;;;;;x
PROV628;Jaudt;;;;;;;;;;;;;x
PROV629;Puz;;;;;;;;;;;;;x
PROV630;Chush¼;;;;;;;;;;;;;x
PROV631;Modijov;;;;;;;;;;;;;x
PROV632;Sphuhmid;;;;;;;;;;;;;x
PROV633;Sohi;;;;;;;;;;;;;x
PROV634;Hehuoh;;;;;;;;;;;;;x
PROV635;Kubue;;;;;;;;;;;;;x
PROV636;Oshu;;;;;;;;;;;;;x
PROV637;Duihuo;;;;;;;;;;;;;x
PROV638;K¼ftiig;;;;;;;;;;;;;x
PROV639;Nomiin;;;;;;;;;;;;;x
PROV640;Kuamue;;;;;;;;;;;;;x
PROV641;Kuhuog;;;;;;;;;;;;;x
PROV642;Toshi;;;;;;;;;;;;;x
PROV643;Hibosho;;;;;;;;;;;;;x
PROV644;Tuakuom;;;;;;;;;;;;;x
PROV645;Fumua;;;;;;;;;;;;;x
PROV646;N¼kd;;;;;;;;;;;;;x
PROV647;Daha;;;;;;;;;;;;;x
PROV648;Dhiizt;;;;;;;;;;;;;x
PROV649;Bupo;;;;;;;;;;;;;x
PROV650;Faum;;;;;;;;;;;;;x
PROV651;Bâmabok;;;;;;;;;;;;;x
PROV652;Faushush;;;;;;;;;;;;;x
PROV653;Pavâ;;;;;;;;;;;;;x
PROV654;M¼zhkt;;;;;;;;;;;;;x
PROV655;Shafâg;;;;;;;;;;;;;x
PROV656;Diifshmâdt;;;;;;;;;;;;;x
PROV657;Pipt;;;;;;;;;;;;;x
PROV658;Dhokfti;;;;;;;;;;;;;x
PROV659;Shazâv;;;;;;;;;;;;;x
PROV660;Dhibausha;;;;;;;;;;;;;x
PROV661;Mov;;;;;;;;;;;;;x
PROV662;Vâzh;;;;;;;;;;;;;x
PROV663;Zikft¼zpt;;;;;;;;;;;;;x
PROV664;V¼dt;;;;;;;;;;;;;x
PROV665;Fuke;;;;;;;;;;;;;x
PROV666;Mâzh¼di;;;;;;;;;;;;;x
PROV667;Guzhazh;;;;;;;;;;;;;x
PROV668;Kadaut;;;;;;;;;;;;;x
PROV669;Zhachufshoft;;;;;;;;;;;;;x
PROV670;Kuochyheh;;;;;;;;;;;;;x
PROV671;Zh¼bi;;;;;;;;;;;;;x
PROV672;Fâzza;;;;;;;;;;;;;x
PROV673;Kufsh¼;;;;;;;;;;;;;x
PROV674;Châztozhn¼;;;;;;;;;;;;;x
PROV675;Iiva;;;;;;;;;;;;;x
PROV676;Kav;;;;;;;;;;;;;x
PROV677;M¼shdzâda;;;;;;;;;;;;;x
PROV678;Shaup;;;;;;;;;;;;;x
PROV679;Vâji;;;;;;;;;;;;;x
PROV680;Kuikig;;;;;;;;;;;;;x
PROV681;Tevu;;;;;;;;;;;;;x
PROV682;Duguivuab;;;;;;;;;;;;;x
PROV683;F¼huz;;;;;;;;;;;;;x
PROV684;Choz;;;;;;;;;;;;;x
PROV685;G¼fk;;;;;;;;;;;;;x
PROV686;Fiik;;;;;;;;;;;;;x
PROV687;Dodzhof;;;;;;;;;;;;;x
PROV688;Zhânik;;;;;;;;;;;;;x
PROV689;D¼fâ;;;;;;;;;;;;;x
PROV690;Mit;;;;;;;;;;;;;x
PROV691;Monâ;;;;;;;;;;;;;x
PROV692;Pizto;;;;;;;;;;;;;x
PROV693;Pohmith;;;;;;;;;;;;;x
PROV694;Thumu;;;;;;;;;;;;;x
PROV695;Haho;;;;;;;;;;;;;x
PROV696;Tìhnù;;;;;;;;;;;;;x
PROV697;Sphùhmehmet;;;;;;;;;;;;;x
PROV698;Thùmet;;;;;;;;;;;;;x
PROV699;Bigueg;;;;;;;;;;;;;x
PROV700;Dhìthùd;;;;;;;;;;;;;x
PROV701;Dukua;;;;;;;;;;;;;x
PROV702;Sphihmì;;;;;;;;;;;;;x
PROV703;Pumuhrt;;;;;;;;;;;;;x
PROV704;Kibuim;;;;;;;;;;;;;x
PROV705;Sutho;;;;;;;;;;;;;x
PROV706;Thùìme;;;;;;;;;;;;;x
PROV707;Tuhmu;;;;;;;;;;;;;x
PROV708;Pùhnoh;;;;;;;;;;;;;x
PROV709;Spìghudot;;;;;;;;;;;;;x
PROV710;Suhùhd;;;;;;;;;;;;;x
PROV711;Dhode;;;;;;;;;;;;;x
PROV712;Sphùghu;;;;;;;;;;;;;x
PROV713;Dhehnohrt;;;;;;;;;;;;;x
PROV714;Thìthumohrt;;;;;;;;;;;;;x
PROV715;Sidùhneht;;;;;;;;;;;;;x
PROV716;Spìmu;;;;;;;;;;;;;x
PROV717;Gogu;;;;;;;;;;;;;x
PROV718;Guthu;;;;;;;;;;;;;x
PROV719;Gasog Hidga;;;;;;;;;;;;;x
PROV720;Spuhneh;;;;;;;;;;;;;x
PROV721;Ethù;;;;;;;;;;;;;x
PROV722;Tìhoht;;;;;;;;;;;;;x
PROV723;Pehmuth;;;;;;;;;;;;;x
PROV724;Sighi;;;;;;;;;;;;;x
PROV725;Sehnùht;;;;;;;;;;;;;x
PROV726;Sphùthuhmeh;;;;;;;;;;;;;x
PROV727;Dhohnut;;;;;;;;;;;;;x
PROV728;Dhohetho;;;;;;;;;;;;;x
PROV729;Ehme;;;;;;;;;;;;;x
PROV730;Thìhmeh;;;;;;;;;;;;;x
PROV731;Sphighet;;;;;;;;;;;;;x
PROV732;Spìghud;;;;;;;;;;;;;x
PROV733;Tide;;;;;;;;;;;;;x
PROV734;Sithehd;;;;;;;;;;;;;x
PROV735;Thughùhe;;;;;;;;;;;;;x
PROV736;Sohno;;;;;;;;;;;;;x
PROV737;Sothu;;;;;;;;;;;;;x
PROV738;Tughi;;;;;;;;;;;;;x
PROV739;Sodihmo;;;;;;;;;;;;;x
PROV740;Jopht;;;;;;;;;;;;;x
PROV741;Vûtta;;;;;;;;;;;;;x
PROV742;Omed;;;;;;;;;;;;;x
PROV743;Sphehù;;;;;;;;;;;;;x
PROV744;Ùghuhd;;;;;;;;;;;;;x
PROV745;Thihnùhd;;;;;;;;;;;;;x
PROV746;Gênnu;;;;;;;;;;;;;x
PROV747;Pougou;;;;;;;;;;;;;x
PROV748;Thìhuhd;;;;;;;;;;;;;x
PROV749;Youja;;;;;;;;;;;;;x
PROV750;Yau;;;;;;;;;;;;;x
PROV751;Boheg;;;;;;;;;;;;;x
PROV752;Goume;;;;;;;;;;;;;x
PROV753;Youndz;;;;;;;;;;;;;x
PROV754;Saswat;;;;;;;;;;;;;x
PROV755;Zout;;;;;;;;;;;;;x
PROV756;Sphiheht;;;;;;;;;;;;;x
PROV757;Ngôgô;;;;;;;;;;;;;x
PROV758;Thuhohd;;;;;;;;;;;;;x
PROV759;Dhughehrt;;;;;;;;;;;;;x
PROV760;Spehmohrt;;;;;;;;;;;;;x
PROV761;Thùmo;;;;;;;;;;;;;x
PROV762;Dhìhi;;;;;;;;;;;;;x
PROV763;Tehmohrt;;;;;;;;;;;;;x
PROV764;Dêth;;;;;;;;;;;;;x
PROV765;Spìghehd;;;;;;;;;;;;;x
PROV766;Vôpht;;;;;;;;;;;;;x
PROV767;Vuttûgh;;;;;;;;;;;;;x
PROV768;Huchyheh;;;;;;;;;;;;;x
PROV769;Viik;;;;;;;;;;;;;x
PROV770;Hishuah;;;;;;;;;;;;;x
PROV771;Paushum;;;;;;;;;;;;;x
PROV772;M¼nu;;;;;;;;;;;;;x
PROV773;Fiizt;;;;;;;;;;;;;x
PROV774;Kiif¼;;;;;;;;;;;;;x
PROV775;Burug;;;;;;;;;;;;;x
PROV776;Fayig;;;;;;;;;;;;;x
PROV777;Podt;;;;;;;;;;;;;x
PROV778;Tuomew;;;;;;;;;;;;;x
PROV779;Tuiyih;;;;;;;;;;;;;x
PROV780;Huyig;;;;;;;;;;;;;x
PROV781;Boyab;;;;;;;;;;;;;x
PROV782;V¼jo;;;;;;;;;;;;;x
PROV783;Chip;;;;;;;;;;;;;x
PROV784;Zaushâpt;;;;;;;;;;;;;x
PROV785;Naubt;;;;;;;;;;;;;x
PROV786;Shazhfiina;;;;;;;;;;;;;x
PROV787;Dâzhpt;;;;;;;;;;;;;x
PROV788;Teshue;;;;;;;;;;;;;x
PROV789;Gunâ;;;;;;;;;;;;;x
PROV790;Foshftâk;;;;;;;;;;;;;x
PROV791;Biip;;;;;;;;;;;;;x
PROV792;Pazhâdzho;;;;;;;;;;;;;x
PROV793;Shaft;;;;;;;;;;;;;x
PROV794;B¼fshmi;;;;;;;;;;;;;x
PROV795;B¼zh;;;;;;;;;;;;;x
PROV796;Chadzha;;;;;;;;;;;;;x
PROV797;Hoyim;;;;;;;;;;;;;x
PROV798;Kukue;;;;;;;;;;;;;x
PROV799;Bichyhog;;;;;;;;;;;;;x
PROV800;Buebuo;;;;;;;;;;;;;x
PROV801;Tuthìth;;;;;;;;;;;;;x
PROV802;Bashome;;;;;;;;;;;;;x
PROV803;Buoga;;;;;;;;;;;;;x
PROV804;Dueshuabuo;;;;;;;;;;;;;x
PROV805;Keki;;;;;;;;;;;;;x
PROV806;Ihue;;;;;;;;;;;;;x
PROV807;Diguige;;;;;;;;;;;;;x
PROV808;Tuivu;;;;;;;;;;;;;x
PROV809;Kushog;;;;;;;;;;;;;x
PROV810;Kukui;;;;;;;;;;;;;x
PROV811;Bichui;;;;;;;;;;;;;x
PROV812;Tuoshivaw;;;;;;;;;;;;;x
PROV813;Fahua;;;;;;;;;;;;;x
PROV814;Korueb;;;;;;;;;;;;;x
PROV815;Buya;;;;;;;;;;;;;x
PROV816;Tashom;;;;;;;;;;;;;x
PROV817;Fuaki;;;;;;;;;;;;;x
PROV818;Kuege;;;;;;;;;;;;;x
PROV819;Huvui;;;;;;;;;;;;;x
PROV820;Bere;;;;;;;;;;;;;x
PROV821;Timuo;;;;;;;;;;;;;x
PROV822;Hueyow;;;;;;;;;;;;;x
PROV823;Thùmoht;;;;;;;;;;;;;x
PROV824;Soghihmùhrt;;;;;;;;;;;;;x
PROV825;Duoko;;;;;;;;;;;;;x
PROV826;Kavoshi;;;;;;;;;;;;;x
PROV827;Keuoh;;;;;;;;;;;;;x
PROV828;Divuamaw;;;;;;;;;;;;;x
PROV829;Bukamo;;;;;;;;;;;;;x
PROV830;Thuhned;;;;;;;;;;;;;x
PROV831;Spomo;;;;;;;;;;;;;x
PROV832;Udê;;;;;;;;;;;;;x
PROV833;Ngûny;;;;;;;;;;;;;x
PROV834;Negedû;;;;;;;;;;;;;x
PROV835;Yugor;;;;;;;;;;;;;x
PROV836;Kuoshuab;;;;;;;;;;;;;x
PROV837;Jogû;;;;;;;;;;;;;x
PROV838;Pâbâ;;;;;;;;;;;;;x
PROV839;Avâfrt;;;;;;;;;;;;;x
PROV840;Râhû;;;;;;;;;;;;;x
PROV841;Thuhnoth;;;;;;;;;;;;;x
PROV842;Pùthih;;;;;;;;;;;;;x
PROV843;Spihne;;;;;;;;;;;;;x
PROV844;Tohot;;;;;;;;;;;;;x
PROV845;Sutheht;;;;;;;;;;;;;x
PROV846;Spùthì;;;;;;;;;;;;;x
PROV847;Dâv;;;;;;;;;;;;;x
PROV848;Bâdâth;;;;;;;;;;;;;x
PROV849;Hôvap;;;;;;;;;;;;;x
PROV850;Gêdâv;;;;;;;;;;;;;x
PROV851;Nôbo;;;;;;;;;;;;;x
PROV852;Ônnu;;;;;;;;;;;;;x
PROV853;Yujâ;;;;;;;;;;;;;x
PROV854;Nohêpht;;;;;;;;;;;;;x
PROV855;Duny;;;;;;;;;;;;;x
PROV856;Ngâdafrt;;;;;;;;;;;;;x
PROV857;Tihi;;;;;;;;;;;;;x
PROV858;Gud;;;;;;;;;;;;;x
PROV859;Ugê;;;;;;;;;;;;;x
PROV860;Gur;;;;;;;;;;;;;x
PROV861;Peth;;;;;;;;;;;;;x
PROV862;Ngôjabê;;;;;;;;;;;;;x
PROV863;Yôb;;;;;;;;;;;;;x
PROV864;Yûnnê;;;;;;;;;;;;;x
PROV865;Yunnofrt;;;;;;;;;;;;;x
PROV866;Nohô;;;;;;;;;;;;;x
PROV867;Hunnêg;;;;;;;;;;;;;x
PROV868;Ûd;;;;;;;;;;;;;x
PROV869;Pâttug;;;;;;;;;;;;;x
PROV870;Ngov;;;;;;;;;;;;;x
PROV871;Bath;;;;;;;;;;;;;x
PROV872;Uni;;;;;;;;;;;;;x
PROV873;Begâ;;;;;;;;;;;;;x
PROV874;Dannâgo;;;;;;;;;;;;;x
PROV875;Nûhep;;;;;;;;;;;;;x
PROV876;Nâdâgh;;;;;;;;;;;;;x
PROV877;Gony;;;;;;;;;;;;;x
PROV878;Ettû;;;;;;;;;;;;;x
PROV879;Vepht;;;;;;;;;;;;;x
PROV880;Ngôg;;;;;;;;;;;;;x
PROV881;Gûddûgh;;;;;;;;;;;;;x
PROV882;Rônnugh;;;;;;;;;;;;;x
PROV883;Gu'ôfrt;;;;;;;;;;;;;x
PROV884;Adunnô;;;;;;;;;;;;;x
PROV885;Juhû;;;;;;;;;;;;;x
PROV886;Râgug;;;;;;;;;;;;;x
PROV887;Rubû;;;;;;;;;;;;;x
PROV888;Tìmo;;;;;;;;;;;;;x
PROV889;Yê;;;;;;;;;;;;;x
PROV890;Dodar;;;;;;;;;;;;;x
PROV891;Hugê;;;;;;;;;;;;;x
PROV892;Hub;;;;;;;;;;;;;x
PROV893;Thithùh;;;;;;;;;;;;;x
PROV894;Yêtta;;;;;;;;;;;;;x
PROV895;Hôp;;;;;;;;;;;;;x
PROV896;Nehênnê;;;;;;;;;;;;;x
PROV897;Râder;;;;;;;;;;;;;x
PROV898;Yê'uvuth;;;;;;;;;;;;;x
PROV899;Rattugh;;;;;;;;;;;;;x
PROV900;Râg;;;;;;;;;;;;;x
PROV901;Dûgâ;;;;;;;;;;;;;x
PROV902;Bêr;;;;;;;;;;;;;x
PROV903;Moujouje;;;;;;;;;;;;;x
PROV904;Go'êr;;;;;;;;;;;;;x
PROV905;Sem;;;;;;;;;;;;;x
PROV906;Attôg;;;;;;;;;;;;;x
PROV907;Jogâ;;;;;;;;;;;;;x
PROV908;Pegam;;;;;;;;;;;;;x
PROV909;Siewhapz;;;;;;;;;;;;;x
PROV910;Iekou;;;;;;;;;;;;;x
PROV911;Yejaum;;;;;;;;;;;;;x
PROV912;Kikihub;;;;;;;;;;;;;x
PROV913;Huige;;;;;;;;;;;;;x
PROV914;Hame;;;;;;;;;;;;;x
PROV915;Kekui;;;;;;;;;;;;;x
PROV916;Ouga;;;;;;;;;;;;;x
PROV917;Zouswou;;;;;;;;;;;;;x
PROV918;Wousz;;;;;;;;;;;;;x
PROV919;Suxam;;;;;;;;;;;;;x
PROV920;Xaeve;;;;;;;;;;;;;x
PROV921;Naekiarechk;;;;;;;;;;;;;x
PROV922;Xian;;;;;;;;;;;;;x
PROV923;Xaexachk;;;;;;;;;;;;;x
PROV924;Raemiab;;;;;;;;;;;;;x
PROV925;Mukou;;;;;;;;;;;;;x
PROV926;Rouxaem;;;;;;;;;;;;;x
PROV927;Bukochk;;;;;;;;;;;;;x
PROV928;Nokixiochk;;;;;;;;;;;;;x
PROV929;Sobio;;;;;;;;;;;;;x
PROV930;Tiotu;;;;;;;;;;;;;x
PROV931;Saep;;;;;;;;;;;;;x
PROV932;Tatou;;;;;;;;;;;;;x
PROV933;Saema;;;;;;;;;;;;;x
PROV934;Xamun;;;;;;;;;;;;;x
PROV935;Xasa;;;;;;;;;;;;;x
PROV936;Rouxu;;;;;;;;;;;;;x
PROV937;Rorichk;;;;;;;;;;;;;x
PROV938;Mouxu;;;;;;;;;;;;;x
PROV939;Iar;;;;;;;;;;;;;x
PROV940;Haumhu;;;;;;;;;;;;;x
PROV941;Noub;;;;;;;;;;;;;x
PROV942;Vuppia;;;;;;;;;;;;;x
PROV943;Emaema;;;;;;;;;;;;;x
PROV944;Tabia;;;;;;;;;;;;;x
PROV945;Marou;;;;;;;;;;;;;x
PROV946;Nion;;;;;;;;;;;;;x
PROV947;Fomog;;;;;;;;;;;;;x
PROV948;Ghuigo;;;;;;;;;;;;;x
PROV949;Bhaju;;;;;;;;;;;;;x
PROV950;Ghoiuh;;;;;;;;;;;;;x
PROV951;Mhaucha;;;;;;;;;;;;;x
PROV952;Mhaukh;;;;;;;;;;;;;x
PROV953;Mhoiugig;;;;;;;;;;;;;x
PROV954;Bhoiubhe;;;;;;;;;;;;;x
PROV955;Chandhoiuh;;;;;;;;;;;;;x
PROV956;Habhi;;;;;;;;;;;;;x
PROV957;Sebim;;;;;;;;;;;;;x
PROV958;Xakas;;;;;;;;;;;;;x
PROV959;Mhuinau;;;;;;;;;;;;;x
PROV960;Ghuboiu;;;;;;;;;;;;;x
PROV961;Xiop;;;;;;;;;;;;;x
PROV962;Nokio;;;;;;;;;;;;;x
PROV963;Xave;;;;;;;;;;;;;x
PROV964;Bhabhui;;;;;;;;;;;;;x
PROV965;Ghindhuikh;;;;;;;;;;;;;x
PROV966;Vesae;;;;;;;;;;;;;x
PROV967;Beke;;;;;;;;;;;;;x
PROV968;Boppaen;;;;;;;;;;;;;x
PROV969;Bhabind;;;;;;;;;;;;;x
PROV970;Chaumhi;;;;;;;;;;;;;x
PROV971;Buivo;;;;;;;;;;;;;x
PROV972;Boxa;;;;;;;;;;;;;x
PROV973;Nebitchk;;;;;;;;;;;;;x
PROV974;Xamir;;;;;;;;;;;;;x
PROV975;Vouka;;;;;;;;;;;;;x
PROV976;Vawo;;;;;;;;;;;;;x
PROV977;Bivae;;;;;;;;;;;;;x
PROV978;Sarutchk;;;;;;;;;;;;;x
PROV979;Tuxis;;;;;;;;;;;;;x
PROV980;Niakise;;;;;;;;;;;;;x
PROV981;Rivoun;;;;;;;;;;;;;x
PROV982;Remom;;;;;;;;;;;;;x
PROV983;Rawiotchk;;;;;;;;;;;;;x
PROV984;Buren;;;;;;;;;;;;;x
PROV985;Bioxaes;;;;;;;;;;;;;x
PROV986;Miab;;;;;;;;;;;;;x
PROV987;Numochk;;;;;;;;;;;;;x
PROV988;Natio;;;;;;;;;;;;;x
PROV989;Mete;;;;;;;;;;;;;x
PROV990;Soup;;;;;;;;;;;;;x
PROV991;Robom;;;;;;;;;;;;;x
PROV992;Motian;;;;;;;;;;;;;x
PROV993;Wrikyoi;;;;;;;;;;;;;x
PROV994;Zoirk;;;;;;;;;;;;;x
PROV995;Noriap;;;;;;;;;;;;;x
PROV996;Zh¾zhyi;;;;;;;;;;;;;x
PROV997;Mexiakam;;;;;;;;;;;;;x
PROV998;Ghauvo;;;;;;;;;;;;;x
PROV999;Nhindhuig;;;;;;;;;;;;;x
PROV1000;Tinae;;;;;;;;;;;;;x
PROV1001;Riab;;;;;;;;;;;;;x
PROV1002;Vinutchk;;;;;;;;;;;;;x
PROV1003;Eksing;;;;;;;;;;;;;x
PROV1004;Resappim;;;;;;;;;;;;;x
PROV1005;Rume;;;;;;;;;;;;;x
PROV1006;Memoter;;;;;;;;;;;;;x
PROV1007;Qiksi;;;;;;;;;;;;;x
PROV1008;Ninga;;;;;;;;;;;;;x
PROV1009;Ksikeon;;;;;;;;;;;;;x
PROV1010;Qege;;;;;;;;;;;;;x
PROV1011;Fojos;;;;;;;;;;;;;x
PROV1012;Madu;;;;;;;;;;;;;x
PROV1013;Ihe;;;;;;;;;;;;;x
PROV1014;Meorus;;;;;;;;;;;;;x
PROV1015;Teoneos;;;;;;;;;;;;;x
PROV1016;Kseon;;;;;;;;;;;;;x
PROV1017;Idha;;;;;;;;;;;;;x
PROV1018;Qoowad;;;;;;;;;;;;;x
PROV1019;Bena;;;;;;;;;;;;;x
PROV1020;Kanang;;;;;;;;;;;;;x
PROV1021;Ikuni;;;;;;;;;;;;;x
PROV1022;Bawob;;;;;;;;;;;;;x
PROV1023;Qeomum;;;;;;;;;;;;;x
PROV1024;Qete;;;;;;;;;;;;;x
PROV1025;Ksanung;;;;;;;;;;;;;x
PROV1026;Hodoob;;;;;;;;;;;;;x
PROV1027;Quef;;;;;;;;;;;;;x
PROV1028;Qingu;;;;;;;;;;;;;x
PROV1029;Hiko;;;;;;;;;;;;;x
PROV1030;Quhedh;;;;;;;;;;;;;x
PROV1031;Manu;;;;;;;;;;;;;x
PROV1032;Fungung;;;;;;;;;;;;;x
PROV1033;Masu;;;;;;;;;;;;;x
PROV1034;Eoging;;;;;;;;;;;;;x
PROV1035;Edwud;;;;;;;;;;;;;x
PROV1036;Negaji;;;;;;;;;;;;;x
PROV1037;Hoduwad;;;;;;;;;;;;;x
PROV1038;Bikan;;;;;;;;;;;;;x
PROV1039;Boodwu;;;;;;;;;;;;;x
PROV1040;Booxi;;;;;;;;;;;;;x
PROV1041;Uhub;;;;;;;;;;;;;x
PROV1042;Owebwe;;;;;;;;;;;;;x
PROV1043;Deko;;;;;;;;;;;;;x
PROV1044;Soxib;;;;;;;;;;;;;x
PROV1045;Godwib;;;;;;;;;;;;;x
PROV1046;Buhu;;;;;;;;;;;;;x
PROV1047;Mowe;;;;;;;;;;;;;x
PROV1048;Mewud;;;;;;;;;;;;;x
PROV1049;Kuksing;;;;;;;;;;;;;x
PROV1050;Meojif;;;;;;;;;;;;;x
PROV1051;Bachaboq;;;;;;;;;;;;;x
PROV1052;Teokung;;;;;;;;;;;;;x
PROV1053;Gotinat;;;;;;;;;;;;;x
PROV1054;Niakin;;;;;;;;;;;;;x
PROV1055;Ksokig;;;;;;;;;;;;;x
PROV1056;Ineng;;;;;;;;;;;;;x
PROV1057;Siochk;;;;;;;;;;;;;x
PROV1058;Eou;;;;;;;;;;;;;x
PROV1059;Nemiob;;;;;;;;;;;;;x
PROV1060;Ksiksikh;;;;;;;;;;;;;x
PROV1061;Geoimu;;;;;;;;;;;;;x
PROV1062;Bohasi;;;;;;;;;;;;;x
PROV1063;Guned;;;;;;;;;;;;;x
PROV1064;Domud;;;;;;;;;;;;;x
PROV1065;Momi;;;;;;;;;;;;;x
PROV1066;Qori;;;;;;;;;;;;;x
PROV1067;Qaradwoor;;;;;;;;;;;;;x
PROV1068;Chiwyira;;;;;;;;;;;;;x
PROV1069;Y¾zhyou;;;;;;;;;;;;;x
PROV1070;Chåchrourf;;;;;;;;;;;;;x
PROV1071;Zhr¾rg;;;;;;;;;;;;;x
PROV1072;Zhigak;;;;;;;;;;;;;x
PROV1073;Gureom;;;;;;;;;;;;;x
PROV1074;Gaka;;;;;;;;;;;;;x
PROV1075;Ksaki;;;;;;;;;;;;;x
PROV1076;Zhroiny¾;;;;;;;;;;;;;x
PROV1077;Ksegat;;;;;;;;;;;;;x
PROV1078;Zhur¾roi;;;;;;;;;;;;;x
PROV1079;Riwyiyrou;;;;;;;;;;;;;x
PROV1080;Yåchk;;;;;;;;;;;;;x
PROV1081;Guzhr¾y;;;;;;;;;;;;;x
PROV1082;Zhråvun;;;;;;;;;;;;;x
PROV1083;Chårf;;;;;;;;;;;;;x
PROV1084;N¾yri;;;;;;;;;;;;;x
PROV1085;Yrånyu;;;;;;;;;;;;;x
PROV1086;Krazoiroun;;;;;;;;;;;;;x
PROV1087;Oir¾;;;;;;;;;;;;;x
PROV1088;Vfouchk;;;;;;;;;;;;;x
PROV1089;Noin;;;;;;;;;;;;;x
PROV1090;Kroichk;;;;;;;;;;;;;x
PROV1091;Vr¾va;;;;;;;;;;;;;x
PROV1092;Zhr¾voi;;;;;;;;;;;;;x
PROV1093;Finyow;;;;;;;;;;;;;x
PROV1094;Kwuw;;;;;;;;;;;;;x
PROV1095;Ghaukho;;;;;;;;;;;;;x
PROV1096;Okrouy;;;;;;;;;;;;;x
PROV1097;Zhrouwroiy;;;;;;;;;;;;;x
PROV1098;Yroruw;;;;;;;;;;;;;x
PROV1099;Yanyoivu;;;;;;;;;;;;;x
PROV1100;Vf¾ch;;;;;;;;;;;;;x
PROV1101;Fouwrif¾w;;;;;;;;;;;;;x
PROV1102;Zazhr¾;;;;;;;;;;;;;x
PROV1103;Chuni;;;;;;;;;;;;;x
PROV1104;Chourg;;;;;;;;;;;;;x
PROV1105;Yrag;;;;;;;;;;;;;x
PROV1106;Rarg;;;;;;;;;;;;;x
PROV1107;Vouzh¾y;;;;;;;;;;;;;x
PROV1108;F¾vv¾;;;;;;;;;;;;;x
PROV1109;Zhroivo;;;;;;;;;;;;;x
PROV1110;Roiugumhaukh;;;;;;;;;;;;;x
PROV1111;Ghaugoiuh;;;;;;;;;;;;;x
PROV1112;Nich¾;;;;;;;;;;;;;x
PROV1113;Ghubheh;;;;;;;;;;;;;x
PROV1114;Vrouw;;;;;;;;;;;;;x
PROV1115;Vroin;;;;;;;;;;;;;x
PROV1116;Yirg;;;;;;;;;;;;;x
PROV1117;Zhirouy;;;;;;;;;;;;;x
PROV1118;Najuh;;;;;;;;;;;;;x
PROV1119;Hundharr;;;;;;;;;;;;;x
PROV1120;Mhuinghuh;;;;;;;;;;;;;x
PROV1121;Andhuspkh;;;;;;;;;;;;;x
PROV1122;Thistraio;;;;;;;;;;;;;x
PROV1123;N¾k;;;;;;;;;;;;;x
PROV1124;Nhabhaumho;;;;;;;;;;;;;x
PROV1125;Uibhi;;;;;;;;;;;;;x
PROV1126;Bhoiur;;;;;;;;;;;;;x
PROV1127;Oiukh;;;;;;;;;;;;;x
PROV1128;Bhuspkh;;;;;;;;;;;;;x
PROV1129;Aubha;;;;;;;;;;;;;x
PROV1130;Noiug;;;;;;;;;;;;;x
PROV1131;Bakhaur;;;;;;;;;;;;;x
PROV1132;Nhoiukhoiur;;;;;;;;;;;;;x
PROV1133;Bangher;;;;;;;;;;;;;x
PROV1134;Roiunghe;;;;;;;;;;;;;x
PROV1135;Nhauspkh;;;;;;;;;;;;;x
PROV1136;Roiukhospkh;;;;;;;;;;;;;x
PROV1137;Bhivaujukh;;;;;;;;;;;;;x
PROV1138;Chaundhikhah;;;;;;;;;;;;;x
PROV1139;Mhiga;;;;;;;;;;;;;x
PROV1140;Mhekh;;;;;;;;;;;;;x
PROV1141;Mhobaur;;;;;;;;;;;;;x
PROV1142;Nhuiq;;;;;;;;;;;;;x
PROV1143;Acho;;;;;;;;;;;;;x
PROV1144;Boiunui;;;;;;;;;;;;;x
PROV1145;Baundho;;;;;;;;;;;;;x
PROV1146;Roiubhirr;;;;;;;;;;;;;x
PROV1147;Hoiuchag;;;;;;;;;;;;;x
PROV1148;Runghau;;;;;;;;;;;;;x
PROV1149;Ghivo;;;;;;;;;;;;;x
PROV1150;Naundhind;;;;;;;;;;;;;x
PROV1151;Anau;;;;;;;;;;;;;x
PROV1152;Bigo;;;;;;;;;;;;;x
PROV1153;Ghaund;;;;;;;;;;;;;x
PROV1154;Boiubhir;;;;;;;;;;;;;x
PROV1155;Bhoiuchau;;;;;;;;;;;;;x
PROV1156;Oiuchu;;;;;;;;;;;;;x
PROV1157;Boiubhe;;;;;;;;;;;;;x
PROV1158;Nhebhuh;;;;;;;;;;;;;x
PROV1159;Raunoiukh;;;;;;;;;;;;;x
PROV1160;Pior;;;;;;;;;;;;;x
PROV1161;Babhokh;;;;;;;;;;;;;x
PROV1162;Ondha;;;;;;;;;;;;;x
PROV1163;Uiq;;;;;;;;;;;;;x
PROV1164;Tiaser;;;;;;;;;;;;;x
PROV1165;Moui;;;;;;;;;;;;;x
PROV1166;Miorio;;;;;;;;;;;;;x
PROV1167;Mhaundhekhoiu;;;;;;;;;;;;;x
PROV1168;Ghoiug;;;;;;;;;;;;;x
PROV1169;Nindhebher;;;;;;;;;;;;;x
PROV1170;Rugui;;;;;;;;;;;;;x
PROV1171;Bhoiundhoq;;;;;;;;;;;;;x
PROV1172;Bhemho;;;;;;;;;;;;;x
PROV1173;Rossou;;;;;;;;;;;;;x
PROV1174;Prusous;;;;;;;;;;;;;x
PROV1175;Fimong;;;;;;;;;;;;;x
PROV1176;Ussessog;;;;;;;;;;;;;x
PROV1177;Peingeig;;;;;;;;;;;;;x
PROV1178;Bhibuq;;;;;;;;;;;;;x
PROV1179;Iju;;;;;;;;;;;;;x
PROV1180;Nhanavu;;;;;;;;;;;;;x
PROV1181;Toube;;;;;;;;;;;;;x
PROV1182;Stousu;;;;;;;;;;;;;x
PROV1183;Patu;;;;;;;;;;;;;x
PROV1184;Taiokio;;;;;;;;;;;;;x
PROV1185;Piofou;;;;;;;;;;;;;x
PROV1186;Ibei;;;;;;;;;;;;;x
PROV1187;Stessi;;;;;;;;;;;;;x
PROV1188;Trer;;;;;;;;;;;;;x
PROV1189;Tissaiok;;;;;;;;;;;;;x
PROV1190;Stouni;;;;;;;;;;;;;x
PROV1191;Gouiagas;;;;;;;;;;;;;x
PROV1192;Pagufu;;;;;;;;;;;;;x
PROV1193;Seime;;;;;;;;;;;;;x
PROV1194;Treiq;;;;;;;;;;;;;x
PROV1195;Nofio;;;;;;;;;;;;;x
PROV1196;Niopaks;;;;;;;;;;;;;x
PROV1197;Remo;;;;;;;;;;;;;x
PROV1198;Ibourg;;;;;;;;;;;;;x
PROV1199;Giatu;;;;;;;;;;;;;x
PROV1200;Kouks;;;;;;;;;;;;;x
PROV1201;Tupenu;;;;;;;;;;;;;x
PROV1202;Rioks;;;;;;;;;;;;;x
PROV1203;Niari;;;;;;;;;;;;;x
PROV1204;Giq;;;;;;;;;;;;;x
PROV1205;Thouro;;;;;;;;;;;;;x
PROV1206;Jodzq;;;;;;;;;;;;;x
PROV1207;Taksu;;;;;;;;;;;;;x
PROV1208;Kiokou;;;;;;;;;;;;;x
PROV1209;Tmoz;;;;;;;;;;;;;x
PROV1210;Jaju;;;;;;;;;;;;;x
PROV1211;Bæd;;;;;;;;;;;;;x
PROV1212;Usiq;;;;;;;;;;;;;x
PROV1213;Tmen;;;;;;;;;;;;;x
PROV1214;Piogo;;;;;;;;;;;;;x
PROV1215;Thaki;;;;;;;;;;;;;x
PROV1216;Stufia;;;;;;;;;;;;;x
PROV1217;Rastria;;;;;;;;;;;;;x
PROV1218;Nuki;;;;;;;;;;;;;x
PROV1219;Thoukaga;;;;;;;;;;;;;x
PROV1220;Stapoug;;;;;;;;;;;;;x
PROV1221;Dadiq;;;;;;;;;;;;;x
PROV1222;Tesi;;;;;;;;;;;;;x
PROV1223;Taiog;;;;;;;;;;;;;x
PROV1224;Sengei;;;;;;;;;;;;;x
PROV1225;Donig;;;;;;;;;;;;;x
PROV1226;Joq;;;;;;;;;;;;;x
PROV1227;Chouso;;;;;;;;;;;;;x
PROV1228;Uqim;;;;;;;;;;;;;x
PROV1229;Jeuq;;;;;;;;;;;;;x
PROV1230;Gijo;;;;;;;;;;;;;x
PROV1231;Daizo;;;;;;;;;;;;;x
PROV1232;Tmoz;;;;;;;;;;;;;x
PROV1233;Touksou;;;;;;;;;;;;;x
PROV1234;Thout;;;;;;;;;;;;;x
PROV1235;Niogft;;;;;;;;;;;;;x
PROV1236;Onbufug;;;;;;;;;;;;;x
PROV1237;Beres;;;;;;;;;;;;;x
PROV1238;Eijousoung;;;;;;;;;;;;;x
PROV1239;Omoji;;;;;;;;;;;;;x
PROV1240;Ringeiq;;;;;;;;;;;;;x
PROV1241;Doumu;;;;;;;;;;;;;x
PROV1242;Troneiq;;;;;;;;;;;;;x
PROV1243;Kouneig;;;;;;;;;;;;;x
PROV1244;Teiji;;;;;;;;;;;;;x
PROV1245;Isi;;;;;;;;;;;;;x
PROV1246;Feiq;;;;;;;;;;;;;x
PROV1247;Doun;;;;;;;;;;;;;x
PROV1248;Dito;;;;;;;;;;;;;x
PROV1249;Bzusgitmn;;;;;;;;;;;;;x
PROV1250;Iob;;;;;;;;;;;;;x
PROV1251;Gon;;;;;;;;;;;;;x
PROV1252;Trer;;;;;;;;;;;;;x
PROV1253;Faig;;;;;;;;;;;;;x
PROV1254;Sounguso;;;;;;;;;;;;;x
PROV1255;Trurg;;;;;;;;;;;;;x
PROV1256;Chemo;;;;;;;;;;;;;x
PROV1257;Domig;;;;;;;;;;;;;x
PROV1258;Penou;;;;;;;;;;;;;x
PROV1259;Trerou;;;;;;;;;;;;;x
PROV1260;Rijou;;;;;;;;;;;;;x
PROV1261;Tiusos;;;;;;;;;;;;;x
PROV1262;Qofeu;;;;;;;;;;;;;x
PROV1263;Tminbo;;;;;;;;;;;;;x
PROV1264;Botmn;;;;;;;;;;;;;x
PROV1265;Tog;;;;;;;;;;;;;x
PROV1266;Zaif;;;;;;;;;;;;;x
PROV1267;Gioa;;;;;;;;;;;;;x
PROV1268;F¾vya;;;;;;;;;;;;;x
PROV1269;Råch¾ny;;;;;;;;;;;;;x
PROV1270;Z¾vå;;;;;;;;;;;;;x
PROV1271;Buoth;;;;;;;;;;;;;x
PROV1272;Ibæ;;;;;;;;;;;;;x
PROV1273;Nyeri;;;;;;;;;;;;;x
PROV1274;Nyæmb;;;;;;;;;;;;;x
PROV1275;Butuo;;;;;;;;;;;;;x
PROV1276;Buetogghog;;;;;;;;;;;;;x
PROV1277;Tigghae;;;;;;;;;;;;;x
PROV1278;Rimuoruemf;;;;;;;;;;;;;x
PROV1279;Reny;;;;;;;;;;;;;x
PROV1280;Juonyaeh;;;;;;;;;;;;;x
PROV1281;Ora;;;;;;;;;;;;;x
PROV1282;Guorib;;;;;;;;;;;;;x
PROV1283;Fuatu;;;;;;;;;;;;;x
PROV1284;Tuhæh;;;;;;;;;;;;;x
PROV1285;Huaguog;;;;;;;;;;;;;x
PROV1286;Fuad;;;;;;;;;;;;;x
PROV1287;Rohuo;;;;;;;;;;;;;x
PROV1288;Fuomn;;;;;;;;;;;;;x
PROV1289;Tigghuny;;;;;;;;;;;;;x
PROV1290;Noghae;;;;;;;;;;;;;x
PROV1291;Famaeth;;;;;;;;;;;;;x
PROV1292;Maeth;;;;;;;;;;;;;x
PROV1293;Bmaen;;;;;;;;;;;;;x
PROV1294;Nuammuaj;;;;;;;;;;;;;x
PROV1295;Nin;;;;;;;;;;;;;x
PROV1296;Baeære;;;;;;;;;;;;;x
PROV1297;Nyohuar;;;;;;;;;;;;;x
PROV1298;Bujh;;;;;;;;;;;;;x
PROV1299;Ruem;;;;;;;;;;;;;x
PROV1300;Rafemf;;;;;;;;;;;;;x
PROV1301;Begghuh;;;;;;;;;;;;;x
PROV1302;Bzar;;;;;;;;;;;;;x
PROV1303;Zanem-ij;;;;;;;;;;;;;x
PROV1304;Heir;;;;;;;;;;;;;x
PROV1305;Esam;;;;;;;;;;;;;x
PROV1306;Ochysko;;;;;;;;;;;;;x
PROV1307;Guj;;;;;;;;;;;;;x
PROV1308;Hut;;;;;;;;;;;;;x
PROV1309;Szube;;;;;;;;;;;;;x
PROV1310;Dnej;;;;;;;;;;;;;x
PROV1311;Bazta;;;;;;;;;;;;;x
PROV1312;Z¼shftâ;;;;;;;;;;;;;x
PROV1313;Chufk;;;;;;;;;;;;;x
PROV1314;Mâdh¼;;;;;;;;;;;;;x
PROV1315;Ugûjâ;;;;;;;;;;;;;x
PROV1316;Pob;;;;;;;;;;;;;x
PROV1317;Ibazoj;;;;;;;;;;;;;x
PROV1318;Bezachys;;;;;;;;;;;;;x
PROV1319;Fisat;;;;;;;;;;;;;x
PROV1320;Gokuk;;;;;;;;;;;;;x
PROV1321;Ghog;;;;;;;;;;;;;x
PROV1322;Zabu;;;;;;;;;;;;;x
PROV1323;Dneu;;;;;;;;;;;;;x
PROV1324;Poneru;;;;;;;;;;;;;x
PROV1325;Vahu;;;;;;;;;;;;;x
PROV1326;Vuh;;;;;;;;;;;;;x
PROV1327;Nânnuttu;;;;;;;;;;;;;x
PROV1328;Dnus;;;;;;;;;;;;;x
PROV1329;Ghasd;;;;;;;;;;;;;x
PROV1330;Buzob;;;;;;;;;;;;;x
PROV1331;Jûjuho;;;;;;;;;;;;;x
PROV1332;Nab;;;;;;;;;;;;;x
PROV1333;Gubu;;;;;;;;;;;;;x
PROV1334;Nôhêth;;;;;;;;;;;;;x
PROV1335;Vehes;;;;;;;;;;;;;x
PROV1336;Joth;;;;;;;;;;;;;x
PROV1337;Râjug;;;;;;;;;;;;;x
PROV1338;Rohuth;;;;;;;;;;;;;x
PROV1339;Jegh;;;;;;;;;;;;;x
PROV1340;Huttag;;;;;;;;;;;;;x
PROV1341;Yêjânnuv;;;;;;;;;;;;;x
PROV1342;Dê'ô;;;;;;;;;;;;;x
PROV1343;Vâp;;;;;;;;;;;;;x
PROV1344;Zumebun;;;;;;;;;;;;;x
PROV1345;Dnap;;;;;;;;;;;;;x
PROV1346;Gukus;;;;;;;;;;;;;x
PROV1347;Ghub;;;;;;;;;;;;;x
PROV1348;Tojvak;;;;;;;;;;;;;x
PROV1349;Muk;;;;;;;;;;;;;x
PROV1350;Fesd;;;;;;;;;;;;;x
PROV1351;Fusd;;;;;;;;;;;;;x
PROV1352;Szik;;;;;;;;;;;;;x
PROV1353;Dechys;;;;;;;;;;;;;x
PROV1354;Vanan;;;;;;;;;;;;;x
PROV1355;Pus;;;;;;;;;;;;;x
PROV1356;Jed;;;;;;;;;;;;;x
PROV1357;Hêgh;;;;;;;;;;;;;x
PROV1358;Deso;;;;;;;;;;;;;x
PROV1359;Fonez;;;;;;;;;;;;;x
PROV1360;Dedi;;;;;;;;;;;;;x
PROV1361;Fibuha;;;;;;;;;;;;;x
PROV1362;Tur-Mak;;;;;;;;;;;;;x
PROV1363;Zapeguk;;;;;;;;;;;;;x
PROV1364;Zezbo;;;;;;;;;;;;;x
PROV1365;Sepa;;;;;;;;;;;;;x
PROV1366;Tabob;;;;;;;;;;;;;x
PROV1367;Ganisd;;;;;;;;;;;;;x
PROV1368;Muchys;;;;;;;;;;;;;x
PROV1369;Jochyskog;;;;;;;;;;;;;x
PROV1370;Dnar;;;;;;;;;;;;;x
PROV1371;Tehu;;;;;;;;;;;;;x
PROV1372;Ov-Juttepht;;;;;;;;;;;;;x
PROV1373;Ettuhôg;;;;;;;;;;;;;x
PROV1374;Hobu;;;;;;;;;;;;;x
PROV1375;Ava;;;;;;;;;;;;;x
PROV1376;Pu'â;;;;;;;;;;;;;x
PROV1377;Ngûg;;;;;;;;;;;;;x
PROV1378;Szuj;;;;;;;;;;;;;x
PROV1379;Nuzsis;;;;;;;;;;;;;x
PROV1380;Bêttu;;;;;;;;;;;;;x
PROV1381;Odugh;;;;;;;;;;;;;x
PROV1382;Vuhakh;;;;;;;;;;;;;x
PROV1383;Rûgath;;;;;;;;;;;;;x
PROV1384;Rûnna;;;;;;;;;;;;;x
PROV1385;Odêg;;;;;;;;;;;;;x
PROV1386;Yâgû;;;;;;;;;;;;;x
PROV1387;Gad;;;;;;;;;;;;;x
PROV1388;Ruvô;;;;;;;;;;;;;x
PROV1389;Ngoth;;;;;;;;;;;;;x
PROV1390;Dnuchys;;;;;;;;;;;;;x
PROV1391;Rikou;;;;;;;;;;;;;x
PROV1392;Shau Gaubja;;;;;;;;;;;;;x
PROV1393;Shau Vaufo;;;;;;;;;;;;;x
PROV1394;Yesy;;;;;;;;;;;;;x
PROV1395;San;;;;;;;;;;;;;x
PROV1396;D’acharch;;;;;;;;;;;;;x
PROV1397;Vum;;;;;;;;;;;;;x
PROV1398;Shau Maug;;;;;;;;;;;;;x
PROV1399;Fikwat;;;;;;;;;;;;;x
PROV1400;J’ess;;;;;;;;;;;;;x
PROV1401;Pwasy;;;;;;;;;;;;;x
PROV1402;Zhkaudhri;;;;;;;;;;;;;x
PROV1403;Swo;;;;;;;;;;;;;x
PROV1404;Achakwur;;;;;;;;;;;;;x
PROV1405;Mrap;;;;;;;;;;;;;x
PROV1406;J’oyi;;;;;;;;;;;;;x
PROV1407;Omkokat;;;;;;;;;;;;;x
PROV1408;Niiz Dhoung;;;;;;;;;;;;;x
PROV1409;Reaau;;;;;;;;;;;;;x
PROV1410;Sinywumo;;;;;;;;;;;;;x
PROV1411;Guzhu;;;;;;;;;;;;;x
PROV1412;Sengau;;;;;;;;;;;;;x
PROV1413;Chiezhie;;;;;;;;;;;;;x
PROV1414;Thothos;;;;;;;;;;;;;x
PROV1415;Trag;;;;;;;;;;;;;x
PROV1416;Get;;;;;;;;;;;;;x
PROV1417;Zhezko;;;;;;;;;;;;;x
PROV1418;Dhrokekshiedh;;;;;;;;;;;;;x
PROV1419;Front;;;;;;;;;;;;;x
PROV1420;Ob’wa;;;;;;;;;;;;;x
PROV1421;Sew;;;;;;;;;;;;;x
PROV1422;Mg’okib’wa;;;;;;;;;;;;;x
PROV1423;Nokh;;;;;;;;;;;;;x
PROV1424;Krant;;;;;;;;;;;;;x
PROV1425;B’lerch;;;;;;;;;;;;;x
PROV1426;Mj’ut;;;;;;;;;;;;;x
PROV1427;Nggub’osy;;;;;;;;;;;;;x
PROV1428;Mosar;;;;;;;;;;;;;x
PROV1429;Nyah;;;;;;;;;;;;;x
PROV1430;Dhinja;;;;;;;;;;;;;x
PROV1431;Mshet;;;;;;;;;;;;;x
PROV1432;Mass;;;;;;;;;;;;;x
PROV1433;Ukwa;;;;;;;;;;;;;x
PROV1434;Atty;;;;;;;;;;;;;x
PROV1435;Kow;;;;;;;;;;;;;x
PROV1436;Mnyo;;;;;;;;;;;;;x
PROV1437;Hoss;;;;;;;;;;;;;x
PROV1438;Weh;;;;;;;;;;;;;x
PROV1439;Gakah;;;;;;;;;;;;;x
PROV1440;Gunt;;;;;;;;;;;;;x
PROV1441;Mg’uta;;;;;;;;;;;;;x
PROV1442;G’umya;;;;;;;;;;;;;x
PROV1443;Hrnid;;;;;;;;;;;;;x
PROV1444;Wib’u;;;;;;;;;;;;;x
PROV1445;B’upi;;;;;;;;;;;;;x
PROV1446;Renggwo;;;;;;;;;;;;;x
PROV1447;J’ayib’d’u;;;;;;;;;;;;;x
PROV1448;Msosy;;;;;;;;;;;;;x
PROV1449;Mbwarch;;;;;;;;;;;;;x
PROV1450;Sass;;;;;;;;;;;;;x
PROV1451;J’ekh;;;;;;;;;;;;;x
PROV1452;Mus;;;;;;;;;;;;;x
PROV1453;J'ejai;;;;;;;;;;;;;x
PROV1454;Y'gain;;;;;;;;;;;;;x
PROV1455;Dzuoz;;;;;;;;;;;;;x
PROV1456;Arch;;;;;;;;;;;;;x
PROV1457;Krumte;;;;;;;;;;;;;x
PROV1458;J'oz;;;;;;;;;;;;;x
PROV1459;J'oje;;;;;;;;;;;;;x
PROV1460;Y'dou'naag;;;;;;;;;;;;;x
PROV1461;Dhrau;;;;;;;;;;;;;x
PROV1462;Tuazhdu;;;;;;;;;;;;;x
PROV1463;Jia;;;;;;;;;;;;;x
PROV1464;Vauz;;;;;;;;;;;;;x
PROV1465;J'ayk;;;;;;;;;;;;;x
PROV1466;Vaiy;;;;;;;;;;;;;x
PROV1467;Zhkihw;;;;;;;;;;;;;x
PROV1468;Ngan;;;;;;;;;;;;;x
PROV1469;Thiethdun;;;;;;;;;;;;;x
PROV1470;Zhkua;;;;;;;;;;;;;x
PROV1471;Vouhw;;;;;;;;;;;;;x
PROV1472;Deswe;;;;;;;;;;;;;x
PROV1473;Wruot;;;;;;;;;;;;;x
PROV1474;Dhâmit;;;;;;;;;;;;;x
PROV1475;Eza;;;;;;;;;;;;;x
PROV1476;Mrefua;;;;;;;;;;;;;x
PROV1477;Rierif;;;;;;;;;;;;;x
PROV1478;Maf;;;;;;;;;;;;;x
PROV1479;K'ok;;;;;;;;;;;;;x
PROV1480;Khroush;;;;;;;;;;;;;x
PROV1481;Bayz;;;;;;;;;;;;;x
PROV1482;Wiech;;;;;;;;;;;;;x
PROV1483;Wruaztie;;;;;;;;;;;;;x
PROV1484;Vak;;;;;;;;;;;;;x
PROV1485;Mref;;;;;;;;;;;;;x
PROV1486;Gead;;;;;;;;;;;;;x
PROV1487;Zkimmauv;;;;;;;;;;;;;x
PROV1488;Mrozkuo;;;;;;;;;;;;;x
PROV1489;Chemom;;;;;;;;;;;;;x
PROV1490;Chihwo;;;;;;;;;;;;;x
PROV1491;Zent;;;;;;;;;;;;;x
PROV1492;Fruazka;;;;;;;;;;;;;x
PROV1493;Dokofrie;;;;;;;;;;;;;x
PROV1494;Zhek;;;;;;;;;;;;;x
PROV1495;Zieth;;;;;;;;;;;;;x
PROV1496;Taasha;;;;;;;;;;;;;x
PROV1497;Tzet;;;;;;;;;;;;;x
PROV1498;Jeyvaag;;;;;;;;;;;;;x
PROV1499;Joubbak;;;;;;;;;;;;;x
PROV1500;Kouj;;;;;;;;;;;;;x
PROV1501;Tsayeg;;;;;;;;;;;;;x
PROV1502;T'ijaay;;;;;;;;;;;;;x
PROV1503;Dzeëd;;;;;;;;;;;;;x
PROV1504;Zoöjud;;;;;;;;;;;;;x
PROV1505;Goru;;;;;;;;;;;;;x
PROV1506;Qëzuru;;;;;;;;;;;;;x
PROV1507;Adzödz;;;;;;;;;;;;;x
PROV1508;Shroash;;;;;;;;;;;;;x
PROV1509;Dzöshdzeëreënd;;;;;;;;;;;;;x
PROV1510;Dibö;;;;;;;;;;;;;x
PROV1511;Dzur;;;;;;;;;;;;;x
PROV1512;Qedz;;;;;;;;;;;;;x
PROV1513;Choz;;;;;;;;;;;;;x
PROV1514;Bek;;;;;;;;;;;;;x
PROV1515;Ruzh;;;;;;;;;;;;;x
PROV1516;Souz;;;;;;;;;;;;;x
PROV1517;Tzoukh;;;;;;;;;;;;;x
PROV1518;Gaynai;;;;;;;;;;;;;x
PROV1519;Tayb;;;;;;;;;;;;;x
PROV1520;Tadhaig;;;;;;;;;;;;;x
PROV1521;Y'tairay;;;;;;;;;;;;;x
PROV1522;Y'tatai;;;;;;;;;;;;;x
PROV1523;Tsout;;;;;;;;;;;;;x
PROV1524;Rayb;;;;;;;;;;;;;x
PROV1525;Tsou'og;;;;;;;;;;;;;x
PROV1526;Tsain;;;;;;;;;;;;;x
PROV1527;Y'deto;;;;;;;;;;;;;x
PROV1528;Frez;;;;;;;;;;;;;x
PROV1529;Hwauthde;;;;;;;;;;;;;x
PROV1530;Min;;;;;;;;;;;;;x
PROV1531;Reazi;;;;;;;;;;;;;x
PROV1532;Zoshez;;;;;;;;;;;;;x
PROV1533;Riyog;;;;;;;;;;;;;x
PROV1534;Kouavan;;;;;;;;;;;;;x
PROV1535;Boush;;;;;;;;;;;;;x
PROV1536;T'aaszer;;;;;;;;;;;;;x
PROV1537;Hùm;;;;;;;;;;;;;x
PROV1538;Mriez;;;;;;;;;;;;;x
PROV1539;Voweg;;;;;;;;;;;;;x
PROV1540;Dhreamiv;;;;;;;;;;;;;x
PROV1541;Dzifemn;;;;;;;;;;;;;x
PROV1542;Dhok;;;;;;;;;;;;;x
PROV1543;Shrochi;;;;;;;;;;;;;x
PROV1544;Zkiet;;;;;;;;;;;;;x
PROV1545;Zhkiem;;;;;;;;;;;;;x
PROV1546;Thakuod;;;;;;;;;;;;;x
PROV1547;Vosh;;;;;;;;;;;;;x
PROV1548;Shruthde;;;;;;;;;;;;;x
PROV1549;J'ota;;;;;;;;;;;;;x
PROV1550;Borayv;;;;;;;;;;;;;x
PROV1551;Yeda;;;;;;;;;;;;;x
PROV1552;Jebko;;;;;;;;;;;;;x
PROV1553;K'aayve;;;;;;;;;;;;;x
PROV1554;Yij;;;;;;;;;;;;;x
PROV1555;Eowug;;;;;;;;;;;;;x
PROV1556;Dugjaej;;;;;;;;;;;;;x
PROV1557;Guepab;;;;;;;;;;;;;x
PROV1558;Uechyhj'i;;;;;;;;;;;;;x
PROV1559;Hinye;;;;;;;;;;;;;x
PROV1560;Chömno;;;;;;;;;;;;;x
PROV1561;Noön;;;;;;;;;;;;;x
PROV1562;Charm;;;;;;;;;;;;;x
PROV1563;Dzerzu;;;;;;;;;;;;;x
PROV1564;Bhrahshe;;;;;;;;;;;;;x
PROV1565;Qor;;;;;;;;;;;;;x
PROV1566;Chim;;;;;;;;;;;;;x
PROV1567;Zrein;;;;;;;;;;;;;x
PROV1568;Hrnibe;;;;;;;;;;;;;x
PROV1569;Bub;;;;;;;;;;;;;x
PROV1570;Roashb;;;;;;;;;;;;;x
PROV1571;Zanzo;;;;;;;;;;;;;x
PROV1572;Zrozrb;;;;;;;;;;;;;x
PROV1573;Hrneinzuhshi;;;;;;;;;;;;;x
PROV1574;Bhroahsheshbei;;;;;;;;;;;;;x
PROV1575;Shruzrd;;;;;;;;;;;;;x
PROV1576;Mnom;;;;;;;;;;;;;x
PROV1577;Pön;;;;;;;;;;;;;x
PROV1578;Dzoöb;;;;;;;;;;;;;x
PROV1579;Nid;;;;;;;;;;;;;x
PROV1580;Shreshb;;;;;;;;;;;;;x
PROV1581;Cheëpeëdz;;;;;;;;;;;;;x
PROV1582;Papuen;;;;;;;;;;;;;x
PROV1583;Tguk;;;;;;;;;;;;;x
PROV1584;Hunåns;;;;;;;;;;;;;x
PROV1585;Piehis;;;;;;;;;;;;;x
PROV1586;Dguhta;;;;;;;;;;;;;x
PROV1587;Tgure;;;;;;;;;;;;;x
PROV1588;Ngerang;;;;;;;;;;;;;x
PROV1589;Dkaenktå;;;;;;;;;;;;;x
PROV1590;Tsaetsu;;;;;;;;;;;;;x
PROV1591;Ngut;;;;;;;;;;;;;x
PROV1592;Dgeutk;;;;;;;;;;;;;x
PROV1593;Knutsk;;;;;;;;;;;;;x
PROV1594;Saehtaed;;;;;;;;;;;;;x
PROV1595;Kåhkstå;;;;;;;;;;;;;x
PROV1596;Rurahtskå;;;;;;;;;;;;;x
PROV1597;Tneugktu;;;;;;;;;;;;;x
PROV1598;Dats;;;;;;;;;;;;;x
PROV1599;Tnang;;;;;;;;;;;;;x
PROV1600;Pifaf;;;;;;;;;;;;;x
PROV1601;Toesuemun;;;;;;;;;;;;;x
PROV1602;Goesa;;;;;;;;;;;;;x
PROV1603;Abtusfo;;;;;;;;;;;;;x
PROV1604;Tguep;;;;;;;;;;;;;x
PROV1605;Toed;;;;;;;;;;;;;x
PROV1606;Huhuehugst;;;;;;;;;;;;;x
PROV1607;Hospmue;;;;;;;;;;;;;x
PROV1608;Tgiehonoeh;;;;;;;;;;;;;x
PROV1609;Hgaed;;;;;;;;;;;;;x
PROV1610;Enae;;;;;;;;;;;;;x
PROV1611;Pehue;;;;;;;;;;;;;x
PROV1612;Upies;;;;;;;;;;;;;x
PROV1613;Hummed;;;;;;;;;;;;;x
PROV1614;Iespmas;;;;;;;;;;;;;x
PROV1615;Puedh;;;;;;;;;;;;;x
PROV1616;Fanae;;;;;;;;;;;;;x
PROV1617;Oebedh;;;;;;;;;;;;;x
PROV1618;Baepoet;;;;;;;;;;;;;x
PROV1619;Huvah;;;;;;;;;;;;;x
PROV1620;Tganae;;;;;;;;;;;;;x
PROV1621;Nasfaeb;;;;;;;;;;;;;x
PROV1622;Tgueboemmueb;;;;;;;;;;;;;x
PROV1623;Huespmi;;;;;;;;;;;;;x
PROV1624;Hgehas;;;;;;;;;;;;;x
PROV1625;Göp;;;;;;;;;;;;;x
PROV1626;Nujo;;;;;;;;;;;;;x
PROV1627;Puegst;;;;;;;;;;;;;x
PROV1628;Chep;;;;;;;;;;;;;x
PROV1629;Rushdzeën;;;;;;;;;;;;;x
PROV1630;Garoshed;;;;;;;;;;;;;x
PROV1631;Toep;;;;;;;;;;;;;x
PROV1632;Dzeda;;;;;;;;;;;;;x
PROV1633;Gafuf;;;;;;;;;;;;;x
PROV1634;Abab;;;;;;;;;;;;;x
PROV1635;Umi;;;;;;;;;;;;;x
PROV1636;Nimö;;;;;;;;;;;;;x
PROV1637;Gödza;;;;;;;;;;;;;x
PROV1638;Peju;;;;;;;;;;;;;x
PROV1639;Noör;;;;;;;;;;;;;x
PROV1640;Chishud;;;;;;;;;;;;;x
PROV1641;Gisha;;;;;;;;;;;;;x
PROV1642;Khetsk;;;;;;;;;;;;;x
PROV1643;Tgåheng;;;;;;;;;;;;;x
PROV1644;Tgaeng;;;;;;;;;;;;;x
PROV1645;Khaes;;;;;;;;;;;;;x
PROV1646;Eutskåhskant;;;;;;;;;;;;;x
PROV1647;Råkhå;;;;;;;;;;;;;x
PROV1648;Kåhå;;;;;;;;;;;;;x
PROV1649;Tångku;;;;;;;;;;;;;x
PROV1650;Dennåtskug;;;;;;;;;;;;;x
PROV1651;Tnåtkå;;;;;;;;;;;;;x
PROV1652;Knesae;;;;;;;;;;;;;x
PROV1653;Knedae;;;;;;;;;;;;;x
PROV1654;Reunt;;;;;;;;;;;;;x
PROV1655;Såtkeu;;;;;;;;;;;;;x
PROV1656;Knens;;;;;;;;;;;;;x
PROV1657;Tseutk;;;;;;;;;;;;;x
PROV1658;Nödb;;;;;;;;;;;;;x
PROV1659;Tåggu;;;;;;;;;;;;;x
PROV1660;Rëdzë;;;;;;;;;;;;;x
PROV1661;Noöp;;;;;;;;;;;;;x
PROV1662;Tåhke;;;;;;;;;;;;;x
PROV1663;Döshumnö;;;;;;;;;;;;;x
PROV1664;Qëdz;;;;;;;;;;;;;x
PROV1665;åhkå;;;;;;;;;;;;;x
PROV1666;Tgaetkas;;;;;;;;;;;;;x
PROV1667;Amno;;;;;;;;;;;;;x
PROV1668;Qojar;;;;;;;;;;;;;x
PROV1669;Råg;;;;;;;;;;;;;x
PROV1670;Ngeukntug;;;;;;;;;;;;;x
PROV1671;Mazu;;;;;;;;;;;;;x
PROV1672;Ipodza;;;;;;;;;;;;;x
PROV1673;Dzuna;;;;;;;;;;;;;x
PROV1674;Göshëz;;;;;;;;;;;;;x
PROV1675;Eëdaz;;;;;;;;;;;;;x
PROV1676;Ëshoö;;;;;;;;;;;;;x
PROV1677;Oödzënd;;;;;;;;;;;;;x
PROV1678;Qemnar;;;;;;;;;;;;;x
PROV1679;Zönd;;;;;;;;;;;;;x
PROV1680;Chameë;;;;;;;;;;;;;x
PROV1681;Tgeuketske;;;;;;;;;;;;;x
PROV1682;Bab;;;;;;;;;;;;;x
PROV1683;Zoöd;;;;;;;;;;;;;x
PROV1684;Dumneërm;;;;;;;;;;;;;x
PROV1685;Zarza;;;;;;;;;;;;;x
PROV1686;Dennå;;;;;;;;;;;;;x
PROV1687;Göpe;;;;;;;;;;;;;x
PROV1688;Bebo;;;;;;;;;;;;;x
PROV1689;Böp;;;;;;;;;;;;;x
PROV1690;Dide;;;;;;;;;;;;;x
PROV1691;Gurm;;;;;;;;;;;;;x
PROV1692;Gaznpeë;;;;;;;;;;;;;x
PROV1693;Mnib;;;;;;;;;;;;;x
PROV1694;Pëju;;;;;;;;;;;;;x
PROV1695;Choörzi;;;;;;;;;;;;;x
PROV1696;Dhreih;;;;;;;;;;;;;x
PROV1697;Deirb;;;;;;;;;;;;;x
PROV1698;Bebhdoa;;;;;;;;;;;;;x
PROV1699;Dhroazd;;;;;;;;;;;;;x
PROV1700;Ushoö;;;;;;;;;;;;;x
PROV1701;Deëz;;;;;;;;;;;;;x
PROV1702;Nëbeëpi;;;;;;;;;;;;;x
PROV1703;Ruju;;;;;;;;;;;;;x
PROV1704;Bëd;;;;;;;;;;;;;x
PROV1705;Zeid;;;;;;;;;;;;;x
PROV1706;Hoan;;;;;;;;;;;;;x
PROV1707;Shabhdoarsho;;;;;;;;;;;;;x
PROV1708;Shrenzoa;;;;;;;;;;;;;x
PROV1709;Bhroabur;;;;;;;;;;;;;x
PROV1710;Hrnurdhir;;;;;;;;;;;;;x
PROV1711;Zehe;;;;;;;;;;;;;x
PROV1712;Shbazrd;;;;;;;;;;;;;x
PROV1713;Ardho;;;;;;;;;;;;;x
PROV1714;Zebird;;;;;;;;;;;;;x
PROV1715;Joöshu;;;;;;;;;;;;;x
PROV1716;Poöshdzur;;;;;;;;;;;;;x
PROV1717;Ujoöde;;;;;;;;;;;;;x
PROV1718;Qudb;;;;;;;;;;;;;x
PROV1719;Neëb;;;;;;;;;;;;;x
PROV1720;Mnënd;;;;;;;;;;;;;x
PROV1721;Garzörë;;;;;;;;;;;;;x
PROV1722;Joöq;;;;;;;;;;;;;x
PROV1723;Taen;;;;;;;;;;;;;x
PROV1724;Mnab;;;;;;;;;;;;;x
PROV1725;Reëm;;;;;;;;;;;;;x
PROV1726;Bare;;;;;;;;;;;;;x
PROV1727;Dashdzam;;;;;;;;;;;;;x
PROV1728;Qoshö;;;;;;;;;;;;;x
PROV1729;Dyaugg;;;;;;;;;;;;;x
PROV1730;Poödb;;;;;;;;;;;;;x
PROV1731;Reëju;;;;;;;;;;;;;x
PROV1732;Durm;;;;;;;;;;;;;x
PROV1733;Qeëp;;;;;;;;;;;;;x
PROV1734;Pëdu;;;;;;;;;;;;;x
PROV1735;Rëjö;;;;;;;;;;;;;x
PROV1736;Odhba;;;;;;;;;;;;;x
PROV1737;Nibeëpi;;;;;;;;;;;;;x
PROV1738;Choshod;;;;;;;;;;;;;x
PROV1739;Qödz;;;;;;;;;;;;;x
PROV1740;Dëri;;;;;;;;;;;;;x
PROV1741;Nujö;;;;;;;;;;;;;x
PROV1742;Jësheësho;;;;;;;;;;;;;x
PROV1743;Gënd;;;;;;;;;;;;;x
PROV1744;Ryayfsaaf;;;;;;;;;;;;;x
PROV1745;Redza;;;;;;;;;;;;;x
PROV1746;Chëq;;;;;;;;;;;;;x
PROV1747;Zöm;;;;;;;;;;;;;x
PROV1748;Izoö;;;;;;;;;;;;;x
PROV1749;Zeëshum;;;;;;;;;;;;;x
PROV1750;Hun;;;;;;;;;;;;;x
PROV1751;Njinye;;;;;;;;;;;;;x
PROV1752;Mress;;;;;;;;;;;;;x
PROV1753;Garoshed;;;;;;;;;;;;;x
PROV1754;B'owa;;;;;;;;;;;;;x
PROV1755;Dzeda;;;;;;;;;;;;;x
PROV1756;Abab;;;;;;;;;;;;;x
PROV1757;Duwa;;;;;;;;;;;;;x
PROV1758;Nimö;;;;;;;;;;;;;x
PROV1759;Doutbon;;;;;;;;;;;;;x
PROV1760;Gödza;;;;;;;;;;;;;x
PROV1761;Chishud;;;;;;;;;;;;;x
PROV1762;Nent;;;;;;;;;;;;;x
PROV1763;Gisha;;;;;;;;;;;;;x
PROV1764;D'jour;;;;;;;;;;;;;x
PROV1765;Hkaku;;;;;;;;;;;;;x
PROV1766;Gauhaags;;;;;;;;;;;;;x
PROV1767;Nödb;;;;;;;;;;;;;x
PROV1768;Rëdzë;;;;;;;;;;;;;x
PROV1769;Ipodza;;;;;;;;;;;;;x
PROV1770;Hkaakya;;;;;;;;;;;;;x
PROV1771;Hyiehyvid;;;;;;;;;;;;;x
PROV1772;Hieka;;;;;;;;;;;;;x
PROV1773;Fuvyka;;;;;;;;;;;;;x
PROV1774;Rygaas;;;;;;;;;;;;;x
PROV1775;Rykiyaasrv;;;;;;;;;;;;;x
PROV1776;Ghaudirf;;;;;;;;;;;;;x
PROV1777;Tutyau;;;;;;;;;;;;;x
PROV1778;Ryksauyfsaav;;;;;;;;;;;;;x
PROV1779;Rygaavka;;;;;;;;;;;;;x
PROV1780;Rausa;;;;;;;;;;;;;x
PROV1781;Ieva;;;;;;;;;;;;;x
PROV1782;Huhyaa;;;;;;;;;;;;;x
PROV1783;Khrad;;;;;;;;;;;;;x
PROV1784;Ryafa;;;;;;;;;;;;;x
PROV1785;Hyvaf;;;;;;;;;;;;;x
PROV1786;Ghagrsk;;;;;;;;;;;;;x
PROV1787;Kautyaar;;;;;;;;;;;;;x
PROV1788;Tyksavaa;;;;;;;;;;;;;x
PROV1789;Ryakur;;;;;;;;;;;;;x
PROV1790;Graas;;;;;;;;;;;;;x
PROV1791;Ryksauhvaav;;;;;;;;;;;;;x
PROV1792;Hyiev;;;;;;;;;;;;;x
PROV1793;Git;;;;;;;;;;;;;x
PROV1794;Hyvaafksat;;;;;;;;;;;;;x
PROV1795;Khrauvaa;;;;;;;;;;;;;x
PROV1796;Hykauhyusk;;;;;;;;;;;;;x
PROV1797;Rykaavks;;;;;;;;;;;;;x
PROV1798;Hkuyau;;;;;;;;;;;;;x
PROV1799;Dyivkika;;;;;;;;;;;;;x
PROV1800;Kyrif;;;;;;;;;;;;;x
PROV1801;Ryksafrie;;;;;;;;;;;;;x
PROV1802;Shau Zhaktno;;;;;;;;;;;;;x
PROV1803;Hkurf;;;;;;;;;;;;;x
PROV1804;Ryksaukaakyrsi;;;;;;;;;;;;;x
PROV1805;Tyadaavrau;;;;;;;;;;;;;x
PROV1806;Hyaks;;;;;;;;;;;;;x
PROV1807;Hyiegyrsie;;;;;;;;;;;;;x
PROV1808;Hkaavsk;;;;;;;;;;;;;x
PROV1809;Gyrivrsk;;;;;;;;;;;;;x
PROV1810;Daataa;;;;;;;;;;;;;x
PROV1811;Gaaf;;;;;;;;;;;;;x
PROV1812;Gyakie;;;;;;;;;;;;;x
PROV1813;Dzuna;;;;;;;;;;;;;x
PROV1814;Ouir;;;;;;;;;;;;;x
PROV1815;T'hodont;;;;;;;;;;;;;x
PROV1816;Huhrumif;;;;;;;;;;;;;x
PROV1817;Göshëz;;;;;;;;;;;;;x
PROV1818;Eëdaz;;;;;;;;;;;;;x
PROV1819;Ëshoö;;;;;;;;;;;;;x
PROV1820;Tohour;;;;;;;;;;;;;x
PROV1821;Ouzu;;;;;;;;;;;;;x
PROV1822;D'jadt;;;;;;;;;;;;;x
PROV1823;Megha;;;;;;;;;;;;;x
PROV1824;Odumsi;;;;;;;;;;;;;x
PROV1825;Forob;;;;;;;;;;;;;x
PROV1826;Hate;;;;;;;;;;;;;x
PROV1827;Dughu;;;;;;;;;;;;;x
PROV1828;T'hefor;;;;;;;;;;;;;x
PROV1829;Deti;;;;;;;;;;;;;x
PROV1830;Timso;;;;;;;;;;;;;x
PROV1831;B'outhouigga;;;;;;;;;;;;;x
PROV1832;Kimiht;;;;;;;;;;;;;x
PROV1833;M'houimsi;;;;;;;;;;;;;x
PROV1834;Tuthe;;;;;;;;;;;;;x
PROV1835;T'houwu;;;;;;;;;;;;;x
PROV1836;D'jo'i;;;;;;;;;;;;;x
PROV1837;T'hof;;;;;;;;;;;;;x
PROV1838;Konou;;;;;;;;;;;;;x
PROV1839;Bouith;;;;;;;;;;;;;x
PROV1840;Otem;;;;;;;;;;;;;x
PROV1841;M'hum;;;;;;;;;;;;;x
PROV1842;Douif;;;;;;;;;;;;;x
PROV1843;Ute;;;;;;;;;;;;;x
PROV1844;Rajom;;;;;;;;;;;;;x
PROV1845;B'atou;;;;;;;;;;;;;x
PROV1846;M'hidt;;;;;;;;;;;;;x
PROV1847;M'hewou;;;;;;;;;;;;;x
PROV1848;Fouht;;;;;;;;;;;;;x
PROV1849;Kunoth;;;;;;;;;;;;;x
PROV1850;Dufou;;;;;;;;;;;;;x
PROV1851;Rykaug;;;;;;;;;;;;;x
PROV1852;Dauyrsisrf;;;;;;;;;;;;;x
PROV1853;Aahiryisrk;;;;;;;;;;;;;x
PROV1854;Raht;;;;;;;;;;;;;x
PROV1855;D'jatbuzont;;;;;;;;;;;;;x
PROV1856;M'houifa;;;;;;;;;;;;;x
PROV1857;Dezount;;;;;;;;;;;;;x
PROV1858;Touigit;;;;;;;;;;;;;x
PROV1859;Niiz Kush;;;;;;;;;;;;;x
PROV1860;Kiegyrsaar;;;;;;;;;;;;;x
PROV1861;Shau Nozh¼;;;;;;;;;;;;;x
PROV1862;B'ago;;;;;;;;;;;;;x
PROV1863;Siesrv;;;;;;;;;;;;;x
PROV1864;Kyraurv;;;;;;;;;;;;;x
PROV1865;Tuks;;;;;;;;;;;;;x
PROV1866;Amou;;;;;;;;;;;;;x
PROV1867;M'houin;;;;;;;;;;;;;x
PROV1868;Toage;;;;;;;;;;;;;x
PROV1869;M'houf;;;;;;;;;;;;;x
PROV1870;D'jaht;;;;;;;;;;;;;x
PROV1871;Nofur;;;;;;;;;;;;;x
PROV1872;Refam;;;;;;;;;;;;;x
PROV1873;Ghurv;;;;;;;;;;;;;x
PROV1874;Taafraavsk;;;;;;;;;;;;;x
PROV1875;Gyausrv;;;;;;;;;;;;;x
PROV1876;Rukv;;;;;;;;;;;;;x
PROV1877;Hug’o;;;;;;;;;;;;;x
PROV1878;Maw;;;;;;;;;;;;;x
PROV1879;Zob’d’a;;;;;;;;;;;;;x
PROV1880;Mfakusy;;;;;;;;;;;;;x
PROV1881;Nchunah;;;;;;;;;;;;;x
PROV1882;Inchent;;;;;;;;;;;;;x
PROV1883;Aop;;;;;;;;;;;;;x
PROV1884;Nggib’om;;;;;;;;;;;;;x
PROV1885;Nzumru;;;;;;;;;;;;;x
PROV1886;Pem;;;;;;;;;;;;;x
PROV1887;Mche;;;;;;;;;;;;;x
PROV1888;Mstet;;;;;;;;;;;;;x
PROV1889;Zem;;;;;;;;;;;;;x
PROV1890;D’eh;;;;;;;;;;;;;x
PROV1891;Swiku;;;;;;;;;;;;;x
PROV1892;Swo;;;;;;;;;;;;;x
PROV1893;Ndep;;;;;;;;;;;;;x
PROV1894;Shasu;;;;;;;;;;;;;x
PROV1895;Ata;;;;;;;;;;;;;x
PROV1896;Poh;;;;;;;;;;;;;x
PROV1897;Zeg;;;;;;;;;;;;;x
PROV1898;Swont;;;;;;;;;;;;;x
PROV1899;Mvig;;;;;;;;;;;;;x
PROV1900;Mstet;;;;;;;;;;;;;x
PROV1901;Prarch;;;;;;;;;;;;;x
PROV1902;Mtimar;;;;;;;;;;;;;x
PROV1903;Mzanggont;;;;;;;;;;;;;x
PROV1904;Gaffa;;;;;;;;;;;;;x
PROV1905;Mvess;;;;;;;;;;;;;x
PROV1906;Hur;;;;;;;;;;;;;x
PROV1907;Mkent;;;;;;;;;;;;;x
PROV1908;Kupu;;;;;;;;;;;;;x
PROV1909;Zah;;;;;;;;;;;;;x
PROV1910;Man;;;;;;;;;;;;;x
PROV1911;Hinseo;;;;;;;;;;;;;x
PROV1912;Dhore;;;;;;;;;;;;;x
PROV1913;Mstindah;;;;;;;;;;;;;x
PROV1914;Pasit;;;;;;;;;;;;;x
PROV1915;Nzot;;;;;;;;;;;;;x
PROV1916;Aincha;;;;;;;;;;;;;x
PROV1917;Nyut;;;;;;;;;;;;;x
PROV1918;Ej'u;;;;;;;;;;;;;x
PROV1919;D’ur;;;;;;;;;;;;;x
PROV1920;Mshumu;;;;;;;;;;;;;x
PROV1921;Mj’op;;;;;;;;;;;;;x
PROV1922;Foh;;;;;;;;;;;;;x
PROV1923;Chukwa;;;;;;;;;;;;;x
PROV1924;Thint;;;;;;;;;;;;;x
PROV1925;Ndur;;;;;;;;;;;;;x
PROV1926;J’on;;;;;;;;;;;;;x
PROV1927;Sekum;;;;;;;;;;;;;x
PROV1928;J'akh;;;;;;;;;;;;;x
PROV1929;Tent;;;;;;;;;;;;;x
PROV1930;Tug;;;;;;;;;;;;;x
PROV1931;Hor;;;;;;;;;;;;;x
PROV1932;Mfeya;;;;;;;;;;;;;x
PROV1933;Usy;;;;;;;;;;;;;x
PROV1934;Mvatty;;;;;;;;;;;;;x
PROV1935;Ndirnem;;;;;;;;;;;;;x
PROV1936;Mkup;;;;;;;;;;;;;x
PROV1937;Mshag;;;;;;;;;;;;;x
PROV1938;Swid’ew;;;;;;;;;;;;;x
PROV1939;Nyukut;;;;;;;;;;;;;x
PROV1940;B’agistan;;;;;;;;;;;;;x
PROV1941;Pitsaa;;;;;;;;;;;;;x
PROV1942;Miirnur;;;;;;;;;;;;;x
PROV1943;Angii;;;;;;;;;;;;;x
PROV1944;Uurngiik;;;;;;;;;;;;;x
PROV1945;Baankaa;;;;;;;;;;;;;x
PROV1946;Viqquu;;;;;;;;;;;;;x
PROV1947;Dumuu;;;;;;;;;;;;;x
PROV1948;Vaap;;;;;;;;;;;;;x
PROV1949;Padug;;;;;;;;;;;;;x
PROV1950;Sirpaa;;;;;;;;;;;;;x
PROV1951;Usuu;;;;;;;;;;;;;x
PROV1952;Kanguqsa;;;;;;;;;;;;;x
PROV1953;Babi;;;;;;;;;;;;;x
PROV1954;Iirmankaa;;;;;;;;;;;;;x
PROV1955;Giiv;;;;;;;;;;;;;x
PROV1956;Jaaniik;;;;;;;;;;;;;x
PROV1957;Hippi;;;;;;;;;;;;;x
PROV1958;Uummut;;;;;;;;;;;;;x
PROV1959;Juutqaa;;;;;;;;;;;;;x
PROV1960;Duk;;;;;;;;;;;;;x
PROV1961;Nguuq;;;;;;;;;;;;;x
PROV1962;Qaataa;;;;;;;;;;;;;x
PROV1963;Qaatii;;;;;;;;;;;;;x
PROV1964;Ngag;;;;;;;;;;;;;x
PROV1965;Siit;;;;;;;;;;;;;x
PROV1966;Kaqka;;;;;;;;;;;;;x
PROV1967;Hiik;;;;;;;;;;;;;x
PROV1968;Danat;;;;;;;;;;;;;x
PROV1969;Gituu;;;;;;;;;;;;;x
PROV1970;Diimuu;;;;;;;;;;;;;x
PROV1971;Niikniirrud;;;;;;;;;;;;;x
PROV1972;Kaaup;;;;;;;;;;;;;x
PROV1973;Iiqtiid;;;;;;;;;;;;;x
PROV1974;Daaggaa;;;;;;;;;;;;;x
PROV1975;Baaip;;;;;;;;;;;;;x
PROV1976;Jaas;;;;;;;;;;;;;x
PROV1977;Nginid;;;;;;;;;;;;;x
PROV1978;Dirkkuu;;;;;;;;;;;;;x
PROV1979;Biggu;;;;;;;;;;;;;x
PROV1980;Nguqian;;;;;;;;;;;;;x
PROV1981;Unaa;;;;;;;;;;;;;x
PROV1982;Iiqsiiq;;;;;;;;;;;;;x
PROV1983;Sittut;;;;;;;;;;;;;x
PROV1984;Inuu;;;;;;;;;;;;;x
PROV1985;Ngiisus;;;;;;;;;;;;;x
PROV1986;Jinu;;;;;;;;;;;;;x
PROV1987;Kiknukpiq;;;;;;;;;;;;;x
PROV1988;Taatquu;;;;;;;;;;;;;x
PROV1989;Gar;;;;;;;;;;;;;x
PROV1990;Iippi;;;;;;;;;;;;;x
PROV1991;Huvir;;;;;;;;;;;;;x
PROV1992;Itsaa;;;;;;;;;;;;;x
PROV1993;Hujaav;;;;;;;;;;;;;x
PROV1994;Uvir;;;;;;;;;;;;;x
PROV1995;Mav;;;;;;;;;;;;;x
PROV1996;Ngistaa;;;;;;;;;;;;;x
PROV1997;Aammii;;;;;;;;;;;;;x
PROV1998;Aagi;;;;;;;;;;;;;x
PROV1999;Guuk;;;;;;;;;;;;;x
PROV2000;Disa;;;;;;;;;;;;;x
PROV2001;Fios;;;;;;;;;;;;;x
PROV2002;Pat;;;;;;;;;;;;;x
PROV2003;Pees;;;;;;;;;;;;;x
PROV2004;Wff;;;;;;;;;;;;;x
PROV2005;Sipdish Isles;;;;;;;;;;;;;x
PROV2006;Ptudg;;;;;;;;;;;;;x
PROV2007;Khito;;;;;;;;;;;;;x
PROV2008;Ruwos;;;;;;;;;;;;;x
PROV2009;Chewta;;;;;;;;;;;;;x
PROV2010;Pifi;;;;;;;;;;;;;x
PROV2011;Tt'apj'anm;;;;;;;;;;;;;x
PROV2012;Mfj'ags'atpj'a;;;;;;;;;;;;;x
PROV2013;Tt'ags'akhs;;;;;;;;;;;;;x
PROV2014;J'atpj'aspt;;;;;;;;;;;;;x
PROV2015;Tr'aphj'abb'atg;;;;;;;;;;;;;x
PROV2016;Dt'ajj'aphj'abb;;;;;;;;;;;;;x
PROV2017;'Ath'afchf'atg;;;;;;;;;;;;;x
PROV2018;Dfj'ags'atg;;;;;;;;;;;;;x
PROV2019;Ps'ajj'abb;;;;;;;;;;;;;x
PROV2020;Wm'afchf'anm;;;;;;;;;;;;;x
PROV2021;Tt'a'appht;;;;;;;;;;;;;x
PROV2022;Wm'aphj'aggch'ath;;;;;;;;;;;;;x
PROV2023;Gtj'ajj'az;;;;;;;;;;;;;x
PROV2024;'Atpj'asb;;;;;;;;;;;;;x
PROV2025;J'asks'apj'a;;;;;;;;;;;;;x
PROV2026;Tt'ath'aspt;;;;;;;;;;;;;x
PROV2027;Ch'aphj'akhs;;;;;;;;;;;;;x
PROV2028;Mhm'afchf'abb;;;;;;;;;;;;;x
PROV2029;Dt'ags'ath'ath;;;;;;;;;;;;;x
PROV2030;Tr'ajj'akhs;;;;;;;;;;;;;x
PROV2031;Gtj'abb'aggch'a;;;;;;;;;;;;;x
PROV2032;Gtj'apj'ajj'appht;;;;;;;;;;;;;x
PROV2033;Tr'ath'ajj'akhs;;;;;;;;;;;;;x
PROV2034;Dt'ags'atg;;;;;;;;;;;;;x
PROV2035;Ptj'apj'afchf'akhs;;;;;;;;;;;;;x
PROV2036;Wh'afchf'ajj'asb;;;;;;;;;;;;;x
PROV2037;'Ath'amm'apjp;;;;;;;;;;;;;x
PROV2038;Mjhm'a'asb;;;;;;;;;;;;;x
PROV2039;Dt'ath'ath'a;;;;;;;;;;;;;x
PROV2040;Tt'amm'abb'a;;;;;;;;;;;;;x
PROV2041;Wm'ath'akhs;;;;;;;;;;;;;x
PROV2042;Gtj'ags'appht;;;;;;;;;;;;;x
PROV2043;Dt'aphj'aspt;;;;;;;;;;;;;x
PROV2044;Mfj'afchf'appht;;;;;;;;;;;;;x
PROV2045;'Ath'ajs;;;;;;;;;;;;;x
PROV2046;'Amm'ath'anm;;;;;;;;;;;;;x
PROV2047;Tr'ath'akhs;;;;;;;;;;;;;x
PROV2048;Ps'asks'atg;;;;;;;;;;;;;x
PROV2049;J'asks'asks'a;;;;;;;;;;;;;x
PROV2050;Tt'afchf'afchf'anm;;;;;;;;;;;;;x
PROV2051;Mhm'afchf'amm'a;;;;;;;;;;;;;x
PROV2052;Dt'asks'akhs;;;;;;;;;;;;;x
PROV2053;Th'atpj'aspt;;;;;;;;;;;;;x
PROV2054;Wm'a'ann;;;;;;;;;;;;;x
PROV2055;Dfj'ath'aspt;;;;;;;;;;;;;x
PROV2056;Wh'amm'ath'a;;;;;;;;;;;;;x
PROV2057;Wh'ags'asb;;;;;;;;;;;;;x
PROV2058;Dt'apj'afchf'aspt;;;;;;;;;;;;;x
PROV2059;Mfj'asks'arz;;;;;;;;;;;;;x
PROV2060;J'asks'anm;;;;;;;;;;;;;x
PROV2061;'Amm'apjp;;;;;;;;;;;;;x
PROV2062;Dfj'apj'ath;;;;;;;;;;;;;x
PROV2063;'Afchf'arz;;;;;;;;;;;;;x
PROV2064;Wh'ath'ags'a;;;;;;;;;;;;;x
PROV2065;Tt'ags'az;;;;;;;;;;;;;x
PROV2066;Wh'abb'ajj'a;;;;;;;;;;;;;x
PROV2067;Ch'abb'abb'atg;;;;;;;;;;;;;x
PROV2068;'Aggch'ags'ath;;;;;;;;;;;;;x
PROV2069;Aepiesa;;;;;;;;;;;;;x
PROV2070;Asfo;;;;;;;;;;;;;x
PROV2071;Epoe;;;;;;;;;;;;;x
PROV2072;Uemae;;;;;;;;;;;;;x
PROV2073;Fofieg;;;;;;;;;;;;;x
PROV2074;Tgetes;;;;;;;;;;;;;x
PROV2075;Oefahe;;;;;;;;;;;;;x
PROV2076;Nanue;;;;;;;;;;;;;x
PROV2077;Hapa;;;;;;;;;;;;;x
PROV2078;Pagadh;;;;;;;;;;;;;x
PROV2079;Uefae;;;;;;;;;;;;;x
PROV2080;Aevoe;;;;;;;;;;;;;x
PROV2081;Hgiehiefaedh;;;;;;;;;;;;;x
PROV2082;Nied;;;;;;;;;;;;;x
PROV2083;Atue;;;;;;;;;;;;;x
PROV2084;Fabif;;;;;;;;;;;;;x
PROV2085;Hgipa;;;;;;;;;;;;;x
PROV2086;Uepae;;;;;;;;;;;;;x
PROV2087;Oemigst;;;;;;;;;;;;;x
PROV2088;Hapue;;;;;;;;;;;;;x
PROV2089;Paeshejg;;;;;;;;;;;;;x
PROV2090;Buebaej;;;;;;;;;;;;;x
PROV2091;Fabtued;;;;;;;;;;;;;x
PROV2092;Muefue;;;;;;;;;;;;;x
PROV2093;Notu;;;;;;;;;;;;;x
PROV2094;Tgen;;;;;;;;;;;;;x
PROV2095;Hemmoes;;;;;;;;;;;;;x
PROV2096;Gjùmeoj;;;;;;;;;;;;;x
PROV2097;Jeopajùb;;;;;;;;;;;;;x
PROV2098;Paed;;;;;;;;;;;;;x
PROV2099;Kyeba;;;;;;;;;;;;;x
PROV2100;Hoedh;;;;;;;;;;;;;x
PROV2101;Pgegst;;;;;;;;;;;;;x
PROV2102;Aefae;;;;;;;;;;;;;x
PROV2103;Ospmas;;;;;;;;;;;;;x
PROV2104;Suew'ijg;;;;;;;;;;;;;x
PROV2105;Sogùn;;;;;;;;;;;;;x
PROV2106;Piet;;;;;;;;;;;;;x
PROV2107;Nyegjù;;;;;;;;;;;;;x
PROV2108;Nibue;;;;;;;;;;;;;x
PROV2109;Oemma;;;;;;;;;;;;;x
PROV2110;Dëshdzin;;;;;;;;;;;;;x
PROV2111;Jojoödb;;;;;;;;;;;;;x
PROV2112;Zeëdz;;;;;;;;;;;;;x
PROV2113;Gëshdzen;;;;;;;;;;;;;x
PROV2114;Eper;;;;;;;;;;;;;x
PROV2115;Mëdeë;;;;;;;;;;;;;x
PROV2116;Jëznpushud;;;;;;;;;;;;;x
PROV2117;Roöp;;;;;;;;;;;;;x
PROV2118;Chushëdz;;;;;;;;;;;;;x
PROV2119;Ban;;;;;;;;;;;;;x
PROV2120;Jiwo;;;;;;;;;;;;;x
PROV2121;Hechyhju;;;;;;;;;;;;;x
PROV2122;Pinit;;;;;;;;;;;;;x
PROV2123;Pgit;;;;;;;;;;;;;x
PROV2124;Haeh;;;;;;;;;;;;;x
PROV2125;Pjaew;;;;;;;;;;;;;x
PROV2126;Kahem;;;;;;;;;;;;;x
PROV2127;J'ib;;;;;;;;;;;;;x
PROV2128;Gepo;;;;;;;;;;;;;x
PROV2129;Kùjg;;;;;;;;;;;;;x
PROV2130;Nonjo;;;;;;;;;;;;;x
PROV2131;Pjae;;;;;;;;;;;;;x
PROV2132;Gamed;;;;;;;;;;;;;x
PROV2133;Peow;;;;;;;;;;;;;x
PROV2134;Jyenu;;;;;;;;;;;;;x
PROV2135;Buenjed;;;;;;;;;;;;;x
PROV2136;Gugi;;;;;;;;;;;;;x
PROV2137;Nin;;;;;;;;;;;;;x
PROV2138;Owon;;;;;;;;;;;;;x
PROV2139;Kijnd;;;;;;;;;;;;;x
PROV2140;Tzouj;;;;;;;;;;;;;x
PROV2141;Y'tadhai;;;;;;;;;;;;;x
PROV2142;Daadoun;;;;;;;;;;;;;x
PROV2143;Kokou;;;;;;;;;;;;;x
PROV2144;Tzor;;;;;;;;;;;;;x
PROV2145;Y'teo;;;;;;;;;;;;;x
PROV2146;Thrik;;;;;;;;;;;;;x
PROV2147;Redz;;;;;;;;;;;;;x
PROV2148;Zuam;;;;;;;;;;;;;x
PROV2149;Vizh;;;;;;;;;;;;;x
PROV2150;Thedhon;;;;;;;;;;;;;x
PROV2151;Druas;;;;;;;;;;;;;x
PROV2152;Dhuza;;;;;;;;;;;;;x
PROV2153;Chaum;;;;;;;;;;;;;x
PROV2154;Mezhauw;;;;;;;;;;;;;x
PROV2155;Dezhduoch;;;;;;;;;;;;;x
PROV2156;Seshethdua;;;;;;;;;;;;;x
PROV2157;Fuog;;;;;;;;;;;;;x
PROV2158;Zhkun;;;;;;;;;;;;;x
PROV2159;Uow;;;;;;;;;;;;;x
PROV2160;Wriedrath;;;;;;;;;;;;;x
PROV2161;Dhruo;;;;;;;;;;;;;x
PROV2162;Muzko;;;;;;;;;;;;;x
PROV2163;Chak;;;;;;;;;;;;;x
PROV2164;Roujdiehwu;;;;;;;;;;;;;x
PROV2165;Moud;;;;;;;;;;;;;x
PROV2166;Shan;;;;;;;;;;;;;x
PROV2167;Tham;;;;;;;;;;;;;x
PROV2168;Sufraumn;;;;;;;;;;;;;x
PROV2169;Kaungech;;;;;;;;;;;;;x
PROV2170;Shrean;;;;;;;;;;;;;x
PROV2171;Wraudz;;;;;;;;;;;;;x
PROV2172;Dhuzhihw;;;;;;;;;;;;;x
PROV2173;Zhouv;;;;;;;;;;;;;x
PROV2174;Hwemef;;;;;;;;;;;;;x
PROV2175;Tawang;;;;;;;;;;;;;x
PROV2176;Nguw;;;;;;;;;;;;;x
PROV2177;Shras;;;;;;;;;;;;;x
PROV2178;Fung;;;;;;;;;;;;;x
PROV2179;Sauzhdie;;;;;;;;;;;;;x
PROV2180;Wiengoummau;;;;;;;;;;;;;x
PROV2181;Fucho;;;;;;;;;;;;;x
PROV2182;Faztu;;;;;;;;;;;;;x
PROV2183;Kant;;;;;;;;;;;;;x
PROV2184;Dhroumn;;;;;;;;;;;;;x
PROV2185;Zhkuadhdi;;;;;;;;;;;;;x
PROV2186;Zkea;;;;;;;;;;;;;x
PROV2187;Wiezhtauta;;;;;;;;;;;;;x
PROV2188;Gyej;;;;;;;;;;;;;x
PROV2189;Mued;;;;;;;;;;;;;x
PROV2190;Oshedzeëb;;;;;;;;;;;;;x
PROV2191;Reërq;;;;;;;;;;;;;x
PROV2192;Ashe;;;;;;;;;;;;;x
PROV2193;Ugi;;;;;;;;;;;;;x
PROV2194;Iman;;;;;;;;;;;;;x
PROV2195;Fodh;;;;;;;;;;;;;x
PROV2196;Pgube-Pi;;;;;;;;;;;;;x
PROV2197;Poefue;;;;;;;;;;;;;x
PROV2198;Bommaef;;;;;;;;;;;;;x
PROV2199;Hod;;;;;;;;;;;;;x
PROV2200;Gibtasfu;;;;;;;;;;;;;x
PROV2201;Upue;;;;;;;;;;;;;x
PROV2202;Taspma;;;;;;;;;;;;;x
PROV2203;Begst;;;;;;;;;;;;;x
PROV2204;Iemes;;;;;;;;;;;;;x
PROV2205;Giep;;;;;;;;;;;;;x
PROV2206;Esoespma;;;;;;;;;;;;;x
PROV2207;Hammoebos;;;;;;;;;;;;;x
PROV2208;Tuemaet;;;;;;;;;;;;;x
PROV2209;Gub-Fosoe;;;;;;;;;;;;;x
PROV2210;Huespmit;;;;;;;;;;;;;x
PROV2211;Pgape;;;;;;;;;;;;;x
PROV2212;Aho;;;;;;;;;;;;;x
PROV2213;Gegin;;;;;;;;;;;;;x
PROV2214;Gjon;;;;;;;;;;;;;x
PROV2215;Bied;;;;;;;;;;;;;x
PROV2216;Buesfiet;;;;;;;;;;;;;x
PROV2217;Dongu;;;;;;;;;;;;;x
PROV2218;Thuach;;;;;;;;;;;;;x
PROV2219;Dhomn;;;;;;;;;;;;;x
PROV2220;Dzehw;;;;;;;;;;;;;x
PROV2221;Zhuash;;;;;;;;;;;;;x
PROV2222;Muag;;;;;;;;;;;;;x
PROV2223;Ruozh;;;;;;;;;;;;;x
PROV2224;Zhkuad;;;;;;;;;;;;;x
PROV2225;Thauchau;;;;;;;;;;;;;x
PROV2226;Dhekehwea;;;;;;;;;;;;;x
PROV2227;Hwef;;;;;;;;;;;;;x
PROV2228;Freathdoung;;;;;;;;;;;;;x
PROV2229;Dauzhuzh;;;;;;;;;;;;;x
PROV2230;Dhuad;;;;;;;;;;;;;x
PROV2231;Gefu;;;;;;;;;;;;;x
PROV2232;Wrouthdie;;;;;;;;;;;;;x
PROV2233;Zhuze;;;;;;;;;;;;;x
PROV2234;Suzkedz;;;;;;;;;;;;;x
PROV2235;Thufre;;;;;;;;;;;;;x
PROV2236;Diehw;;;;;;;;;;;;;x
PROV2237;Chemn;;;;;;;;;;;;;x
PROV2238;Mrou;;;;;;;;;;;;;x
PROV2239;Mezi;;;;;;;;;;;;;x
PROV2240;Vezhtedhdou;;;;;;;;;;;;;x
PROV2241;Rouzhokshie;;;;;;;;;;;;;x
PROV2242;Thissou;;;;;;;;;;;;;x
PROV2243;Riemie;;;;;;;;;;;;;x
PROV2244;Dhiewu;;;;;;;;;;;;;x  
PROV3055;Niiz Moji;x
PROV3056;Mra-ouswun;x
PROV3057;Niiz Jadhov;x
PROV3058;Niiz Kan;x
PROV3059;Ragor;x
PROV3060;Bir;x
PROV3061;Mójib;x##### BODIES OF WATER BELOW #######
PROV2245;Nozh¼ Bay;;;;;;;;;;;;;x
PROV2246;Coast of Dhuknâg;;;;;;;;;;;;;x
PROV2247;Coast of Ashouw Island;;;;;;;;;;;;;x
PROV2248;North Diwvish Bay;;;;;;;;;;;;;x
PROV2249;Pruuntish Rocks;;;;;;;;;;;;;x
PROV2250;South Diwvish Bay;;;;;;;;;;;;;x
PROV2251;Diwvish Seamounts;;;;;;;;;;;;;x
PROV2252;Coast of Jiishanâg;;;;;;;;;;;;;x
PROV2253;Nozhbau Bay;;;;;;;;;;;;;x
PROV2254;Cape Jozha;;;;;;;;;;;;;x
PROV2255;Bay of the Reuhriz;;;;;;;;;;;;;x
PROV2256;Gulf of Tahsrot;;;;;;;;;;;;;x
PROV2257;Cape Fâdt;;;;;;;;;;;;;x
PROV2258;Coast of the Kovan Isles;;;;;;;;;;;;;x
PROV2259;The Foggy Coast;;;;;;;;;;;;;x
PROV2260;West Cape Nexabo;;;;;;;;;;;;;x
PROV2261;Eastern Cape;;;;;;;;;;;;;x
PROV2262;Bay of V¼zza;;;;;;;;;;;;;x
PROV2263;The Tzykoums;;;;;;;;;;;;;x
PROV2264;Mruudiw Sea;;;;;;;;;;;;;x
PROV2265;Saema's Haven;;;;;;;;;;;;;x
PROV2266;Kovan Shoals;;;;;;;;;;;;;x
PROV2267;Cape Tykaaw;;;;;;;;;;;;;x
PROV2268;Sea of Thaykum;;;;;;;;;;;;;x
PROV2269;Coast of Chyivit;;;;;;;;;;;;;x
PROV2270;Great Red Bay;;;;;;;;;;;;;x
PROV2271;Strait of Gochhuib;;;;;;;;;;;;;x
PROV2272;Coast of Tovu;;;;;;;;;;;;;x
PROV2273;Hithy Bight;;;;;;;;;;;;;x
PROV2274;Mouth of the Habmogy;;;;;;;;;;;;;x
PROV2275;Firth of Hoob;;;;;;;;;;;;;x
PROV2276;Coast of Pieme;;;;;;;;;;;;;x
PROV2277;South Paup Sat;;;;;;;;;;;;;x
PROV2278;North Paup Sat;;;;;;;;;;;;;x
PROV2279;The Iron Straits;;;;;;;;;;;;;x
PROV2280;North Vazunak Sea;;;;;;;;;;;;;x
PROV2281;Mum Meke;;;;;;;;;;;;;x
PROV2282;Coast of Bog;;;;;;;;;;;;;x
PROV2283;Coast of Tufume Archipelago;;;;;;;;;;;;;x
PROV2284;South Vazunak Sea;;;;;;;;;;;;;x
PROV2285;Coast of Ojap;;;;;;;;;;;;;x
PROV2286;Bay of Takemog;;;;;;;;;;;;;x
PROV2287;Cape Tegou;;;;;;;;;;;;;x
PROV2288;Coast of Maus;;;;;;;;;;;;;x
PROV2289;Miegpaup Bay;;;;;;;;;;;;;x
PROV2290;Mouth of the Zoa;;;;;;;;;;;;;x
PROV2291;Coast of Yamajoury;;;;;;;;;;;;;x
PROV2292;Bogoran Sea;;;;;;;;;;;;;x
PROV2293;Coast of Kahem;;;;;;;;;;;;;x
PROV2294;Pentapode Bay;;;;;;;;;;;;;x
PROV2295;Vepht Head;;;;;;;;;;;;;x
PROV2296;King's Causeway;;;;;;;;;;;;;x
PROV2297;Paukzhodo Channel;;;;;;;;;;;;;x
PROV2298;Coast of Vadobeth;;;;;;;;;;;;;x
PROV2299;Bay of Fire;;;;;;;;;;;;;x
PROV2300;Troglodytic Coast;;;;;;;;;;;;;x
PROV2301;Cape Bukamo;;;;;;;;;;;;;x
PROV2302;Imperial Coast;;;;;;;;;;;;;x
PROV2303;Coast of Boyab;;;;;;;;;;;;;x
PROV2304;Throne's Mouth;;;;;;;;;;;;;x
PROV2305;Bay of the Throne;;;;;;;;;;;;;x
PROV2306;Bay of the Chamberlain;;;;;;;;;;;;;x
PROV2307;Western Paukzhodo Sea;;;;;;;;;;;;;x
PROV2308;Coast of Spears;;;;;;;;;;;;;x
PROV2309;Bight of Paukzhodo;;;;;;;;;;;;;x
PROV2310;The Sandy Sea;;;;;;;;;;;;;x
PROV2311;Zadak Coast;;;;;;;;;;;;;x
PROV2312;Teshue Channel;;;;;;;;;;;;;x
PROV2313;Mouth of the Vodt;;;;;;;;;;;;;x
PROV2314;The Silent Sea;;;;;;;;;;;;;x
PROV2315;Land's End;;;;;;;;;;;;;x
PROV2316;Cliff Coast;;;;;;;;;;;;;x
PROV2317;Spear-point Gulf;;;;;;;;;;;;;x
PROV2318;Coast of Gaub;;;;;;;;;;;;;x
PROV2319;Cliffs of Shinja;;;;;;;;;;;;;x
PROV2320;Aptzivan Bight;;;;;;;;;;;;;x
PROV2321;The Savage Cape;;;;;;;;;;;;;x
PROV2322;Burning Approaches;;;;;;;;;;;;;x
PROV2323;East Cape Nexabo;;;;;;;;;;;;;x
PROV2324;Great Kovan Reefs;;;;;;;;;;;;;x
PROV2325;The Rechtkist Coast;;;;;;;;;;;;;x
PROV2326;The Dry Coast;;;;;;;;;;;;;x
PROV2327;The Shibun Current;;;;;;;;;;;;;x
PROV2328;Coast of Theaz;;;;;;;;;;;;;x
PROV2329;Fazh Nopt Coast;;;;;;;;;;;;;x
PROV2330;The Fucho Joms;;;;;;;;;;;;;x
PROV2331;Qooxib's Crossing;;;;;;;;;;;;;x
PROV2332;Bight of Suzkedz;;;;;;;;;;;;;x
PROV2333;North Zhafkupo Sea;;;;;;;;;;;;;x
PROV2334;The Galley Coast;;;;;;;;;;;;;x
PROV2335;Mouth of the Vetchk;;;;;;;;;;;;;x
PROV2336;Coast of Chiwyira;;;;;;;;;;;;;x
PROV2337;Cape Finyow;;;;;;;;;;;;;x
PROV2338;Sea of Ohochk;;;;;;;;;;;;;x
PROV2339;The Grain Coast;;;;;;;;;;;;;x
PROV2340;Great Wrikyin Persyps;;;;;;;;;;;;;x
PROV2341;King's Coast;;;;;;;;;;;;;x
PROV2342;Cape Caigur;;;;;;;;;;;;;x
PROV2343;Mouth of the Caigur;;;;;;;;;;;;;x
PROV2344;Cape Bangher;;;;;;;;;;;;;x
PROV2345;The Gussan Beds;;;;;;;;;;;;;x
PROV2346;Bhuspaubhan Rocks;;;;;;;;;;;;;x
PROV2347;Coast of Jaju;;;;;;;;;;;;;x
PROV2348;The Founders;;;;;;;;;;;;;x
PROV2349;Rainy Cape;;;;;;;;;;;;;x
PROV2350;Coast of Usiq;;;;;;;;;;;;;x
PROV2351;Coast of Chrurg Island;;;;;;;;;;;;;x
PROV2352;The Tea Coast;;;;;;;;;;;;;x
PROV2353;Bight of the Great Khan;;;;;;;;;;;;;x
PROV2354;Bziog Delta;;;;;;;;;;;;;x
PROV2355;South Cape Tiamten;;;;;;;;;;;;;x
PROV2356;North Cape Tiamten;;;;;;;;;;;;;x
PROV2357;Cape Zhek;;;;;;;;;;;;;x
PROV2358;Twin Bay Bight;;;;;;;;;;;;;x
PROV2359;Left Thumb Bay;;;;;;;;;;;;;x
PROV2360;Cape Bozzak;;;;;;;;;;;;;x
PROV2361;Right Thumb Bay;;;;;;;;;;;;;x
PROV2362;Bight of Cherassland;;;;;;;;;;;;;x
PROV2363;Mozzo's Rock;;;;;;;;;;;;;x
PROV2364;Coast of Rurch;;;;;;;;;;;;;x
PROV2365;Strait of Midod;;;;;;;;;;;;;x
PROV2366;Juruntine Channel;;;;;;;;;;;;;x
PROV2367;Channel's Mouth;;;;;;;;;;;;;x
PROV2368;Bay of Charchland;;;;;;;;;;;;;x
PROV2369;Sea of Charchland;;;;;;;;;;;;;x
PROV2370;Sea of Lights;;;;;;;;;;;;;x
PROV2371;Bight of The Juruntine;;;;;;;;;;;;;x
PROV2372;Coast of Mosar;;;;;;;;;;;;;x
PROV2373;Coast of Njinye;;;;;;;;;;;;;x
PROV2374;Yussangum Bay;;;;;;;;;;;;;x
PROV2375;Blue Coast;;;;;;;;;;;;;x
PROV2376;Sea of Hrnid;;;;;;;;;;;;;x
PROV2377;Dhob Island;;;;;;;;;;;;;x
PROV2378;Frurgid Sea;;;;;;;;;;;;;x
PROV2379;Coast of the Dhruzd;;;;;;;;;;;;;x
PROV2380;Bay of Dzöshdzeëreënd;;;;;;;;;;;;;x
PROV2381;Coast of Bösharë;;;;;;;;;;;;;x
PROV2382;Cape Krumte;;;;;;;;;;;;;x
PROV2383;Bight of Khrayland;;;;;;;;;;;;;x
PROV2384;Outer Long Tongue Gulf;;;;;;;;;;;;;x
PROV2385;Inner Long Tongue Gulf;;;;;;;;;;;;;x
PROV2386;Coast of Redza;;;;;;;;;;;;;x
PROV2387;Bay of Chömebed;;;;;;;;;;;;;x
PROV2388;Bodshii Seadbed;;;;;;;;;;;;;x
PROV2389;Great Northern Bay;;;;;;;;;;;;;x
PROV2390;Zhadnozo Channel;;;;;;;;;;;;;x
PROV2391;Coast of Sesy;;;;;;;;;;;;;x
PROV2392;Coast of Mress;;;;;;;;;;;;;x
PROV2393;Zhadnozogid Sea;;;;;;;;;;;;;x
PROV2394;Mstindah Head;;;;;;;;;;;;;x
PROV2395;South Cape Nywut;;;;;;;;;;;;;x
PROV2396;North Cape Nywut;;;;;;;;;;;;;x
PROV2397;Bay of Nikwiss;;;;;;;;;;;;;x
PROV2398;Coast of Niiz Zhidzha;;;;;;;;;;;;;x
PROV2399;Coast of Ata;;;;;;;;;;;;;x
PROV2400;The Blubber Coast;;;;;;;;;;;;;x
PROV2401;The Green Coast;;;;;;;;;;;;;x
PROV2402;Bay of Tuthe;;;;;;;;;;;;;x
PROV2403;Chömebed Head;;;;;;;;;;;;;x
PROV2404;The Beastial Coast;;;;;;;;;;;;;x
PROV2405;Coast of Ute;;;;;;;;;;;;;x
PROV2406;Coast of Rajom;;;;;;;;;;;;;x
PROV2407;Channel of Hohraethy;;;;;;;;;;;;;x
PROV2408;Cape Amou;;;;;;;;;;;;;x
PROV2409;Pizhpt Mellows;;;;;;;;;;;;;x
PROV2410;Cape of the Hruss;;;;;;;;;;;;;x
PROV2411;Little Dozh Bight;;;;;;;;;;;;;x
PROV2412;Coast of Hyutdaav;;;;;;;;;;;;;x
PROV2413;Ghurv Rocks;;;;;;;;;;;;;x
PROV2414;Bay of the Hruss;;;;;;;;;;;;;x
PROV2415;Paha Coast;;;;;;;;;;;;;x
PROV2416;Coast of the Sarengi;;;;;;;;;;;;;x
PROV2417;Bay of Isaudaav;;;;;;;;;;;;;x
PROV2418;The Fetid Coast;;;;;;;;;;;;;x
PROV2419;Pöb Delta;;;;;;;;;;;;;x
PROV2420;Sea of Idarm;;;;;;;;;;;;;x
PROV2421;Coast of Nan Tsetk;;;;;;;;;;;;;x
PROV2422;Lower Tsetk Islands;;;;;;;;;;;;;x
PROV2423;The Calm Sea;;;;;;;;;;;;;x
PROV2424;Bay of the Great Cape;;;;;;;;;;;;;x
PROV2425;North Great Cape;;;;;;;;;;;;;x
PROV2426;South Great Cape;;;;;;;;;;;;;x
PROV2427;Coast of Dats;;;;;;;;;;;;;x
PROV2428;Coast of Hospmue;;;;;;;;;;;;;x
PROV2429;Coast of Flowers;;;;;;;;;;;;;x
PROV2430;Bâzajop Islands;;;;;;;;;;;;;x
PROV2431;Bay of Blue Bile;;;;;;;;;;;;;x
PROV2432;Kadnua Delta;;;;;;;;;;;;;x
PROV2433;Pig's Head;;;;;;;;;;;;;x
PROV2434;Kizzanat's Rest;;;;;;;;;;;;;x
PROV2435;Mae Island Channel;;;;;;;;;;;;;x
PROV2436;The Sea of the Pomigs;;;;;;;;;;;;;x
PROV2437;Coast of Asfo;;;;;;;;;;;;;x
PROV2438;Cape of Kizzanat;;;;;;;;;;;;;x
PROV2439;Coast of Epoe;;;;;;;;;;;;;x
PROV2440;The Frigid Coast;;;;;;;;;;;;;x
PROV2441;Coast of Nanue;;;;;;;;;;;;;x
PROV2442;Coast of Fofieg;;;;;;;;;;;;;x
PROV2443;Eastern Wushauw Coast;;;;;;;;;;;;;x
PROV2444;Central Wushauw Coast;;;;;;;;;;;;x
PROV2445;Western Wushauw Coast;;;;;;;;;;;;;x
PROV2446;Coast of Dhekehwea;;;;;;;;;;;;;x
PROV2447;Admiral Praashab Bay;;;;;;;;;;;;;x
PROV2448;Firth of Chemn;;;;;;;;;;;;;x
PROV2449;Bay of Mezi;;;;;;;;;;;;;x
PROV2450;Coast of Ruasi;;;;;;;;;;;;;x
PROV2451;Kizzanat's Current;;;;;;;;;;;;;x
PROV2452;Off Great Cape;;;;;;;;;;;;;x
PROV2453;Ishnapt Ocean;;;;;;;;;;;;;x
PROV2454;Coast of Gozomedes Island;;;;;;;;;;;;;x
PROV2455;Coast of the Hrusaan Isles;;;;;;;;;;;;;x
PROV2456;Great Hrusaan Bight;;;;;;;;;;;;;x
PROV2457;Coast of Taafraavsk;;;;;;;;;;;;;x
PROV2458;Coast of Vivkied;;;;;;;;;;;;;x
PROV2459;Hrusaan Micronesia;;;;;;;;;;;;;x
PROV2460;The Eastern Doldrums;;;;;;;;;;;;;x
PROV2461;The Shobgizob Current;;;;;;;;;;;;;x
PROV2462;The Shobgizob Pull;;;;;;;;;;;;;x
PROV2463;Northern Sea of Daunuk;;;;;;;;;;;;;x
PROV2464;Southern Sea of Daunuk;;;;;;;;;;;;;x
PROV2465;Coast of Shobgizob;;;;;;;;;;;;;x
PROV2466;Bay of Uurngiik;;;;;;;;;;;;;x
PROV2467;Real Gizob Coast;;;;;;;;;;;;;x
PROV2468;Coast of Mav;;;;;;;;;;;;;x
PROV2469;Coast of Parrots;;;;;;;;;;;;;x
PROV2470;Bay of Kaqka;;;;;;;;;;;;;x
PROV2471;Coast of Hujaav;;;;;;;;;;;;;x
PROV2472;Bay of Tribute Ships;;;;;;;;;;;;;x
PROV2473;Coast of Jinu;;;;;;;;;;;;;x
PROV2474;Bay of the Great Vewug;;;;;;;;;;;;;x
PROV2475;Strait of Baastuu;;;;;;;;;;;;;x
PROV2476;Maagland Coast;;;;;;;;;;;;;x
PROV2477;Land's End;;;;;;;;;;;;;x
PROV2478;The Blessed Coast;;;;;;;;;;;;;x
PROV2479;The Jagged Coast;;;;;;;;;;;;;x
PROV2480;Cape Qaatii;;;;;;;;;;;;;x
PROV2481;Bay of Niiz Qaataa;;;;;;;;;;;;;x
PROV2482;Coast of Duk;;;;;;;;;;;;;x
PROV2483;Coast of Juutqaa;;;;;;;;;;;;;x
PROV2484;Coast of Chet;;;;;;;;;;;;;x
PROV2485;The Pees Banks;;;;;;;;;;;;;x
PROV2486;The Fid Volcanic Seabed;;;;;;;;;;;;;x
PROV2487;Gibberishling's Bay;;;;;;;;;;;;;x
PROV2488;The Stony Coast;;;;;;;;;;;;;x
PROV2489;ApMoswie's Haven;;;;;;;;;;;;;x
PROV2490;The Jellyfish Coast;;;;;;;;;;;;;x
PROV2491;Wind's End;;;;;;;;;;;;;x
PROV2492;Northern Haven;;;;;;;;;;;;;x
PROV2493;The Stormy Coast;;;;;;;;;;;;;x
PROV2494;The Cape of Storms;;;;;;;;;;;;;x
PROV2495;The Gale Coast;;;;;;;;;;;;;x
PROV2496;Turntail Coast;;;;;;;;;;;;;x
PROV2497;Eastern Coast;;;;;;;;;;;;;x
PROV2498;Bay of Reprieve;;;;;;;;;;;;;x
PROV2499;The Southern Rocks;;;;;;;;;;;;;x
PROV2500;Northern Sea of Shobgizob;;;;;;;;;;;;;x
PROV2501;Bâzajop's Bight;;;;;;;;;;;;;x
PROV2502;Northern Shobgizob Fissure;;;;;;;;;;;;;x
PROV2503;The Southeasterlies;;;;;;;;;;;;;x
PROV2504;Kadnua Sedimentaries;;;;;;;;;;;;;x
PROV2505;Central Shobgizob Fissure;;;;;;;;;;;;;x
PROV2506;Central Shobgizob Sea;;;;;;;;;;;;;x
PROV2507;The Bountiful Sea;;;;;;;;;;;;;x
PROV2508;Western Shobgizob Sea;;;;;;;;;;;;;x
PROV2509;Frezhine Sea;;;;;;;;;;;;;x
PROV2510;Coast of Pazh Island;;;;;;;;;;;;;x
PROV2511;Coast of Aammii;;;;;;;;;;;;;x
PROV2512;Frezine Micronesia;;;;;;;;;;;;;x
PROV2513;Coast of Ngistaa;;;;;;;;;;;;;x
PROV2514;Shobgizob Approaches;;;;;;;;;;;;;x
PROV2515;Coast of Guuk;;;;;;;;;;;;;x
PROV2516;Coast of Slaughter;;;;;;;;;;;;;x
PROV2517;Chetine Corals;;;;;;;;;;;;;x
PROV2518;Coast of Aagi;;;;;;;;;;;;;x
PROV2519;Western Sea of the Vewug;;;;;;;;;;;;;x
PROV2520;Coast of Vopud Island;;;;;;;;;;;;;x
PROV2521;Sea of the Vewug;;;;;;;;;;;;;x
PROV2522;The Shining Sea;;;;;;;;;;;;;x
PROV2523;Sea of Atolls;;;;;;;;;;;;;x
PROV2524;Lesser Chet Atoll;;;;;;;;;;;;;x
PROV2525;Sea of Devils;;;;;;;;;;;;;x
PROV2526;Eastern Sea of the Vewug;;;;;;;;;;;;;x
PROV2527;Chet Oceanic Seabed;;;;;;;;;;;;;x
PROV2528;West Wff Reefs;;;;;;;;;;;;;x
PROV2529;East Wff Reefs;;;;;;;;;;;;;x
PROV2530;The Wff Moluscing Grounds;;;;;;;;;;;;;x
PROV2531;The Wff Gyres;;;;;;;;;;;;;x
PROV2532;The Wff Fisheries;;;;;;;;;;;;;x
PROV2533;Wff Approaches;;;;;;;;;;;;;x
PROV2534;The Little Siplings;;;;;;;;;;;;;x
PROV2535;Off Cape Hruss;;;;;;;;;;;;;x
PROV2536;The Hrussan Fisheries;;;;;;;;;;;;;x
PROV2537;The North Hruss Current;;;;;;;;;;;;;x
PROV2538;Admiral Oauzhau's Sounding;;;;;;;;;;;;;x
PROV2539;The Oauzhau Enscarpment;;;;;;;;;;;;;x
PROV2540;Ishnapt Ocean;;;;;;;;;;;;;x
PROV2541;Ishnapt Ocean;;;;;;;;;;;;;x
PROV2542;Ishnapt Ocean;;;;;;;;;;;;;x
PROV2543;Ishnapt Ocean;;;;;;;;;;;;;x
PROV2544;Ishnapt Ocean;;;;;;;;;;;;;x
PROV2545;Ishnapt Ocean;;;;;;;;;;;;;x
PROV2546;Ishnapt Ocean;;;;;;;;;;;;;x
PROV2547;Ishnapt Ocean;;;;;;;;;;;;;x
PROV2548;Ishnapt Ocean;;;;;;;;;;;;;x
PROV2549;Ishnapt Ocean;;;;;;;;;;;;;x
PROV2550;Ishnapt Ocean;;;;;;;;;;;;;x
PROV2551;Ishnapt Ocean;;;;;;;;;;;;;x
PROV2552;Ishnapt Ocean;;;;;;;;;;;;;x
PROV2553;Ishnapt Ocean;;;;;;;;;;;;;x
PROV2554;The Siplings;;;;;;;;;;;;;x
PROV2555;Ishnapt Ocean;;;;;;;;;;;;;x
PROV2556;Ishnapt Ocean;;;;;;;;;;;;;x
PROV2557;Ishnapt Ocean;;;;;;;;;;;;;x
PROV2558;Ishnapt Ocean;;;;;;;;;;;;;x
PROV2559;Ishnapt Ocean;;;;;;;;;;;;;x
PROV2560;Ishnapt Ocean;;;;;;;;;;;;;x
PROV2561;Ishnapt Ocean;;;;;;;;;;;;;x
PROV2562;Paznapt Ocean;;;;;;;;;;;;;x
PROV2563;Ishnapt Ocean;;;;;;;;;;;;;x
PROV2564;Ishnapt Ocean;;;;;;;;;;;;;x
PROV2565;Ishnapt Ocean;;;;;;;;;;;;;x
PROV2566;Ishnapt Ocean;;;;;;;;;;;;;x
PROV2567;Ishnapt Ocean;;;;;;;;;;;;;x
PROV2568;Ishnapt Ocean;;;;;;;;;;;;;x
PROV2569;Ishnapt Ocean;;;;;;;;;;;;;x
PROV2570;Ishnapt Ocean;;;;;;;;;;;;;x
PROV2571;Paznapt Ocean;;;;;;;;;;;;;x
PROV2572;Ishnapt Ocean;;;;;;;;;;;;;x
PROV2573;Ishnapt Ocean;;;;;;;;;;;;;x
PROV2574;Ishnapt Ocean;;;;;;;;;;;;;x
PROV2575;Ishnapt Ocean;;;;;;;;;;;;;x
PROV2576;Ishnapt Ocean;;;;;;;;;;;;;x
PROV2577;Ishnapt Ocean;;;;;;;;;;;;;x
PROV2578;Ishnapt Ocean;;;;;;;;;;;;;x
PROV2579;Ishnapt Ocean;;;;;;;;;;;;;x
PROV2580;Ishnapt Ocean;;;;;;;;;;;;;x
PROV2581;Ishnapt Ocean;;;;;;;;;;;;;x
PROV2582;Paznapt Ocean;;;;;;;;;;;;;x
PROV2583;Ishnapt Ocean;;;;;;;;;;;;;x
PROV2584;Ishnapt Ocean;;;;;;;;;;;;;x
PROV2585;Ishnapt Ocean;;;;;;;;;;;;;x
PROV2586;The Whaapjan Shoals;;;;;;;;;;;;;x
PROV2587;Ishnapt Ocean;;;;;;;;;;;;;x
PROV2588;Ishnapt Ocean;;;;;;;;;;;;;x
PROV2589;Ishnapt Ocean;;;;;;;;;;;;;x
PROV2590;Ishnapt Ocean;;;;;;;;;;;;;x
PROV2591;Ishnapt Ocean;;;;;;;;;;;;;x
PROV2592;Ishnapt Ocean;;;;;;;;;;;;;x
PROV2593;Ishnapt Ocean;;;;;;;;;;;;;x
PROV2594;Ishnapt Ocean;;;;;;;;;;;;;x
PROV2595;Ishnapt Ocean;;;;;;;;;;;;;x
PROV2596;Ishnapt Ocean;;;;;;;;;;;;;x
PROV2597;Coast of Whaapja;;;;;;;;;;;;;x
PROV2598;Ishnapt Ocean;;;;;;;;;;;;;x
PROV2599;Ishnapt Ocean;;;;;;;;;;;;;x
PROV2600;The Northwestern Current;;;;;;;;;;;;;x
PROV2601;Coast of Maskaz Island;;;;;;;;;;;;;x
PROV2602;Sea of Clouds;;;;;;;;;;;;;x
PROV2603;Gojep Rocks;;;;;;;;;;;;;x
PROV2604;The Billows;;;;;;;;;;;;;x
PROV2605;The Blighted Sea;;;;;;;;;;;;;x
PROV2606;The Great Banks;;;;;;;;;;;;;x
PROV2607;The Southeast Current;;;;;;;;;;;;;x
PROV2608;Drangupt Sea;;;;;;;;;;;;;x
PROV2609;Giant's Meeting;;;;;;;;;;;;;x
PROV2610;Praashabs's Current;;;;;;;;;;;;;x
PROV2611;Fathe Approaches;;;;;;;;;;;;;x
PROV2612;Praashabs's Forest;;;;;;;;;;;;;x
PROV2613;The Curved Currents;;;;;;;;;;;;;x
PROV2614;Open Ishnapt;;;;;;;;;;;;;x
PROV2615;Tzau-Orom's Disfigurement;;;;;;;;;;;;;x
PROV2616;Ishnapt Ocean;;;;;;;;;;;;;x
PROV2617;Ishnapt Ocean;;;;;;;;;;;;;x
PROV2618;Ishnapt Ocean;;;;;;;;;;;;;x
PROV2619;Ishnapt Ocean;;;;;;;;;;;;;x
PROV2620;Ishnapt Ocean;;;;;;;;;;;;;x
PROV2621;Ishnapt Ocean;;;;;;;;;;;;;x
PROV2622;Daunu Island;;;;;;;;;;;;;x
PROV2623;The Wousz Kelp Forests;;;;;;;;;;;;;x
PROV2624;Sea of Wousz;;;;;;;;;;;;;x
PROV2625;Coast of Teizzau;;;;;;;;;;;;;x
PROV2626;Ishnapt Ocean;;;;;;;;;;;;;x
PROV2627;Ishnapt Ocean;;;;;;;;;;;;;x
PROV2628;Ishnapt Ocean;;;;;;;;;;;;;x
PROV2629;Ishnapt Ocean;;;;;;;;;;;;;x
PROV2630;Ishnapt Ocean;;;;;;;;;;;;;x
PROV2631;Ishnapt Ocean;;;;;;;;;;;;;x
PROV2632;Ishnapt Ocean;;;;;;;;;;;;;x
PROV2633;Ishnapt Ocean;;;;;;;;;;;;;x
PROV2634;Ishnapt Ocean;;;;;;;;;;;;;x
PROV2635;Ishnapt Ocean;;;;;;;;;;;;;x
PROV2636;Ishnapt Ocean;;;;;;;;;;;;;x
PROV2637;Ishnapt Ocean;;;;;;;;;;;;;x
PROV2638;Ishnapt Ocean;;;;;;;;;;;;;x
PROV2639;Ishnapt Ocean;;;;;;;;;;;;;x
PROV2640;Ishnapt Ocean;;;;;;;;;;;;;x
PROV2641;Ishnapt Ocean;;;;;;;;;;;;;x
PROV2642;Coast of Wousz;;;;;;;;;;;;;x
PROV2643;Ishnapt Ocean;;;;;;;;;;;;;x
PROV2644;Ishnapt Ocean;;;;;;;;;;;;;x
PROV2645;Ishnapt Ocean;;;;;;;;;;;;;x
PROV2646;Ishnapt Ocean;;;;;;;;;;;;;x
PROV2647;Ishnapt Ocean;;;;;;;;;;;;;x
PROV2648;Ishnapt Ocean;;;;;;;;;;;;;x
PROV2649;Ishnapt Ocean;;;;;;;;;;;;;x
PROV2650;Ishnapt Ocean;;;;;;;;;;;;;x
PROV2651;Ishnapt Ocean;;;;;;;;;;;;;x
PROV2652;Ishnapt Ocean;;;;;;;;;;;;;x
PROV2653;Ishnapt Ocean;;;;;;;;;;;;;x
PROV2654;Ishnapt Ocean;;;;;;;;;;;;;x
PROV2655;Ishnapt Ocean;;;;;;;;;;;;;x
PROV2656;Ishnapt Ocean;;;;;;;;;;;;;x
PROV2657;Ishnapt Ocean;;;;;;;;;;;;;x
PROV2658;Ishnapt Ocean;;;;;;;;;;;;;x
PROV2659;Ishnapt Ocean;;;;;;;;;;;;;x
PROV2660;Ishnapt Ocean;;;;;;;;;;;;;x
PROV2661;Ishnapt Ocean;;;;;;;;;;;;;x
PROV2662;Eastern Paukzhodo Sea;;;;;;;;;;;;;x
PROV2663;Shovamedes' Basin;;;;;;;;;;;;;x
PROV2664;The Leeward Currents;;;;;;;;;;;;;x
PROV2665;The Warm Current;;;;;;;;;;;;;x
PROV2666;Ibu's Shoals;;;;;;;;;;;;;x
PROV2667;Great Southern Bight;;;;;;;;;;;;;x
PROV2668;Coast of Pudwou Island;;;;;;;;;;;;;x
PROV2669;The Burning Rises;;;;;;;;;;;;;x
PROV2670;Western Zhibomgid Sea;;;;;;;;;;;;;x
PROV2671;The Savage Sea;;;;;;;;;;;;;x
PROV2672;Southern Zhibomgid Sea;;;;;;;;;;;;;x
PROV2673;The Kovan Rise;;;;;;;;;;;;;x
PROV2674;The Bright Sea;;;;;;;;;;;;;x
PROV2675;Western Zhibom Basin;;;;;;;;;;;;;x
PROV2676;The Sea of Praw;;;;;;;;;;;;;x
PROV2677;Coast of Wrumukiru Island;;;;;;;;;;;;;x
PROV2678;The Bafozhi Current;;;;;;;;;;;;;x
PROV2679;Eastern Zhibomgid Sea;;;;;;;;;;;;;x
PROV2680;The Sea of Shells;;;;;;;;;;;;;x
PROV2681;The Eastward Current;;;;;;;;;;;;;x
PROV2682;Central Zhibomgid Basin;;;;;;;;;;;;;x
PROV2683;Zhakt Drift;;;;;;;;;;;;;x
PROV2684;Mâdh¼ Deeps;;;;;;;;;;;;;x
PROV2685;Coast of Mâdh¼;;;;;;;;;;;;;x
PROV2686;The Zhibom Doldrums;;;;;;;;;;;;;x
PROV2687;Central Zhibomgid Sea;;;;;;;;;;;;;x
PROV2688;Bozza's Sea;;;;;;;;;;;;;x
PROV2689;The Sea of Gales;;;;;;;;;;;;;x
PROV2690;Bight of Dhore;;;;;;;;;;;;;x
PROV2691;The Dhore Rise;;;;;;;;;;;;;x
PROV2692;The Dhore Abyssal Plain;;;;;;;;;;;;;x
PROV2693;Sea of Nywut;;;;;;;;;;;;;x
PROV2694;Kadpuvo Delta;;;;;;;;;;;;;x
PROV2695;The Ashid Seamount;;;;;;;;;;;;;x
PROV2696;The Kiid Seamounts;;;;;;;;;;;;;x
PROV2697;Northeastern Zhibomgid Sea;;;;;;;;;;;;;x
PROV2698;Coast of Little Mâdh¼;;;;;;;;;;;;;x
PROV2699;The Westward Current;;;;;;;;;;;;;x
PROV2700;Ishnapt Ocean;;;;;;;;;;;;;x
PROV2701;Ishnapt Ocean;;;;;;;;;;;;;x
PROV2702;Ishnapt Ocean;;;;;;;;;;;;;x
PROV2703;Ishnapt Ocean;;;;;;;;;;;;;x
PROV2704;Ishnapt Ocean;;;;;;;;;;;;;x
PROV2705;Ishnapt Ocean;;;;;;;;;;;;;x
PROV2706;Ishnapt Ocean;;;;;;;;;;;;;x
PROV2707;Ishnapt Ocean;;;;;;;;;;;;;x
PROV2708;Ishnapt Ocean;;;;;;;;;;;;;x
PROV2709;Ishnapt Ocean;;;;;;;;;;;;;x
PROV2710;Ishnapt Ocean;;;;;;;;;;;;;x
PROV2711;Ishnapt Ocean;;;;;;;;;;;;;x
PROV2712;Ishnapt Ocean;;;;;;;;;;;;;x
PROV2713;Ishnapt Ocean;;;;;;;;;;;;;x
PROV2714;Ishnapt Ocean;;;;;;;;;;;;;x
PROV2715;Ishnapt Ocean;;;;;;;;;;;;;x
PROV2716;Ishnapt Ocean;;;;;;;;;;;;;x
PROV2717;Ishnapt Ocean;;;;;;;;;;;;;x
PROV2718;Ishnapt Ocean;;;;;;;;;;;;;x
PROV2719;Ishnapt Ocean;;;;;;;;;;;;;x
PROV2720;Ishnapt Ocean;;;;;;;;;;;;;x
PROV2721;Ishnapt Ocean;;;;;;;;;;;;;x
PROV2722;Ishnapt Ocean;;;;;;;;;;;;;x
PROV2723;Ishnapt Ocean;;;;;;;;;;;;;x
PROV2724;Ishnapt Ocean;;;;;;;;;;;;;x
PROV2725;Ishnapt Ocean;;;;;;;;;;;;;x
PROV2726;Ishnapt Ocean;;;;;;;;;;;;;x
PROV2727;Ishnapt Ocean;;;;;;;;;;;;;x
PROV2728;Ishnapt Ocean;;;;;;;;;;;;;x
PROV2729;Ishnapt Ocean;;;;;;;;;;;;;x
PROV2730;Ishnapt Ocean;;;;;;;;;;;;;x
PROV2731;Ishnapt Ocean;;;;;;;;;;;;;x
PROV2732;Ishnapt Ocean;;;;;;;;;;;;;x
PROV2733;Ishnapt Ocean;;;;;;;;;;;;;x
PROV2734;Ishnapt Ocean;;;;;;;;;;;;;x
PROV2735;Ishnapt Ocean;;;;;;;;;;;;;x
PROV2736;Ishnapt Ocean;;;;;;;;;;;;;x
PROV2737;Ishnapt Ocean;;;;;;;;;;;;;x
PROV2738;Ishnapt Ocean;;;;;;;;;;;;;x
PROV2739;Ishnapt Ocean;;;;;;;;;;;;;x
PROV2740;Ishnapt Ocean;;;;;;;;;;;;;x
PROV2741;Ishnapt Ocean;;;;;;;;;;;;;x
PROV2742;Ishnapt Ocean;;;;;;;;;;;;;x
PROV2743;Ishnapt Ocean;;;;;;;;;;;;;x
PROV2744;Ishnapt Ocean;;;;;;;;;;;;;x
PROV2745;Ishnapt Ocean;;;;;;;;;;;;;x
PROV2746;Ishnapt Ocean;;;;;;;;;;;;;x
PROV2747;Ishnapt Ocean;;;;;;;;;;;;;x
PROV2748;Ishnapt Ocean;;;;;;;;;;;;;x
PROV2749;Ishnapt Ocean;;;;;;;;;;;;;x
PROV2750;Ishnapt Ocean;;;;;;;;;;;;;x
PROV2751;Ishnapt Ocean;;;;;;;;;;;;;x
PROV2752;Ishnapt Ocean;;;;;;;;;;;;;x
PROV2753;Ishnapt Ocean;;;;;;;;;;;;;x
PROV2754;Ishnapt Ocean;;;;;;;;;;;;;x
PROV2755;Ishnapt Ocean;;;;;;;;;;;;;x
PROV2756;Ishnapt Ocean;;;;;;;;;;;;;x
PROV2757;Ishnapt Ocean;;;;;;;;;;;;;x
PROV2758;Ishnapt Ocean;;;;;;;;;;;;;x
PROV2759;Ishnapt Ocean;;;;;;;;;;;;;x
PROV2760;Ishnapt Ocean;;;;;;;;;;;;;x
PROV2761;Ishnapt Ocean;;;;;;;;;;;;;x
PROV2762;Ishnapt Ocean;;;;;;;;;;;;;x
PROV2763;Ishnapt Ocean;;;;;;;;;;;;;x
PROV2764;Ishnapt Ocean;;;;;;;;;;;;;x
PROV2765;Ishnapt Ocean;;;;;;;;;;;;;x
PROV2766;Ishnapt Ocean;;;;;;;;;;;;;x
PROV2767;Ishnapt Ocean;;;;;;;;;;;;;x
PROV2768;Ishnapt Ocean;;;;;;;;;;;;;x
PROV2769;Ishnapt Ocean;;;;;;;;;;;;;x
PROV2770;Ishnapt Ocean;;;;;;;;;;;;;x
PROV2771;Ishnapt Ocean;;;;;;;;;;;;;x
PROV2772;Ishnapt Ocean;;;;;;;;;;;;;x
PROV2773;Ishnapt Ocean;;;;;;;;;;;;;x
PROV2774;Ishnapt Ocean;;;;;;;;;;;;;x
PROV2775;Ishnapt Ocean;;;;;;;;;;;;;x
PROV2776;Ishnapt Ocean;;;;;;;;;;;;;x
PROV2777;Ishnapt Ocean;;;;;;;;;;;;;x
PROV2778;Ishnapt Ocean;;;;;;;;;;;;;x
PROV2779;Ishnapt Ocean;;;;;;;;;;;;;x
PROV2780;Ishnapt Ocean;;;;;;;;;;;;;x
PROV2781;Ishnapt Ocean;;;;;;;;;;;;;x
PROV2782;Ishnapt Ocean;;;;;;;;;;;;;x
PROV2783;Ishnapt Ocean;;;;;;;;;;;;;x
PROV2784;Ishnapt Ocean;;;;;;;;;;;;;x
PROV2785;Ishnapt Ocean;;;;;;;;;;;;;x
PROV2786;Ishnapt Ocean;;;;;;;;;;;;;x
PROV2787;Ishnapt Ocean;;;;;;;;;;;;;x
PROV2788;Ishnapt Ocean;;;;;;;;;;;;;x
PROV2789;Ishnapt Ocean;;;;;;;;;;;;;x
PROV2790;Ishnapt Ocean;;;;;;;;;;;;;x
PROV2791;Ishnapt Ocean;;;;;;;;;;;;;x
PROV2792;Ishnapt Ocean;;;;;;;;;;;;;x
PROV2793;Ishnapt Ocean;;;;;;;;;;;;;x
PROV2794;Ishnapt Ocean;;;;;;;;;;;;;x
PROV2795;Ishnapt Ocean;;;;;;;;;;;;;x
PROV2796;Ishnapt Ocean;;;;;;;;;;;;;x
PROV2797;Ishnapt Ocean;;;;;;;;;;;;;x
PROV2798;Ishnapt Ocean;;;;;;;;;;;;;x
PROV2799;Ishnapt Ocean;;;;;;;;;;;;;x
PROV2800;Ishnapt Ocean;;;;;;;;;;;;;x
PROV2801;Ishnapt Ocean;;;;;;;;;;;;;x
PROV2802;Ishnapt Ocean;;;;;;;;;;;;;x
PROV2803;Ishnapt Ocean;;;;;;;;;;;;;x
PROV2804;Ishnapt Ocean;;;;;;;;;;;;;x
PROV2805;Ishnapt Ocean;;;;;;;;;;;;;x
PROV2806;Ishnapt Ocean;;;;;;;;;;;;;x
PROV2807;Ishnapt Ocean;;;;;;;;;;;;;x
PROV2808;Ishnapt Ocean;;;;;;;;;;;;;x
PROV2809;Ishnapt Ocean;;;;;;;;;;;;;x
PROV2810;Ishnapt Ocean;;;;;;;;;;;;;x
PROV2811;Ishnapt Ocean;;;;;;;;;;;;;x
PROV2812;Ishnapt Ocean;;;;;;;;;;;;;x
PROV2813;Ishnapt Ocean;;;;;;;;;;;;;x
PROV2814;Ishnapt Ocean;;;;;;;;;;;;;x
PROV2815;Ishnapt Ocean;;;;;;;;;;;;;x
PROV2816;Ishnapt Ocean;;;;;;;;;;;;;x
PROV2817;Ishnapt Ocean;;;;;;;;;;;;;x
PROV2818;Ishnapt Ocean;;;;;;;;;;;;;x
PROV2819;Ishnapt Ocean;;;;;;;;;;;;;x
PROV2820;Ishnapt Ocean;;;;;;;;;;;;;x
PROV2821;Near Khosopd Isles;;;;;;;;;;;;;x
PROV2822;Ishnapt Ocean;;;;;;;;;;;;;x
PROV2823;Ishnapt Ocean;;;;;;;;;;;;;x
PROV2824;Ishnapt Ocean;;;;;;;;;;;;;x
PROV2825;Ishnapt Ocean;;;;;;;;;;;;;x
PROV2826;Ishnapt Ocean;;;;;;;;;;;;;x
PROV2827;Ishnapt Ocean;;;;;;;;;;;;;x
PROV2828;Ishnapt Ocean;;;;;;;;;;;;;x
PROV2829;Ishnapt Ocean;;;;;;;;;;;;;x
PROV2830;Ishnapt Ocean;;;;;;;;;;;;;x
PROV2831;Ishnapt Ocean;;;;;;;;;;;;;x
PROV2832;Ishnapt Ocean;;;;;;;;;;;;;x
PROV2833;Ishnapt Ocean;;;;;;;;;;;;;x
PROV2834;Ishnapt Ocean;;;;;;;;;;;;;x
PROV2835;Coast of the Hungry King;;;;;;;;;;;;;x
PROV2836;Coast of Chetwa;;;;;;;;;;;;;x
PROV2837;Ishnapt Ocean;;;;;;;;;;;;;x
PROV2838;Ishnapt Ocean;;;;;;;;;;;;;x
PROV2839;Ishnapt Ocean;;;;;;;;;;;;;x
PROV2840;Ishnapt Ocean;;;;;;;;;;;;;x
PROV2841;Ishnapt Ocean;;;;;;;;;;;;;x
PROV2842;Ishnapt Ocean;;;;;;;;;;;;;x
PROV2843;Ishnapt Ocean;;;;;;;;;;;;;x
PROV2844;Ishnapt Ocean;;;;;;;;;;;;;x
PROV2845;Ishnapt Ocean;;;;;;;;;;;;;x
PROV2846;Ishnapt Ocean;;;;;;;;;;;;;x
PROV2847;Ishnapt Ocean;;;;;;;;;;;;;x
PROV2848;Ishnapt Ocean;;;;;;;;;;;;;x
PROV2849;Ishnapt Ocean;;;;;;;;;;;;;x
PROV2850;Ishnapt Ocean;;;;;;;;;;;;;x
PROV2851;Ishnapt Ocean;;;;;;;;;;;;;x
PROV2852;Ishnapt Ocean;;;;;;;;;;;;;x
PROV2853;Ishnapt Ocean;;;;;;;;;;;;;x
PROV2854;Ishnapt Ocean;;;;;;;;;;;;;x
PROV2855;Ishnapt Ocean;;;;;;;;;;;;;x
PROV2856;Ishnapt Ocean;;;;;;;;;;;;;x
PROV2857;Ishnapt Ocean;;;;;;;;;;;;;x
PROV2858;Ishnapt Ocean;;;;;;;;;;;;;x
PROV2859;Ishnapt Ocean;;;;;;;;;;;;;x
PROV2860;Ishnapt Ocean;;;;;;;;;;;;;x
PROV2861;Ishnapt Ocean;;;;;;;;;;;;;x
PROV2862;Ishnapt Ocean;;;;;;;;;;;;;x
PROV2863;Ishnapt Ocean;;;;;;;;;;;;;x
PROV2864;Ishnapt Ocean;;;;;;;;;;;;;x
PROV2865;Coast of Mae Island;;;;;;;;;;;;;x
PROV2866;Fazhgid Ocean;;;;;;;;;;;;;x
PROV2867;Fazhgid Ocean;;;;;;;;;;;;;x
PROV2868;Fazhgid Ocean;;;;;;;;;;;;;x
PROV2869;Ishnapt Ocean;;;;;;;;;;;;;x
PROV2870;Ishnapt Ocean;;;;;;;;;;;;;x
PROV2871;Fazhgid Ocean;;;;;;;;;;;;;x
PROV2872;Fazhgid Ocean;;;;;;;;;;;;;x
PROV2873;Fazhgid Ocean;;;;;;;;;;;;;x
PROV2874;Fazhgid Ocean;;;;;;;;;;;;;x
PROV2875;Fazhgid Ocean;;;;;;;;;;;;;x
PROV2876;Fazhgid Ocean;;;;;;;;;;;;;x
PROV2877;Fazhgid Ocean;;;;;;;;;;;;;x
PROV2878;Fazhgid Ocean;;;;;;;;;;;;;x
PROV2879;Fazhgid Ocean;;;;;;;;;;;;;x
PROV2880;Fazhgid Ocean;;;;;;;;;;;;;x
PROV2881;Fazhgid Ocean;;;;;;;;;;;;;x
PROV2882;Fazhgid Ocean;;;;;;;;;;;;;x
PROV2883;South Zhafkupo Sea;;;;;;;;;;;;;x
PROV2884;The Southern Tributary Islands;;;;;;;;;;;;;x
PROV2885;Izhow Seamount Chain;;;;;;;;;;;;;x
PROV2886;Fazhgid Ocean;;;;;;;;;;;;;x
PROV2887;Fazhgid Ocean;;;;;;;;;;;;;x
PROV2888;Fazhgid Ocean;;;;;;;;;;;;;x
PROV2889;Fazhgid Ocean;;;;;;;;;;;;;x
PROV2890;Fazhgid Ocean;;;;;;;;;;;;;x
PROV2891;Fazhgid Ocean;;;;;;;;;;;;;x
PROV2892;Praashab's Doom;;;;;;;;;;;;;x
PROV2893;Great Bhuspaubha Bay;;;;;;;;;;;;;x
PROV2894;Dhob's Hunting Grounds;;;;;;;;;;;;;x
PROV2895;Fazhgid Ocean;;;;;;;;;;;;;x
PROV2896;Fazhgid Ocean;;;;;;;;;;;;;x
PROV2897;Fazhgid Ocean;;;;;;;;;;;;;x
PROV2898;Fazhgid Ocean;;;;;;;;;;;;;x
PROV2899;Ishnapt Ocean;;;;;;;;;;;;;x
PROV2900;Ishnapt Ocean;;;;;;;;;;;;;x
PROV2901;Ishnapt Ocean;;;;;;;;;;;;;x
PROV2902;Ishnapt Ocean;;;;;;;;;;;;;x
PROV2903;Fazhgid Ocean;;;;;;;;;;;;;x
PROV2904;Ishnapt Ocean;;;;;;;;;;;;;x
PROV2905;Bay of Aèommuor;;;;;;;;;;;;;x
PROV2906;Bay of Nyeri;;;;;;;;;;;;;x
PROV2907;The Wretched Coast;;;;;;;;;;;;;x
PROV2908;The Windy Coast;;;;;;;;;;;;;x
PROV2909;Bay of Concord;;;;;;;;;;;;;x
PROV2910;Cape Bujh;;;;;;;;;;;;;x
PROV2911;Sea of Anyumb;;;;;;;;;;;;;x
PROV2912;Ishnapt Ocean;;;;;;;;;;;;;x
PROV2913;Ishnapt Ocean;;;;;;;;;;;;;x
PROV2914;Ishnapt Ocean;;;;;;;;;;;;;x
PROV2915;Ishnapt Ocean;;;;;;;;;;;;;x
PROV2916;Ishnapt Ocean;;;;;;;;;;;;;x
PROV2917;Ishnapt Ocean;;;;;;;;;;;;;x
PROV2918;Ishnapt Ocean;;;;;;;;;;;;;x
PROV2919;Ishnapt Ocean;;;;;;;;;;;;;x
PROV2920;Ishnapt Ocean;;;;;;;;;;;;;x
PROV2921;Ishnapt Ocean;;;;;;;;;;;;;x
PROV2922;Ishnapt Ocean;;;;;;;;;;;;;x
PROV2923;Ishnapt Ocean;;;;;;;;;;;;;x
PROV2924;Ishnapt Ocean;;;;;;;;;;;;;x
PROV2925;Ishnapt Ocean;;;;;;;;;;;;;x
PROV2926;Ishnapt Ocean;;;;;;;;;;;;;x
PROV2927;Ishnapt Ocean;;;;;;;;;;;;;x
PROV2928;Ishnapt Ocean;;;;;;;;;;;;;x
PROV2929;Ishnapt Ocean;;;;;;;;;;;;;x
PROV2930;Ishnapt Ocean;;;;;;;;;;;;;x
PROV2931;Ishnapt Ocean;;;;;;;;;;;;;x
PROV2932;Ishnapt Ocean;;;;;;;;;;;;;x
PROV2933;Ishnapt Ocean;;;;;;;;;;;;;x
PROV2934;Ishnapt Ocean;;;;;;;;;;;;;x
PROV2935;Ishnapt Ocean;;;;;;;;;;;;;x
PROV2936;Ishnapt Ocean;;;;;;;;;;;;;x
PROV2937;Ishnapt Ocean;;;;;;;;;;;;;x
PROV2938;Ishnapt Ocean;;;;;;;;;;;;;x
PROV2939;Ishnapt Ocean;;;;;;;;;;;;;x
PROV2940;Ishnapt Ocean;;;;;;;;;;;;;x
PROV2941;Ishnapt Ocean;;;;;;;;;;;;;x
PROV2942;Ishnapt Ocean;;;;;;;;;;;;;x
PROV2943;Ishnapt Ocean;;;;;;;;;;;;;x
PROV2944;Ishnapt Ocean;;;;;;;;;;;;;x
PROV2945;Ishnapt Ocean;;;;;;;;;;;;;x
PROV2946;Ishnapt Ocean;;;;;;;;;;;;;x
PROV2947;Ishnapt Ocean;;;;;;;;;;;;;x
PROV2948;Ishnapt Ocean;;;;;;;;;;;;;x
PROV2949;Ishnapt Ocean;;;;;;;;;;;;;x
PROV2950;Ishnapt Ocean;;;;;;;;;;;;;x
PROV2951;Ishnapt Ocean;;;;;;;;;;;;;x
PROV2952;Ishnapt Ocean;;;;;;;;;;;;;x
PROV2953;Ishnapt Ocean;;;;;;;;;;;;;x
PROV2954;Ishnapt Ocean;;;;;;;;;;;;;x
PROV2955;Ishnapt Ocean;;;;;;;;;;;;;x
PROV2956;Ishnapt Ocean;;;;;;;;;;;;;x
PROV2957;Ishnapt Ocean;;;;;;;;;;;;;x
PROV2958;Ishnapt Ocean;;;;;;;;;;;;;x
PROV2959;Ishnapt Ocean;;;;;;;;;;;;;x
PROV2960;Ishnapt Ocean;;;;;;;;;;;;;x
PROV2961;Ishnapt Ocean;;;;;;;;;;;;;x
PROV2962;Ishnapt Ocean;;;;;;;;;;;;;x
PROV2963;Ishnapt Ocean;;;;;;;;;;;;;x
PROV2964;Ishnapt Ocean;;;;;;;;;;;;;x
PROV2965;Ishnapt Ocean;;;;;;;;;;;;;x
PROV2966;Ishnapt Ocean;;;;;;;;;;;;;x
PROV2967;Ishnapt Ocean;;;;;;;;;;;;;x
PROV2968;Ishnapt Ocean;;;;;;;;;;;;;x
PROV2969;Paznapt Ocean;;;;;;;;;;;;;x
PROV2970;Paznapt Ocean;;;;;;;;;;;;;x
PROV2971;Paznapt Ocean;;;;;;;;;;;;;x
PROV2972;Paznapt Ocean;;;;;;;;;;;;;x
PROV2973;Paznapt Ocean;;;;;;;;;;;;;x
PROV2974;Paznapt Ocean;;;;;;;;;;;;;x
PROV2975;Paznapt Ocean;;;;;;;;;;;;;x
PROV2976;Paznapt Ocean;;;;;;;;;;;;;x
PROV2977;Paznapt Ocean;;;;;;;;;;;;;x
PROV2978;Great Eastern Rise;;;;;;;;;;;;;x
PROV2979;Châzdan Barriers;;;;;;;;;;;;;x
PROV2980;Paznapt Ocean;;;;;;;;;;;;;x
PROV2981;Paznapt Ocean;;;;;;;;;;;;;x
PROV2982;Paznapt Ocean;;;;;;;;;;;;;x
PROV2983;Paznapt Ocean;;;;;;;;;;;;;x
PROV2984;Paznapt Ocean;;;;;;;;;;;;;x
PROV2985;Paznapt Ocean;;;;;;;;;;;;;x
PROV2986;Paznapt Ocean;;;;;;;;;;;;;x
PROV2987;North Zhibomgid Sea;;;;;;;;;;;;;x
PROV2988;The Vausho Ridge;;;;;;;;;;;;;x
PROV2989;Paznapt Ocean;;;;;;;;;;;;;x
PROV2990;Paznapt Ocean;;;;;;;;;;;;;x
PROV2991;Paznapt Ocean;;;;;;;;;;;;;x
PROV2992;Paznapt Ocean;;;;;;;;;;;;;x
PROV2993;Paznapt Ocean;;;;;;;;;;;;;x
PROV2994;Paznapt Ocean;;;;;;;;;;;;;x
PROV2995;Paznapt Ocean;;;;;;;;;;;;;x
PROV2996;Paznapt Ocean;;;;;;;;;;;;;x
PROV2997;Paznapt Ocean;;;;;;;;;;;;;x
PROV2998;Paznapt Ocean;;;;;;;;;;;;;x
PROV2999;Paznapt Ocean;;;;;;;;;;;;;x
PROV3000;Paznapt Ocean;;;;;;;;;;;;;x
PROV3001;Paznapt Ocean;;;;;;;;;;;;;x
PROV3002;Paznapt Ocean;;;;;;;;;;;;;x
PROV3003;Bazta Drift;;;;;;;;;;;;;x
PROV3004;Paznapt Ocean;;;;;;;;;;;;;x
PROV3005;Paznapt Ocean;;;;;;;;;;;;;x
PROV3006;Paznapt Ocean;;;;;;;;;;;;;x
PROV3007;Paznapt Dandelions;;;;;;;;;;;;;x
PROV3008;Paznapt Ocean;;;;;;;;;;;;;x
PROV3009;Paznapt Ocean;;;;;;;;;;;;;x
PROV3010;Paznapt Ocean;;;;;;;;;;;;;x
PROV3011;Paznapt Ocean;;;;;;;;;;;;;x
PROV3012;Paznapt Ocean;;;;;;;;;;;;;x
PROV3013;Paznapt Ocean;;;;;;;;;;;;;x
PROV3014;Paznapt Ocean;;;;;;;;;;;;;x
PROV3015;Paznapt Ocean;;;;;;;;;;;;;x
PROV3016;Paznapt Ocean;;;;;;;;;;;;;x
PROV3017;Paznapt Ocean;;;;;;;;;;;;;x
PROV3018;Paznapt Ocean;;;;;;;;;;;;;x
PROV3019;Paznapt Ocean;;;;;;;;;;;;;x
PROV3020;Paznapt Ocean;;;;;;;;;;;;;x
PROV3021;Paznapt Ocean;;;;;;;;;;;;;x
PROV3022;Paznapt Ocean;;;;;;;;;;;;;x
PROV3023;Paznapt Ocean;;;;;;;;;;;;;x
PROV3024;Paznapt Ocean;;;;;;;;;;;;;x
PROV3025;Paznapt Ocean;;;;;;;;;;;;;x
PROV3026;Paznapt Ocean;;;;;;;;;;;;;x
PROV3027;Paznapt Ocean;;;;;;;;;;;;;x
PROV3028;Paznapt Ocean;;;;;;;;;;;;;x
PROV3029;Paznapt Ocean;;;;;;;;;;;;;x
PROV3030;Paznapt Ocean;;;;;;;;;;;;;x
PROV3031;Paznapt Ocean;;;;;;;;;;;;;x
PROV3032;Paznapt Ocean;;;;;;;;;;;;;x
PROV3033;Paznapt Ocean;;;;;;;;;;;;;x
PROV3034;Paznapt Ocean;;;;;;;;;;;;;x ######INLAND LAKES BELOW#############
PROV3035;Chyoohim;;;;;;;;;;;;;x
PROV3036;Chyufov;;;;;;;;;;;;;x
PROV3037;Bobu;;;;;;;;;;;;;x
PROV3038;Echk;;;;;;;;;;;;;x
PROV3039;Gonyi;;;;;;;;;;;;;x
PROV3040;Geshe;;;;;;;;;;;;;x
PROV3041;Doubidt;;;;;;;;;;;;;x
PROV3042;Gaaggis;;;;;;;;;;;;;x ##### MORE OCEAN TILES BELOW
PROV3043;Mariner's Mistake;;;;;;;;;;;;;x
PROV3044;Warding Cape;;;;;;;;;;;;;x
PROV3045;Flotsam Coast;;;;;;;;;;;;;x
PROV3046;Little Heir Bay;;;;;;;;;;;;;x
PROV3047;Bay of Gales;;;;;;;;;;;;;x
PROV3048;Terrible Bight;;;;;;;;;;;;;x
PROV3049;The Vai Coast;;;;;;;;;;;;;x
PROV3050;Cape Ibazoj;;;;;;;;;;;;;x
PROV3051;Timber Bay;;;;;;;;;;;;;x
PROV3052;Coast of Njuttô;;;;;;;;;;;;;x
PROV3053;The Diftless Waters;;;;;;;;;;;;;x 
PROV3054;Ishnapt Ocean;;;;;;;;;;;;;x ####### REGIONS/STATES BELOW ########
REG_1;Pudwouvas Delta;;;;;;;;;;;;;x
REG_2;Shoummid;;;;;;;;;;;;;x
REG_3;Diwvish Isles;;;;;;;;;;;;;x
REG_4;Drid;;;;;;;;;;;;;x
REG_5;Vopud;;;;;;;;;;;;;x
REG_6;Ibu;;;;;;;;;;;;;x
REG_7;Ouruumra;;;;;;;;;;;;;x
REG_8;Pangoukam;;;;;;;;;;;;;x
REG_9;Pabupti;;;;;;;;;;;;;x
REG_10;Prakuunt;;;;;;;;;;;;;x
REG_11;Wruuba;;;;;;;;;;;;;x
REG_12;Hwoump;;;;;;;;;;;;;x
REG_13;Wudrou;;;;;;;;;;;;;x
REG_14;Kogumuuvu Range;;;;;;;;;;;;;x
REG_15;Niipt;;;;;;;;;;;;;x
REG_16;Pikid;;;;;;;;;;;;;x
REG_17;Dhuknâg;;;;;;;;;;;;;x
REG_18;Doub;;;;;;;;;;;;;x
REG_19;Meuswun;;;;;;;;;;;;;x
REG_20;Weuzoth;;;;;;;;;;;;;x
REG_21;Ruteuz;;;;;;;;;;;;;x
REG_22;Worutho;;;;;;;;;;;;;x
REG_23;Roteupto;;;;;;;;;;;;;x
REG_24;Ravechy;;;;;;;;;;;;;x
REG_25;Deuug;;;;;;;;;;;;;x
REG_26;Thosúb;;;;;;;;;;;;;x
REG_27;Mushim;;;;;;;;;;;;;x
REG_28;Kumo;;;;;;;;;;;;;x
REG_29;Bobeyi;;;;;;;;;;;;;x
REG_30;Uguchy;;;;;;;;;;;;;x
REG_31;Sohith;;;;;;;;;;;;;x
REG_32;Gogoo;;;;;;;;;;;;;x
REG_33;Vothayat;;;;;;;;;;;;;x
REG_34;Sog;;;;;;;;;;;;;x
REG_35;Tebith;;;;;;;;;;;;;x
REG_36;Soofúb;;;;;;;;;;;;;x
REG_37;Hichyoosuv;;;;;;;;;;;;;x
REG_38;Vethuchyub;;;;;;;;;;;;;x
REG_39;Masogu;;;;;;;;;;;;;x
REG_40;Thohúat;;;;;;;;;;;;;x
REG_41;Hoob;;;;;;;;;;;;;x
REG_42;Bochyet;;;;;;;;;;;;;x
REG_43;Sesooga;;;;;;;;;;;;;x
REG_44;Guth-Gabob;;;;;;;;;;;;;x
REG_45;Qir;;;;;;;;;;;;;x
REG_46;Ghechamy;;;;;;;;;;;;;x
REG_47;Dhazâ;;;;;;;;;;;;;x
REG_48;Doddau;;;;;;;;;;;;;x
REG_49;Ginauzhno;;;;;;;;;;;;;x
REG_50;Fushdziish;;;;;;;;;;;;;x
REG_51;Paknâg;;;;;;;;;;;;;x
REG_52;Fadofk;;;;;;;;;;;;;x
REG_53;Faudmhâ;;;;;;;;;;;;;x
REG_54;Shubt;;;;;;;;;;;;;x
REG_55;Jiishzo;;;;;;;;;;;;;x
REG_56;Maufo;;;;;;;;;;;;;x
REG_57;Châpt;;;;;;;;;;;;;x
REG_58;Najii;;;;;;;;;;;;;x
REG_59;Joduzd;;;;;;;;;;;;;x
REG_60;Gadiid;;;;;;;;;;;;;x
REG_61;Vonjar;;;;;;;;;;;;;x
REG_62;Dashwü;;;;;;;;;;;;;x
REG_63;Yüwja;;;;;;;;;;;;;x
REG_64;Twobyub;;;;;;;;;;;;;x
REG_65;Burning Coast;;;;;;;;;;;;;x
REG_66;Iny¾twi;;;;;;;;;;;;;x
REG_67;Vinügh¾;;;;;;;;;;;;;x
REG_68;Voppüg;;;;;;;;;;;;;x
REG_69;Zh¾vo;;;;;;;;;;;;;x
REG_70;Ubna;;;;;;;;;;;;;x
REG_71;Junwa;;;;;;;;;;;;;x
REG_72;Zhüyi;;;;;;;;;;;;;x
REG_73;Dhauz;;;;;;;;;;;;;x
REG_74;Phonwo;;;;;;;;;;;;;x
REG_75;Nadâziig;;;;;;;;;;;;;x
REG_76;Azhpt;;;;;;;;;;;;;x
REG_77;Shaudma;;;;;;;;;;;;;x
REG_78;Vâddiibauz;;;;;;;;;;;;;x
REG_79;Gudhiig;;;;;;;;;;;;;x
REG_80;Vidshau;;;;;;;;;;;;;x
REG_81;Nukftâ;;;;;;;;;;;;;x
REG_82;Chamaufiizh;;;;;;;;;;;;;x
REG_83;Ushdzo;;;;;;;;;;;;;x
REG_84;Dhiizhi;;;;;;;;;;;;;x
REG_85;Joshdzâ;;;;;;;;;;;;;x
REG_86;Dham¼bu;;;;;;;;;;;;;x
REG_87;Voshkt;;;;;;;;;;;;;x
REG_88;Biidomo;;;;;;;;;;;;;x
REG_89;Chaddât;;;;;;;;;;;;;x
REG_90;Madmhaut Coast;;;;;;;;;;;;;x
REG_91;Zhakgizob;;;;;;;;;;;;;x
REG_92;Fafshmi;;;;;;;;;;;;;x
REG_93;Kozhdo;;;;;;;;;;;;;x
REG_94;Hishua;;;;;;;;;;;;;x
REG_95;Bayasheg;;;;;;;;;;;;;x
REG_96;Kuabtashug;;;;;;;;;;;;;x
REG_97;Zhunâft;;;;;;;;;;;;;x
REG_98;Kuishaw;;;;;;;;;;;;;x
REG_99;Khâzhpt;;;;;;;;;;;;;x
REG_100;Nobhau;;;;;;;;;;;;;x
REG_101;Boshiddo;;;;;;;;;;;;;x
REG_102;Jabhik;;;;;;;;;;;;;x
REG_103;Zatgizob;;;;;;;;;;;;;x
REG_104;Shiivok;;;;;;;;;;;;;x
REG_105;Great Ishagizob;;;;;;;;;;;;;x
REG_106;Pâkd;;;;;;;;;;;;;x
REG_107;Pâshdzak;;;;;;;;;;;;;x
REG_108;Vodmhuimak;;;;;;;;;;;;;x
REG_109;Nibâdsho;;;;;;;;;;;;;x
REG_110;Miishu;;;;;;;;;;;;;x
REG_111;Fomâz;;;;;;;;;;;;;x
REG_112;Vobii;;;;;;;;;;;;;x
REG_113;Muftiik;;;;;;;;;;;;;x
REG_114;Zhaushi;;;;;;;;;;;;;x
REG_115;Gizhpt;;;;;;;;;;;;;x
REG_116;Fâshftu;;;;;;;;;;;;;x
REG_117;Mushiig;;;;;;;;;;;;;x
REG_118;Lower Vodt;;;;;;;;;;;;;x
REG_119;Upper Vodt;;;;;;;;;;;;;x
REG_120;Modash;;;;;;;;;;;;;x
REG_121;Dhamapaha;;;;;;;;;;;;;x
REG_122;Tùhi;;;;;;;;;;;;;x
REG_123;Sphedet;;;;;;;;;;;;;x
REG_124;Spuìth;;;;;;;;;;;;;x
REG_125;Pidudet;;;;;;;;;;;;;x
REG_126;Dhugheth;;;;;;;;;;;;;x
REG_127;Pieme;;;;;;;;;;;;;x
REG_128;Geswoup;;;;;;;;;;;;;x
REG_129;Miegtas;;;;;;;;;;;;;x
REG_130;Yamepz;;;;;;;;;;;;;x
REG_131;Ojap;;;;;;;;;;;;;x
REG_132;Moswat;;;;;;;;;;;;;x
REG_133;Awhas;;;;;;;;;;;;;x
REG_134;Maswopz;;;;;;;;;;;;;x
REG_135;Pokam;;;;;;;;;;;;;x
REG_136;Gaujo;;;;;;;;;;;;;x
REG_137;Souswaum;;;;;;;;;;;;;x
REG_138;Miegjas;;;;;;;;;;;;;x
REG_139;Kekui;;;;;;;;;;;;;x
REG_140;Duachyheg;;;;;;;;;;;;;x
REG_141;Fuokuge;;;;;;;;;;;;;x
REG_142;Tuikuog;;;;;;;;;;;;;x
REG_143;Dibab;;;;;;;;;;;;;x
REG_144;Ome;;;;;;;;;;;;;x
REG_145;Kuchyhum;;;;;;;;;;;;;x
REG_146;Dâttuttâ;;;;;;;;;;;;;x
REG_147;Vuttu;;;;;;;;;;;;;x
REG_148;Pannujâ;;;;;;;;;;;;;x
REG_149;Juubu;;;;;;;;;;;;;x
REG_150;Yuboth;;;;;;;;;;;;;x
REG_151;Buduhu;;;;;;;;;;;;;x
REG_152;Vûdekh;;;;;;;;;;;;;x
REG_153;Nuo;;;;;;;;;;;;;x
REG_154;Ujoth;;;;;;;;;;;;;x
REG_155;Yannâkh;;;;;;;;;;;;;x
REG_156;Jâdôgh;;;;;;;;;;;;;x
REG_157;Pudannâ;;;;;;;;;;;;;x
REG_158;Heder;;;;;;;;;;;;;x
REG_159;Dhihedu;;;;;;;;;;;;;x
REG_160;Yau Desert;;;;;;;;;;;;;x
REG_161;Jabûhegh;;;;;;;;;;;;;x
REG_162;Vôpht;;;;;;;;;;;;;x
REG_163;Puttûgh Valley;;;;;;;;;;;;;x
REG_164;Tùhmeth;;;;;;;;;;;;;x
REG_165;Sihnthuhd;;;;;;;;;;;;;x
REG_166;Pohme;;;;;;;;;;;;;x
REG_167;Udet;;;;;;;;;;;;;x
REG_168;Pithùt;;;;;;;;;;;;;x
REG_169;Pajau;;;;;;;;;;;;;x
REG_170;Tiezzau;;;;;;;;;;;;;x
REG_171;Yauje Valley;;;;;;;;;;;;;x
REG_172;Zemaukhh;;;;;;;;;;;;;x
REG_173;Moumau;;;;;;;;;;;;;x
REG_174;Auouy;;;;;;;;;;;;;x
REG_175;Pagaundz;;;;;;;;;;;;;x
REG_176;Sauswo;;;;;;;;;;;;;x
REG_177;Bogow;;;;;;;;;;;;;x
REG_178;Ajandz;;;;;;;;;;;;;x
REG_179;Emie;;;;;;;;;;;;;x
REG_180;Yieswamau;;;;;;;;;;;;;x
REG_181;Yamiekhhz;;;;;;;;;;;;;x
REG_182;Youmogie;;;;;;;;;;;;;x
REG_183;Shamniiz;;;;;;;;;;;;;x
REG_184;Kovan Isles;;;;;;;;;;;;;x #Xouvan Isles
REG_185;Biaxu;;;;;;;;;;;;;x
REG_186;Vetar;;;;;;;;;;;;;x
REG_187;Texem;;;;;;;;;;;;;x
REG_188;Tikof;;;;;;;;;;;;;x
REG_189;Uxamiar;;;;;;;;;;;;;x
REG_190;Nexabo;;;;;;;;;;;;;x
REG_191;Bhibaunghir;;;;;;;;;;;;;x
REG_192;Ajirr;;;;;;;;;;;;;x
REG_193;Mhivoundho;;;;;;;;;;;;;x
REG_194;Xaetan;;;;;;;;;;;;;x
REG_195;West Bauxae Desert;;;;;;;;;;;;;x
REG_196;East Bauxae Desert;;;;;;;;;;;;;x
REG_197;Vavun;;;;;;;;;;;;;x
REG_198;Rokem;;;;;;;;;;;;;x
REG_199;Baetava;;;;;;;;;;;;;x
REG_200;Kokef;;;;;;;;;;;;;x
REG_201;Gemodh;;;;;;;;;;;;;x
REG_202;Mutu;;;;;;;;;;;;;x
REG_203;Tenge;;;;;;;;;;;;;x
REG_204;Sonor;;;;;;;;;;;;;x
REG_205;Qume;;;;;;;;;;;;;x
REG_206;Hikweb;;;;;;;;;;;;;x
REG_207;Quruxwow;;;;;;;;;;;;;x
REG_208;Niksi;;;;;;;;;;;;;x
REG_209;Ketungi;;;;;;;;;;;;;x
REG_210;Oju;;;;;;;;;;;;;x
REG_211;Aesi;;;;;;;;;;;;;x
REG_212;Z¾wuzhrou;;;;;;;;;;;;;x
REG_213;Naji;;;;;;;;;;;;;x
REG_214;Kwån;;;;;;;;;;;;;x
REG_215;Nuwyu;;;;;;;;;;;;;x
REG_216;Krouky;;;;;;;;;;;;;x
REG_217;Izhow Islands;;;;;;;;;;;;;x
REG_218;Bhuspaubhan Islands;;;;;;;;;;;;;x
REG_219;Våzhri;;;;;;;;;;;;;x
REG_220;Ifokh;;;;;;;;;;;;;x
REG_221;Foug;;;;;;;;;;;;;x
REG_222;Giny;;;;;;;;;;;;;x
REG_223;Wrikyin;;;;;;;;;;;;;x
REG_224;Wrouk-Yray;;;;;;;;;;;;;x
REG_225;Bimher;;;;;;;;;;;;;x
REG_226;Ragor;;;;;;;;;;;;;x
REG_227;Huivoiug;;;;;;;;;;;;;x
REG_228;Nhenghe;;;;;;;;;;;;;x
REG_229;Choiur;;;;;;;;;;;;;x
REG_230;Ghabho;;;;;;;;;;;;;x
REG_231;Bhuijhekhaug;;;;;;;;;;;;;x
REG_232;Monghe;;;;;;;;;;;;;x
REG_233;Oiubah;;;;;;;;;;;;;x
REG_234;Viowuti;;;;;;;;;;;;;x
REG_235;Roiukhah;;;;;;;;;;;;;x
REG_236;Uikhoiund;;;;;;;;;;;;;x
REG_237;Rhechi;;;;;;;;;;;;;x
REG_238;Mhangheh;;;;;;;;;;;;;x
REG_239;Naujakh;;;;;;;;;;;;;x
REG_240;Troun;;;;;;;;;;;;;x
REG_241;Doursou;;;;;;;;;;;;;x
REG_242;Gussana;;;;;;;;;;;;;x
REG_243;Rafaku;;;;;;;;;;;;;x
REG_244;Poursi;;;;;;;;;;;;;x
REG_245;Piro;;;;;;;;;;;;;x
REG_246;Imog;;;;;;;;;;;;;x
REG_247;Stoso;;;;;;;;;;;;;x
REG_248;Kour;;;;;;;;;;;;;x
REG_249;Geubaqion;;;;;;;;;;;;;x
REG_250;Genbeu;;;;;;;;;;;;;x
REG_251;Ftino;;;;;;;;;;;;;x
REG_252;Tmaif;;;;;;;;;;;;;x
REG_253;Gogion;;;;;;;;;;;;;x
REG_254;Stouga;;;;;;;;;;;;;x
REG_255;Gian;;;;;;;;;;;;;x
REG_256;Gokesa;;;;;;;;;;;;;x
REG_257;Oug-Tiatu;;;;;;;;;;;;;x
REG_258;Toufu;;;;;;;;;;;;;x
REG_259;Thukagaioks;;;;;;;;;;;;;x
REG_260;Aèommuor;;;;;;;;;;;;;x
REG_261;Mofuamd;;;;;;;;;;;;;x
REG_262;Mejum;;;;;;;;;;;;;x
REG_263;Bomhèmb;;;;;;;;;;;;;x
REG_264;Uomd;;;;;;;;;;;;;x
REG_265;Ammua;;;;;;;;;;;;;x
REG_266;Bmubhèbhi;;;;;;;;;;;;;x
REG_267;North Zhibomgid Islands;;;;;;;;;;;;;x
REG_268;Ghubvák;;;;;;;;;;;;;x
REG_269;Gágreh;;;;;;;;;;;;;x
REG_270;Tezpopak;;;;;;;;;;;;;x
REG_271;Szis;;;;;;;;;;;;;x
REG_272;Bábokah;;;;;;;;;;;;;x
REG_273;Geságú;;;;;;;;;;;;;x
REG_274;Túso;;;;;;;;;;;;;x
REG_275;Dnomá;;;;;;;;;;;;;x
REG_276;Biztut;;;;;;;;;;;;;x
REG_277;Dnur;;;;;;;;;;;;;x
REG_278;Ghan;;;;;;;;;;;;;x
REG_279;Pekák;;;;;;;;;;;;;x
REG_280;Bejá;;;;;;;;;;;;;x
REG_281;Jochyskog;;;;;;;;;;;;;x
REG_282;Fujhuk;;;;;;;;;;;;;x
REG_283;Nami;;;;;;;;;;;;;x
REG_284;Ámat;;;;;;;;;;;;;x
REG_285;Bikuzih;;;;;;;;;;;;;x
REG_286;Fonepipo;;;;;;;;;;;;;x
REG_287;Vai Coast;;;;;;;;;;;;;x
REG_288;Szikys;;;;;;;;;;;;;x
REG_289;West Paznapt Islands;;;;;;;;;;;;;x
REG_290;Bhacho;;;;;;;;;;;;;x
REG_291;Theaz;;;;;;;;;;;;;x
REG_292;Wruozh;;;;;;;;;;;;;x
REG_293;Thradz;;;;;;;;;;;;;x
REG_294;Ouseach;;;;;;;;;;;;;x
REG_295;Ruasi;;;;;;;;;;;;;x
REG_296;Thrua;;;;;;;;;;;;;x
REG_297;Vesh;;;;;;;;;;;;;x
REG_298;Frijdou;;;;;;;;;;;;;x
REG_299;Dhoveak;;;;;;;;;;;;;x
REG_300;Miem;;;;;;;;;;;;;x
REG_301;Washech;;;;;;;;;;;;;x
REG_302;Kan;;;;;;;;;;;;;x
REG_303;Touhwa;;;;;;;;;;;;;x
REG_304;Y'dakkij;;;;;;;;;;;;;x
REG_305;Dhuot;;;;;;;;;;;;;x
REG_306;Zhaug;;;;;;;;;;;;;x
REG_307;Frua;;;;;;;;;;;;;x
REG_308;Vouv;;;;;;;;;;;;;x
REG_309;Hgepaenu;;;;;;;;;;;;;x
REG_310;Khrait;;;;;;;;;;;;;x
REG_311;Dou'tai;;;;;;;;;;;;;x
REG_312;K'our;;;;;;;;;;;;;x
REG_313;Yo'nan;;;;;;;;;;;;;x
REG_314;Resk'an;;;;;;;;;;;;;x
REG_315;Maes;;;;;;;;;;;;;x
REG_316;Nigedh;;;;;;;;;;;;;x
REG_317;Ugae;;;;;;;;;;;;;x
REG_318;Timmiha;;;;;;;;;;;;;x
REG_319;Ienob;;;;;;;;;;;;;x
REG_320;Anu;;;;;;;;;;;;;x
REG_321;Boboe;;;;;;;;;;;;;x
REG_322;Api;;;;;;;;;;;;;x
REG_323;Mnözö;;;;;;;;;;;;;x
REG_324;K'aisz;;;;;;;;;;;;;x
REG_325;Bozzonazh;;;;;;;;;;;;;x
REG_326;Uazh;;;;;;;;;;;;;x
REG_327;Cheazhuok;;;;;;;;;;;;;x
REG_328;Bunn;;;;;;;;;;;;;x
REG_329;Kouneg;;;;;;;;;;;;;x
REG_330;Nasha;;;;;;;;;;;;;x
REG_331;Vyunt;;;;;;;;;;;;;x
REG_332;D'oj'uss;;;;;;;;;;;;;x
REG_333;Koss;;;;;;;;;;;;;x
REG_334;Seki;;;;;;;;;;;;;x
REG_335;Enont;;;;;;;;;;;;;x
REG_336;Nggen;;;;;;;;;;;;;x
REG_337;Keze;;;;;;;;;;;;;x
REG_338;B'eka;;;;;;;;;;;;;x
REG_339;Chent;;;;;;;;;;;;;x
REG_340;Mzishu;;;;;;;;;;;;;x
REG_341;Prirdhor;;;;;;;;;;;;;x
REG_342;Njasy;;;;;;;;;;;;;x
REG_343;Wethiw;;;;;;;;;;;;;x
REG_344;Rurch;;;;;;;;;;;;;x
REG_345;J'urhunt;;;;;;;;;;;;;x
REG_346;Wonu;;;;;;;;;;;;;x
REG_347;Quad'em;;;;;;;;;;;;;x
REG_348;Nikwiss;;;;;;;;;;;;;x
REG_349;B'wutty;;;;;;;;;;;;;x
REG_350;J'embar;;;;;;;;;;;;;x
REG_351;Kwun;;;;;;;;;;;;;x
REG_352;Thofsan;;;;;;;;;;;;;x
REG_353;Wute;;;;;;;;;;;;;x
REG_354;Doghi;;;;;;;;;;;;;x
REG_355;Righi;;;;;;;;;;;;;x
REG_356;D'jouht;;;;;;;;;;;;;x
REG_357;Doun;;;;;;;;;;;;;x
REG_358;M'hof;;;;;;;;;;;;;x
REG_359;M'houifoui;;;;;;;;;;;;;x
REG_360;Chodzib;;;;;;;;;;;;;x
REG_361;Nudzö;;;;;;;;;;;;;x
REG_362;Eëmi;;;;;;;;;;;;;x
REG_363;Qödb;;;;;;;;;;;;;x
REG_364;Shoaro;;;;;;;;;;;;;x
REG_365;Ubhreshb;;;;;;;;;;;;;x
REG_366;Rorzoöd;;;;;;;;;;;;;x
REG_367;Ramin;;;;;;;;;;;;;x
REG_368;Touigo;;;;;;;;;;;;;x
REG_369;T'hundou'ou;;;;;;;;;;;;;x
REG_370;Kushdâg;;;;;;;;;;;;;x
REG_371;Nopau;;;;;;;;;;;;;x
REG_372;Moht;;;;;;;;;;;;;x
REG_373;M'heht;;;;;;;;;;;;;x
REG_374;Kaatyakhu;;;;;;;;;;;;;x
REG_375;Gyatya;;;;;;;;;;;;;x
REG_376;Gyavrsie;;;;;;;;;;;;;x
REG_377;Gyriva;;;;;;;;;;;;;x
REG_378;Ryiesie;;;;;;;;;;;;;x
REG_379;Rugg;;;;;;;;;;;;;x
REG_380;Kyrurk;;;;;;;;;;;;;x
REG_381;Hyrakyie;;;;;;;;;;;;;x
REG_382;Mnöb;;;;;;;;;;;;;x
REG_383;Noödz;;;;;;;;;;;;;x
REG_384;Zhirshei;;;;;;;;;;;;;x
REG_385;Zönëz;;;;;;;;;;;;;x
REG_386;Ashdzo;;;;;;;;;;;;;x
REG_387;Pum;;;;;;;;;;;;;x
REG_388;Pözojë;;;;;;;;;;;;;x
REG_389;Möra;;;;;;;;;;;;;x
REG_390;Pöb;;;;;;;;;;;;;x
REG_391;Rarq;;;;;;;;;;;;;x
REG_392;Tsåtae;;;;;;;;;;;;;x
REG_393;Gobör;;;;;;;;;;;;;x
REG_394;Tnaeng;;;;;;;;;;;;;x
REG_395;Reusu;;;;;;;;;;;;;x
REG_396;Kåkhad;;;;;;;;;;;;;x
REG_397;Tavaf;;;;;;;;;;;;;x
REG_398;Dakhste;;;;;;;;;;;;;x
REG_399;Hafad;;;;;;;;;;;;;x
REG_400;Tnets;;;;;;;;;;;;;x
REG_401;Azid;;;;;;;;;;;;;x
REG_402;Dzeënpaz;;;;;;;;;;;;;x
REG_403;Favufe;;;;;;;;;;;;;x
REG_404;Haet;;;;;;;;;;;;;x
REG_405;Gies;;;;;;;;;;;;;x
REG_406;Dzub;;;;;;;;;;;;;x
REG_407;Muna;;;;;;;;;;;;;x
REG_408;Boshbish;;;;;;;;;;;;;x
REG_409;Rumnidb;;;;;;;;;;;;;x
REG_410;Zushörm;;;;;;;;;;;;;x
REG_411;Mër;;;;;;;;;;;;;x
REG_412;Dzëshorm;;;;;;;;;;;;;x
REG_413;Domnup;;;;;;;;;;;;;x
REG_414;Uenoe;;;;;;;;;;;;;x
REG_415;Nise;;;;;;;;;;;;;x
REG_416;Hgoefa;;;;;;;;;;;;;x
REG_417;Bini;;;;;;;;;;;;;x
REG_418;Egot;;;;;;;;;;;;;x
REG_419;Hudh;;;;;;;;;;;;;x
REG_420;Vivkied;;;;;;;;;;;;;x
REG_421;Mhm'ags'amm'a;;;;;;;;;;;;;x
REG_422;Ptj'ath'afchf'a;;;;;;;;;;;;;x
REG_423;Tt'aggch'afchf'a;;;;;;;;;;;;;x
REG_424;Dfj'aggch'appht;;;;;;;;;;;;;x
REG_425;Jaj'asks'anm;;;;;;;;;;;;;x
REG_426;Tr'aggch'arz;;;;;;;;;;;;;x
REG_427;J'abb'abb;;;;;;;;;;;;;x
REG_428;Wh'atpj'apj'a;;;;;;;;;;;;;x
REG_429;Mfj'aggch'az;;;;;;;;;;;;;x
REG_430;Th'asks'atg;;;;;;;;;;;;;x
REG_431;Uujji;;;;;;;;;;;;;x
REG_432;Qaisaq;;;;;;;;;;;;;x
REG_433;Patakqi;;;;;;;;;;;;;x
REG_434;Qiktas;;;;;;;;;;;;;x
REG_435;Kuraav;;;;;;;;;;;;;x
REG_436;Giin;;;;;;;;;;;;;x
REG_437;Vudu;;;;;;;;;;;;;x
REG_438;Mirpaa;;;;;;;;;;;;;x
REG_439;Maag;;;;;;;;;;;;;x
REG_440;Qussiv;;;;;;;;;;;;;x
REG_441;Fres;;;;;;;;;;;;;x
REG_442;Zaguyt;;;;;;;;;;;;;x
REG_443;Chet Island;;;;;;;;;;;;;x
REG_444;Wh'a'apj'a;;;;;;;;;;;;;x
REG_445;Fid Atoll;;;;;;;;;;;;;x
REG_446;Khosopd;;;;;;;;;;;;;x
REG_447;Shau Zhakd;;;;;;;;;;;;;x
REG_448;Kahem Island;;;;;;;;;;;;;x
Key;English;French;German;Polish;Spanish;Italian;Swedish;Czech;Hungarian;Dutch;Portuguese;Russian;Finnish;
EVTNAME50000;The New Reactionary Regime;;;;;;;;;;;;;
EVTDESC50000;The recent successful military action by reactionary cadres has caused the total overthrow of our nation’s government. Revolutionary guards organized by radicalized noblemen and clerical dissenters seized the major arteries of government in $CAPITAL$, causing most of the remaining legitimate government to flee or resign. The capital remains in a somber mood after the closure of frantic violence in the streets. Citing causes of tradition, legitimacy, the ancestral faith, and the divinely ordained order, they have rolled back political and social privileges dramatically. The parliament has been suspended, and rapidly a number of edicts restoring the old nobility and church to positions have been promulgated. This will be sure to cause domestic unrest, as well as has destabilized our position abroad as local governments attempt to regularize relations with the new regime. It remains to be seen how this will affect the development of our country long term. ;;;;;;;;;;;;;
EVT50000OPTA;Reaction is the order of the day, it seems.;;;;;;;;;;;;;
EVTNAME50001;The New Theocratist Regime;;;;;;;;;;;;;
EVTDESC50001;The recent successful seizure of power by the theocratist paramilitary faction in $CAPITAL$ has affected a radical transformation of our state. After the brutal capture of the city, the theocratists forced a mass resignation of most officials, and performed a couple of particularly brutal religious killings of a number of non-compliant social activists and former governmental elites. They have rapidly set up a parallel bureaucracy as an outgrowth of their paramilitary faction’s political secretariat, and have quickly and violently enforced Theocratic control over much of the rest of the country though local gauleiter and collaborating clergy. Ultimately state power now rests in theory within the national theocratist synod, the collection of life-term clerics and internally elected party functionaries that head the political and military direction of the theocratist party. ;;;;;;;;;;;;;
EVT50001OPTA;I’ll see you at worship, then, fonctionnaire…;;;;;;;;;;;;;
EVTNAME50002;The New Free-Yoker Regime;;;;;;;;;;;;;
EVTDESC50002;The recent seizure of $CAPITAL$ by radical bands of 'Free-Yokers' has dramatically transformed the political constitution of our country. In their iconoclastic crusade against all symbols of privilege, aristocracy, and clericalism, they have routed the last government supporters that continued to fight and hung those which they could capture. Proclaiming the rights of the citizen-farmer and the “unfettered national spirit”, they have established a radical directorate committee to direct the “preservation of the national corps”, which has assumed most governmental powers for the time being. The central government in the meantime has passed a number of radical edicts, guaranteeing the privileges of the yeoman farmer as well as the rural laborer and the urban menu peuple, establishing labor regulation boards, grain distribution laws, encouraging anti-competitive and protective economic policies, and abolishing aristocratic privilege.;;;;;;;;;;;;;
EVT50002OPTA;Hurrah for the popular will, I say!;;;;;;;;;;;;;
EVTNAME50003;The New Absolutist Regime;;;;;;;;;;;;;
EVTDESC50003;The recent capture of our seat of government by the so-called $COUNTRY_ADJ$ Absolutist Army Faction has ushered in an age of new and shockingly different governments. Proclaiming the ‘age of the state’ begun, in the central square of $CAPITAL$, now rechristened ‘State Square’, the reconstruction of society began with the total abolition of identities beyond ‘citizen’, and it is clear that paramount leadership seems to lie in the bureaucratic secretariat or the military-political commissariate. Most state offices have either been awarded by appointment by the party leadership, or have been abolished and reshaped. Much private land has been seized as “wastage” for alternative usage, and a number of “inefficiencies, abuses, and crimes” have been abolished. It seems that in the foreseeable future our country will be under the strict and punctual leadership of a swarm of party functionaries, teachers, shop-floor managers and agricultural overseers.;;;;;;;;;;;;;
EVT50003OPTA;Why, good chap, I believe that’s quorum!;;;;;;;;;;;;;
EVTNAME50004;The Age of the State;;;;;;;;;;;;;
EVTDESC50004;Recently, a certain group of new political theorists in $COUNTRY$, stimulated, they say, by a reflection upon the perennial disorders of war, industrial recession, famine, inefficiency, have diagnosed the source of society's ills as not one of inequality or political radicalism, but one of 'anarchy'. Growing out of social liberationist speculation, they have arrived at the conclusion that despite the correct impulses of liberationism, the current state cannot correctly support its intentions. Claiming the current state is ill suited to deal with modern material civilization - the various industrial innovations that have reshaped the economic and attendant social order of the day - they propose a radical reorganization of the state along the lines of the most efficient industrial and corporate enterprises. Endorsing all reforms to rid the state of inefficiency, by means centralized planning, a needed expression of state bureaucracy, rationalization of legislation, elimination of autonomy, etc, the 'statist' ideology demands that the state itself be rationalized to save the gains of social libertarianism from the new ills of inefficiency and the vagaries of the market.;;;;;;;;;;;;;
EVT50004OPTA;Fascinating;;;;;;;;;;;;;
EVTNAME50005;The Doctrine of Absolutism;;;;;;;;;;;;;
EVTDESC50005;Ever since the increased agitation of statist reforms and political organization, a new, more virulent and extreme form of statism has emerged from a circle of intellectuals in $COUNTRY$ out of frustration with the statist impulse to compromise with and even protect Liberationist reforms. Turning their back on statism's roots as a means for the preservation of social Liberationism, they have come to suggest that the state itself is an 'absolute' good, an entity that serves no greater good than itself. They cry that the efficiency and capacity of the state must be enforced and pursued 'absolutely', with total indifference to petty squabbling and selfish demands of its constituents. This, they claim, will ultimately, and exclusively, bring true prosperity to those members of the state, unlike the illusions of other ideologies which bring only selfish gain to certain members of the state. Ultimately the absolutist impulse is a radical reformulation and indeed clarification of the purpose and even very being of the state: the state should be seen as an enterprise that succeeds or fails in the preservation and expansion of its own power, capacity, and efficiency, and nothing else.;;;;;;;;;;;;;
EVT50005OPTA;How peculiar;;;;;;;;;;;;;
EVTNAME50006;The First Theocratist Synod;;;;;;;;;;;;;
EVTDESC50006;The principles of conservatism and reaction have long languished in the doldrums of opposition and desperate compromise. Now, however, we are seeing the revival of the forces of reaction. The 'theocratist' speculators of $COUNTRY$ make radical claims: everywhere, fat and useless bureaucracies deliver grains to idle vagrants and wastrels who have been uprooted from their ancestral homes, great slum tenements have risen up in our once bright cities, the humble farmer is ruined by the slump in the prices of commodities, and mankind wallows, spiritually blighted by this atheistic age of worldly delights. And so a voice hearkens for the halcyon days of yore, when each man knew his station and worked the land of a fatherly lord. A day when each man did not indulge in strange, synthetic compounds, or interpret scriptures in his own degenerate way, but listened to the strictures of the educated priest. But how to achieve this, in such an age of markets and factories? The theocratist ideology claims that the authoritarian and centralizing implements of the modern state pioneered by statism must be employed in fact explicitly for the sake of moral edification and social order.;;;;;;;;;;;;;
EVT50006OPTA;Interesting;;;;;;;;;;;;;
EVTNAME50007;A Country Mobilized;;;;;;;;;;;;;
EVTDESC50007;Conscripts are being drafted left and right and the poor are being trained and prepared to fight. Military camps are full of fresh recruits, troops are carrying out exercises in our borders and every aspect of society and every signal the government gives seems to indicate a war is in progress, yet there's no war. This large disruption in the country's daily life is angering our population and making our neighbours increasingly wary.;;;;;;;;;;;;;
EVT50007OPTA;These are just harmless exercises.;;;;;;;;;;;;;
EVTNAME50008;A Theocratic Government;;;;;;;;;;;;;
EVTDESC50008;Recent reforms in our state have dramatically elevated the significance and constitutional role of a number of religious authorities and bodies. This preponderant influence of the clergy and faith institutions in decision making, legislation, and judgment means our state most properly ought to be described as a 'theocracy' above anything else. Gradually, through the influence of the courts and religious police, much of the nominally “secular” government has become beholden to religious authorities, and has melded into one structure. Religious discourse dominates the public sphere, and there is at this point very few who would not publicly profess the state faith. ;;;;;;;;;;;;;
EVT50008OPTA;All praise to the transcendent!;;;;;;;;;;;;;
EVTNAME50009;The Rise of a Prince;;;;;;;;;;;;;
EVTDESC50009;Recent reforms in our country have graduated centralized power around a single authoritarian personage of an aristocratic dynasty, suggesting that at this point it is probably appropriate to call our country a “princely despotate”, as per the common parlance. This creeping shift has occurred as the executive has gradually gained power by the slow removal of special ecclesiastical dominion, as well as centralized the bureaucracy in the hands of loyalist bourgeois officeholders. The effective decline of aristocratic power in active governance has weakened the parliament with the rise of the power of the prince. Local magnates and squires in the countryside are bewailing a decline in “natural liberties” and “the old constitution and our beloved commonwealth”, and clerics are warning of a “new secularism”, but it seems most subjects have quiescently accepted the augmented power of our monarch, who increasingly formalizes their power by the day, as the royal court grows more sure of itself.;;;;;;;;;;;;;
EVT50009OPTA;Well, at least it will cut down on squabbling...;;;;;;;;;;;;;
EVTNAME50010;The New Constitution;;;;;;;;;;;;;
EVTDESC50010;Our state has recently undergone a number of critical political changes related to political decentralization, corporate legislation, and aristocratic privilege, such that we might at this point call our country an “aristocratic commonwealth”. Power lies now first and foremost amongst a body of great noble proprietors collaborating in a parliamentary body. The gradual devolution of both the regional executive and judicial powers to local aristocratic magnates has enabled the graduate capture of the country by these great barons and marcher lords. While this generally bodes poorly for the serf and whatever remnants of an executive remain, most burghers and yeomen have silently accepted the changes, integrating themselves into the increasingly aristocratic structures through town charters and elective corporations. It is not long, surely, before the executive is nigh more than a figurehead, and the church is all but private property of the local lord, some are saying. ;;;;;;;;;;;;;
EVT50010OPTA;Two, or six hundred, heads, are better than one?;;;;;;;;;;;;;
EVTNAME50011;The Abolition of Serfdom;;;;;;;;;;;;;
EVTDESC50011;The practice of serfdom - land-labour bondage of all types, has been abolished in all manners in our nation. All banalities, corvee, tributes, and levies have been strictly banned. This is likely to enrage many great aristocrats and their servants, who hate to see this ancient rite disappear. They bewail the end of the bond between lord and villein, an ancient bond going far back into yore. However, these dues have long worn upon our people, and the rural folk resent greatly these impositions on their lives. Many considered these restrictions on movement, land usage, and labor sales a great drag on our economy as well. The so-called 'serf problem', which has created many dilapidated estates and rural slums, will hopefully be gradually cleared up by this effort to suppress these unjust dues, regularize our economy and land usage, and make these families a functioning part of our markets.;;;;;;;;;;;;;
EVT50011OPTA;Well, that will make these folk jolly!;;;;;;;;;;;;;
EVTNAME50012;The Abolition of Thralldom;;;;;;;;;;;;;
EVTDESC50012;The barbaric practice of thralldom - the rearing, culling, vending, driving, transhumance, pasturing, breeding, and above all consuming the flesh of hominid cattle, or ‘thralls’ has finally been abolished in our country. This will greatly enrage all traditionalists of various types - great landowners, wretched yeomen, and consumers with a certain taste for man flesh. Nonetheless, its quite clear that this clumsy and strange practise was a great drag on our economy and our moral decency as a state. Now these able bodies folk will surely be free to join the economy, and we will no longer have the stain of near-cannibalism on our consciousness.;;;;;;;;;;;;;
EVT50012OPTA;Social progress, they call it!;;;;;;;;;;;;;
EVTNAME50013;$FROMCOUNTRY_ADJ$ Winds;;;;;;;;;;;;;
EVTDESC50013;$MONARCHTITLE$, the $FROMCOUNTRY_ADJ$ ambassador has presented us with news from the $UNION_ADJ$ Congress. $FROMCOUNTRY$ has accepted the $UNION_ADJ$ crown, and proclaimed themselves the one true $UNION_ADJ$ nation. These winds of change will be hard to resist.;;;;;;;;;;;;;
EVT50013OPTA;Long live the $UNION_ADJ$ people!;;;;;;;;;;;;;
EVT50013OPTB;We will not have our ancestral rights infringed!;;;;;;;;;;;;;
EVTNAME50014;The $FROMCOUNTRY_ADJ$ Congress;;;;;;;;;;;;;
EVTDESC50014;EVTDESC11100;A rising tide of nationalism within greater $CULTURE_GROUP_UNION$ has toppled the government in $FROMCOUNTRY$. A congress of nationalistic revolutionaries has been convened, with representatives from all of $CULTURE_GROUP_UNION$, which has decreed that the time is right for the nation to unite under one banner. The congress has offered the crown of this united $CULTURE_GROUP_UNION$ to us. We could accept the offer, but doing so would cause international alarm, and require us to compensate the revolutionaries politically.;;;;;;;;;;;;;
EVT50014OPTA;Hurrah!;;;;;;;;;;;;;
EVT50014OPTB;I will not accept a crown from the gutter.;;;;;;;;;;;;;
EVTNAME50015;A Scandal of the Past;;;;;;;;;;;;;
EVTDESC50015;It has been about a decade since we stacked the upper house with loyal partisans, and though the memory this scandal still remains among the minds of few, the general public has moved on and seemingly forgotten about it.;;;;;;;;;;;;;
EVT50015OPTA;Whew!;;;;;;;;;;;;;
EVTNAME50016;$FROMCOUNTRY$ Has Requested a Grant!;;;;;;;;;;;;;
EVTDESC50016;The $FROMCOUNTRY_ADJ$ nation has requested a sum of money from any nations willing to fund them.;;;;;;;;;;;;;
EVT50016OPTA;Deny Request;;;;;;;;;;;;;
EVT50016OPTB;We Can Afford 50,000¤;;;;;;;;;;;;;
EVT50016OPTC;We Can Afford 100,000¤;;;;;;;;;;;;;
EVT50016OPTD;We Can Afford 250,000¤;;;;;;;;;;;;;
EVT50016OPTE;We Can Afford 500,000¤;;;;;;;;;;;;;
EVTNAME50017;$FROMCOUNTRY$ Defaults in Defiance of our Military!;;;;;;;;;;;;;
EVTDESC50017;I pledge you, I pledge myself to a new deal for the $FROMCOUNTRY_ADJ$ people. Let us here assembled constitute ourselves prophets of a new order of competence and courage. This is more than a political campaign, it is a call to arms...\n\nA spokesperson of the $COUNTRY_ADJ$ government was quoted saying as the matter of the $FROMCOUNTRY_ADJ$ debt exploded in the press. They went bankrupt again, defying previous treaties and now there's talk of military intervention to make sure we will get paid.;;;;;;;;;;;;;
EVT50017OPTA;We are ready to move from the conference to the battlefield table.;;;;;;;;;;;;;
EVT50017OPTB;Issue an official declaration forgiving their debt.;;;;;;;;;;;;;
EVTNAME50018;$FROMCOUNTRY$ Defaults!;;;;;;;;;;;;;
EVTDESC50018;Any lack of confidence in the economic future of $FROMCOUNTRY$ is foolish, the $FROMCOUNTRY_ADJ$ ruler was quoted as saying, "I do not believe that the power and the duty of the $FROMCOUNTRY_ADJ$ Government ought to be extended to the relief of individual suffering.... The lesson should be constantly enforced that though the people support the Government, the Government should not support the people."\n\nAs the $FROMCOUNTRY_ADJ$ defaults on their debts, the civil servants and the economy are suffering greatly from austerity measures. They owed us some money when they defaulted but since the amount is small, we wouldn't normally take any action. We can choose to act, but not forgiving such a small debt will get some worried and angry reactions from the Great Powers.;;;;;;;;;;;;;
EVT50018OPTA;$FROMCOUNTRY$ better pay their debts from now on.;;;;;;;;;;;;;
EVT50018OPTB;We will have our money back.;;;;;;;;;;;;;
EVT50018OPTC;Issue an official declaration forgiving their debt.;;;;;;;;;;;;;
EVTNAME50019;$FROMCOUNTRY$ Goes Bankrupt!;;;;;;;;;;;;;
EVTDESC50019;Wave after wave of selling again moved down prices on the Stock Exchange today and billions of Dhamaks were clipped from values. Traders surged about brokerage offices watching their holdings wiped out.... It was one of the worst breaks in history.... For a time, in the morning, the market was showing signs of rallying power.... Then new waves of selling out of poorly margined accounts started another reaction...\n\n$FROMCOUNTRY$ has gone bankrupt and defaulted on all their debts. We must use our military might if we want to safeguard our investors.;;;;;;;;;;;;;
EVT50019OPTA;The $FROMCOUNTRY_ADJ$ better pay their debts.;;;;;;;;;;;;;
EVT50019OPTB;Issue an official declaration forgiving their debt.;;;;;;;;;;;;;
EVTNAME50020;$PROVINCENAME$ Old Naval Base;;;;;;;;;;;;;
EVTDESC50020;A half abandoned leviathan stuck in the coast. That is how locals in $PROVINCENAME$ describe the decrepit facilities of the old naval base that used to be a local asset strategically important for the $COUNTRY_ADJ$ government. In truth, the naval base has been in decline for a long while and the government defaulting is just the rock bottom. Hit with a severe economic recession in $YEAR$, $COUNTRY_ADJ$ politicians in $CAPITAL$ have no money to spend on repairing and maintaining non-essential staff and facilities.;;;;;;;;;;;;;
EVT50020OPTA;A sad state of affairs;;;;;;;;;;;;;
EVTNAME50021;Overgrown Railways in $STATENAME$;;;;;;;;;;;;;
EVTDESC50021;What once was one of the arteries of $COUNTRY_ADJ$ industry, the railway in $PROVINCENAME$ fell into such disrepair that it's path is barely visible and its tracks are unusable. Economic recession has hit $STATENAME$ harshly for the last years and without money from $CAPITAL$ being invested, most of the railways in $STATENAME$ are in such a state that they will need to be rebuilt to become train-worthy again.;;;;;;;;;;;;;
EVT50021OPTA;A sad state of affairs;;;;;;;;;;;;;
EVTNAME50022;Forts Close in $STATENAME$;;;;;;;;;;;;;
EVTDESC50022;If one in $YEAR$ were to look at the state of the $COUNTRY_ADJ$ line of defences in $PROVINCENAME$, what they would see is a multitude of abandoned bases and unmanned fortifications occupied only by squatters. A fortification is something tricky to maintain - not only it needs regular assessment of the integrity of walls and gates, but also a constant supply of new armaments, supplies and tools for repair. If one of these ingredients are missing, the structures become useless and the military corps are powerless to stop decay from setting in. After several years of hardship, what is seen in $STATENAME$ is this picture, a consequence of the disastrous bankruptcy that is crushing $COUNTRY$.;;;;;;;;;;;;;
EVT50022OPTA;A sad state of affairs;;;;;;;;;;;;;
EVTNAME50023;Ancestral Swamp Farming;;;;;;;;;;;;;
EVTDESC50023;Our civilisation is a truly ancient one - for millennia our people have worked on the vast paddies and swamplands that constitute the great Poudwouvas river valley. Thousands of years of careful earthworks, dredging, canal construction, and bank reinforcement have turned our great, vast river and its mangroves into carefully cultivated fertile paddies for the harvest of riverseed and Pruub flower. Huge mud and root embankments of dense, drooping mangroves line the cuts and gullies to protect from excessive flooding, and provide channels for the barges and gondolas to gently pass through. The houses of our people lie on elegant stilts, or their mud dwellings rest safely atop vast stones moved centuries ago in forgotten engineering feats. When his majesty the Vopudwou, the celestial emperor, the very lynchpin of the world, looks upon his vast domain in the morning, when the rays of the sun kiss the paddies, he can be sure that his civilisation will be bountiful and enduring for the unending future.;;;;;;;;;;;;;
EVT50023OPTA;The great Vopudshawrish is truly eternal!;;;;;;;;;;;;;
EVTNAME50024;A Peculiar Request;;;;;;;;;;;;;
EVTDESC50024;The foreign secretary maintains, out of necessity, congress with the leading figures of industrial and imperial circles: elegant soirees hosted for the $COUNTRY_ADJ$ Settlement Society, lavish dinners with industrialists, and hundreds of subtle conversations in private dwellings. Now, however, we are informed of a most peculiar request. An adventurous sort of man, an ex-lieutenant, a self-styled explorer who’s spent time in the far east among the locals, who came into a private fortune by either smuggling, trading, or inheritance (the matter remains murky), has seemingly drummed up a lot of enthusiasm about leading a small band of reservists, thugs, and other martial men to take over some godforsaken chiefdom or other in the wild beyond, with which he seems to be somehow sordidly personally entangled, due to his travels. Most pertinently, he’s passed a request to the foreign secretary actually asking for ships and means to achieve this, promising to incorporate these lands into our state.;;;;;;;;;;;;;
EVT50024OPTA;Who is this fool? Get him out of here!;;;;;;;;;;;;;
EVT50024OPTB;We can provide him with funding;;;;;;;;;;;;;
EVT50024OPTC;We can provide him funding and guns;;;;;;;;;;;;;
EVT50024OPTD;We can provide him with the boats, the funding and the guns!;;;;;;;;;;;;;
EVTNAME50025;The Filibuster Succeeds!;;;;;;;;;;;;;
EVTDESC50025;About fourteen months ago, our foreign office and exchequer, for better or for worse, provided a soldier of fortune with means to make himself master of a small undeveloped region beyond our shores. His unkempt soldiers shuffled into their vessels in an unspectacular way, and with little fanfare left our wharfs for distant shores, to scant notice outside of certain circles. Staggeringly, however, we have just received a formal communique from this man who informs us that he and his men have mastered this distant land, and established a small colonial government. He wishes to hand over a government of ‘protectorate’ to the colonial office, in exchange only for a number of handsome concessions on commercial prospects and trading regions, and large parcels of land for himself and his soldiers, as well as a small lifelong stipend from the state. It’s better to have such an ambitious man overseas, anyhow, says the minister of the interior.;;;;;;;;;;;;;
EVT50025OPTA;Hoorah!;;;;;;;;;;;;;
EVTNAME50026;The Filibuster Fails!;;;;;;;;;;;;;
EVTDESC50026;It has now been over fourteen months since we last heard from this adventurer. Rumor has it that he and his men were eaten alive by beast-men in Shobgizob, or vanquished in battle in some cursed desert in Bafozh, or simply destroyed by a great ocean storm before they had even stepped foot on foreign lands. Regardless, it is safe to assume that this adventurer and his men are long dead, our money wasted, and our officials made to look foolish for ever trusting this soldier of fortune.;;;;;;;;;;;;;
EVT50026OPTA;Never again will I trust another fool with an expensive dream!;;;;;;;;;;;;;
EVTNAME50027;The Treacherous Adventurer;;;;;;;;;;;;;
EVTDESC50027;About fourteen months ago, someone, surely sacked now, in the government made the dubious call to provide a roguish and dashing fellow with the substantial means to master a small overseas region for our own colonial aggrandizement. Now, however, we are receiving reports that while this chap did manage to make himself master of this region, he has been decidedly silent in communicating with our government, and is actually styling himself as a local king after intermarrying with local nobility! Him and his thugs have made themselves the effective elites of the region, and have even had the gall to begin encouraging settlements from our mainland! While he has managed to extend the norms of our government across the region, all in all it is a huge embarrassment for the foreign office to have this little tyrant renege on his promises to hand over governance and to continue to live as a prince on our dime!;;;;;;;;;;;;;
EVT50027OPTA;This blackguard and his rogue state must be brought to justice!;;;;;;;;;;;;;
EVTNAME50028;Demand a Colonial Concession!;;;;;;;;;;;;;
EVTDESC50028;The colonial frontier is always a flexible thing - indeed, all frontiers and borderlands are. Porous and shifting, these regions admit the passage of settlers, traders, laborers, ranchers, trappers, and the border itself encourages the mercenary trade, the suttler’s trade, and the development of mixed frontier communities. However, sometimes these territories can ignite into great conflagrations of tension. This is what happened recently at one of our colonial borders - it’s not exactly clear what has happened, but it appears some movement of settlers has provoked a raid of a sort that ended in massacre. Local gazetteers are crying out for blood, and settler violence has already flared up in an alarming way. The local colonial governor is actually recommending sending soldiers to take over and pacify the bordering region to prevent excesses, establish a new secure frontier, and address all regional security concerns.;;;;;;;;;;;;;
EVT50028OPTA;Their lands will fall under our banner!;;;;;;;;;;;;;
EVT50028OPTB;This is simply not possible at this moment;;;;;;;;;;;;;
EVTNAME50029;Forcefully Establish a Protectorate!;;;;;;;;;;;;;
EVTDESC50029;The colonial frontier is always a flexible thing - indeed, all frontiers and borderlands are. Porous and shifting, these regions admit the passage of settlers, traders, laborers, ranchers, trappers, and the border itself encourages the mercenary trade, the suttler’s trade, and the development of mixed frontier communities. However, sometimes these territories can ignite into great conflagrations of tension. This is what happened recently at one of our colonial borders - it’s not exactly clear what has happened, but it appears some movement of settlers has provoked a raid of a sort that ended in massacre. Local gazetteers are crying out for blood, and settler violence has already flared up in an alarming way. The local colonial governor is actually recommending sending soldiers to take over and pacify the bordering region to prevent excesses, establish a new secure frontier, and address all regional security concerns.;;;;;;;;;;;;;
EVT50029OPTA;This will make a fine addition to the empire;;;;;;;;;;;;;
EVT50029OPTB;This is simply not possible at this moment;;;;;;;;;;;;;
EVTNAME50030;The Raid on the Mountain;;;;;;;;;;;;;
EVTDESC50030;The progressive sophistication of the state, theories of negotiation with the primitive mind, and increasing access to inhospitable regions due to modern technology has created a great amount of tension over the barren Sithit desert. This largely inhospitable empty region is mainly dominated by Sithit wastelanders and their thralls, Vewugi mullahs, and strange desert fauna. Nonetheless, the potential security issues with another power controlling it has brought this issue to the forefront of political debate on our frontier. Happily, however, it seems the situation has resolved itself! The Gashdzii marcher lords of the western reaches have staged what is already being called ‘Gibbalobba’s Raid on the Mountain’: a wild band of Gashdzii soldiers of fortune made their way deep into the center of the desert to the great lone mountain, stormed the primitive Sithit fortress city, and declared themselves Lords. However, facing native resistance, they are seeking state reinforcements to guarantee their power…;;;;;;;;;;;;;
EVT50030OPTA;How convenient. Send an emissary and a detachment of soldiers. ;;;;;;;;;;;;;
EVTNAME50031;Occupation of the Dheduhd;;;;;;;;;;;;;
EVTDESC50031;The Dheduhd region to our north has long been the purview of slavers, political exiles, and religious extremists. While nominally within our 'borders', populated by tribesmen and itinerant bedouins, this region has long been pointless to control besides by mild tributary means and soft religious authority. However, recent innovations in population management and transportation technology has led to the encroachments upon desert regions around the world, and our interior ministry is concerned about security issues in this region should it fall into the hands of foreign powers. They advise the establishment of a frontier garrison to enforce an effective occupation of this region.;;;;;;;;;;;;;
EVT50031OPTA;Arrange these matters promptly, minister.;;;;;;;;;;;;;
EVTNAME50032;Diplomatic Mission under Siege!;;;;;;;;;;;;;
EVTDESC50032;News reaches us from $FROMCOUNTRY$ that the local ruling elites have thrown our ambassador out of the country, and that their troops are laying siege to our embassy with apparent intent to enforce that decision. This affair is developing into an enormous loss of international face, one which can only be avoided through a formal declaration of war against $FROMCOUNTRY$. Sire, how should we respond?;;;;;;;;;;;;;
EVT50032OPTA;To war!;;;;;;;;;;;;;
EVT50032OPTB;Call our Allies and let's make this right!;;;;;;;;;;;;;
EVT50032OPTC;We don't have the resources to waste on this.;;;;;;;;;;;;;
EVTNAME50033;The Arid Shores of Ishahfazh;;;;;;;;;;;;;
EVTDESC50033;The long stretch of coast below the temperate forests of the northern valley has for centuries been borderline impossible to inhabit, let alone govern, by all but the most hardy bedouins and their itinerant councils. Hemmed in by mountains, and a calm, shallow sea, these are some of the driest places on the planet. However, as transportation technology improves, military force advances, and government bureaucracy expands, the management of populations and regions like this becomes more and more feasible. Our predominant influence in the posts on the edge of the desert and dominance of the adjacent sea gives us a decided advantage already in projecting influence. Our interior ministry suggests establishing a number of coastal fortifications and naval outposts in the bays our sailors already frequent, and extending the frontier garrisons into the few oases of the interior. ;;;;;;;;;;;;;
EVT50033OPTA;I like the sound of this, minister.;;;;;;;;;;;;;
EVTNAME50034;$FROMCOUNTRY$ denies the divinity of the Pudwou!;;;;;;;;;;;;;
EVTDESC50034;We are receiving reports from $FROMCOUNTRY$, really no more than a wretched tributary of our empire, that they have suddenly closed the temples to the Vopudwou and have officially removed it from state doctrine that his imperial majesty is the very God of the world! This is heretical doctrine and a horrendous insult to the honor of the master of life and death and the earth and heavens! More galling, even, is that they have elevated some Pruuntish paganism to their new state cult! This act is a blatant challenge to both his majesty's honor and to the legitimacy of our regime. Truly, nothing, nothing in millenia, has brought so much shame to the people of Pruuntia and done such great disrespect to the empire. The people across the land are crying out for their emperor, and the overwhelming consensus is that these traitors must be terribly punished.;;;;;;;;;;;;;
EVT50034OPTA;Death to the snake-worshippers!;;;;;;;;;;;;;
EVT50034OPTB;It would be delusional to pretend we still hold sway there.;;;;;;;;;;;;;
EVTNAME50035;Oil Discovered!;;;;;;;;;;;;; #OIL EVENTS GO TO 50037
EVTDESC50035;Thick, slick, flammable, and above all - valuable. Since the discovery of liquid fuels for locomotives and automotive engines, and the technology to break down hydrocarbons has become more understood, the oil slicks, tar pits, and underground deposits around the world have been of increasing interest for both large firms and prospectors. In fact, a number of our provinces have suddenly become new hot spots for this activity! Whether stumbled across by a hapless mining firm trying to break new land in carbon rich soils, or by a local eccentric plumbing the land, one can see the pumps going up and the barrels slowly beginning to trickle back to our metropolitan hubs for refinement and processing.;;;;;;;;;;;;;
EVT50035OPTA;Excellent!;;;;;;;;;;;;;
EVTNAME50038;Rubber Discovered!;;;;;;;;;;;;; #RUBBER EVENTS GO TO 50039
EVTDESC50038;Gums and natural elastics have always been a useful and curious commodity. However, since the discovery of how to process natural latex and extract it from the rubber tree, there has been a great proliferation of industrial ventures towards the cultivation of this useful substance. A number of provinces in our territory have recently undergone a number of changes in production related to these development: explorers and hired mercenaries have generally invaded and graduated co-opted local populations through violence, coercion, and opportunity, to the erection of large rubber tree plantations, the effective development of which we are now seeing. Huge monoculture forests now sprawl over rolling hills, and the little whitewashed cabins of the overseers hold papers and men direct the latex down the forested paths back to our cities to processed into a thousands forms, as tyres, sealants, clothing, chemical implements, and more.;;;;;;;;;;;;;
EVT50038OPTA;Excellent!;;;;;;;;;;;;;
EVTNAME50040;A Question of Sovereignty;;;;;;;;;;;;;
EVTDESC50040;For a long time we have had paramount influence in a certain primitive nation. Our consuls maintain separate jurisdictions, the legation quarter has its own civilian and military authorities, and our large companies have exclusive monopolies over major commodities and trading districts. Our currency has rapidly taken on the role of a parallel object of exchange, and for all intents and purposes $FROMCOUNTRY$ is a subordinate part of our imperial system. However, with recent changes in the global political arena, there seems to be an annexationist fever amongst rival powers. Swathes of territory are being picked off left and right, and our merchants and missionaries are increasingly worried about $FROMCOUNTRY$ falling into foreign hands. The foreign ministry is currently drafting a proposal to proclaim protectorate over these lands and remove civilian and military authority totally into our hands.;;;;;;;;;;;;;
EVT50040OPTA;It is time for them to accept their new masters.;;;;;;;;;;;;;
EVT50040OPTB;At this moment we cannot, but perhaps in the future.;;;;;;;;;;;;;
EVTNAME50041;The $FROMCOUNTRY_ADJ$ ultimatum;;;;;;;;;;;;;
EVTDESC50041;Our country has recently fallen under the tutelage of a great power. Their functionaries, missionaries, and merchants swarm over our land. Very few citizens have gone unexposed to the tendrils of their power, and much of the civilian government has fallen under their influence. Recently, however, things have taken an alarming turn. Their consul has made a number of proposals about placing us under protectorate, and ‘reorganization’ of our army, financial structure, and proposing new judicial districts for our own courts. This would effectively annihilate any remaining scraps of independence we may have. This is a crucial time for our nation and we must be very careful if we are ready to resist this great power to save our homeland from foreign domination.;;;;;;;;;;;;;
EVT50041OPTA;With great sadness I will lay my crown upon the dirt;;;;;;;;;;;;;
EVT50041OPTB;The streets of $CAPITAL$ will run red with $FROMCOUNTRY_ADJ$ blood!;;;;;;;;;;;;;
EVTNAME50042;$FROMCOUNTRY$ refuses to become a protectorate!;;;;;;;;;;;;;
EVTDESC50042;The foreign minister reports, to great frustration, and shock that $FROMCOUNTRY$ has expelled our consulate and laid siege to our legation district! It appears they are attempting to resist our generous offer of protectorate and are now attempting to drive all our influence from the country. Local expatriate gazettes are reporting shock and horror, as missionaries are massacred, traders are hung up on gallows, and gentle folk are being stabbed in the streets by fanatical madmen! The situation has become decidedly out of our control, and the military is in a position to step in to put these regrettable upstarts in their place, and establish control of this valuable region with which for so long we have had happy and peaceful interests.;;;;;;;;;;;;;
EVT50042OPTA;Then we shall force them into submission with musket and ball!;;;;;;;;;;;;;
EVT50042OPTB;Well... let's not do anything too drastic;;;;;;;;;;;;;
EVTNAME50044;Defeated by Poumnia;;;;;;;;;;;;;
EVTDESC50044;Our recent defeat by the armies of Poumnia has left a tragic state of affairs in our country. Their savage soldiers have destroyed and sacked our capital, and they have killed not only most of our ministers, but any of the nationalistic elite in a particularly brutal series of beheadings. Any signs of Shamushi worship have been violently stamped out in their long and horrific punitive occupation, and a new collaborationist, decidedly pro-imperial elite has been installed as the new regent class. This marks an age of increased Poumnian influence in our lands, and one can feel it will be many years before the stirrings of Pruuntish identity can begin to organize themselves again after this shattering event. This war will live in infamy in the annals of Pruuntish history.;;;;;;;;;;;;;
EVT50044OPTA;We will lick our wounds...;;;;;;;;;;;;;
EVTNAME50045;Claim the Island of Ghurv?;;;;;;;;;;;;;
EVTDESC50045;This is another age of exploration: new steamships issue forward from our ports that allow our sailors to travel further, faster, and safer. Vast oceans cover the majority of our vast planet, and huge prohibitive storms have historically encouraged traders and explorers to cling to the coasts. Now, however, as ever-more liners cross distant seas, we are making a number of unexpected discoveries. Small islands reported by wrecked merchant men in the distant far east, which have appeared and disappeared from our maps for the past couple hundred years are becoming definitively known. In recent months, a small vessel of ours came across a small unclaimed set of islands, and the captain of which, after a small ceremony exchanging honors and meals with the locals, decided to claim the island in our name! It is up to us if we would like to accept these new lands into our patrimony - a new coaling station or trading outpost is attractive, but we would of course have to staff an administration.;;;;;;;;;;;;;
EVT50045OPTA;Plant the $COUNTRY_ADJ$ flag!;;;;;;;;;;;;;
EVT50045OPTB;Bah, why would we want a patch of lifeless sand in the sea?;;;;;;;;;;;;;
EVTNAME50046;Claim the Island of Taafraavsk?;;;;;;;;;;;;;
EVTNAME50047;Claim the Island of Mress?;;;;;;;;;;;;;
EVTNAME50048;Claim the Island of Njinye?;;;;;;;;;;;;;
EVTNAME50049;Claim the Island of Hrnid?;;;;;;;;;;;;;
EVTNAME50050;Claim the Island of Hun?;;;;;;;;;;;;;
EVTNAME50051;Claim the Sipdish Isles?;;;;;;;;;;;;;
EVTNAME50052;$FROMCOUNTRY$ has Razed the Great Drupe!;;;;;;;;;;;;;
EVTDESC50052;Rumors that the wretched $FROMCOUNTRY_ADJ$ have razed our holy site, the Great Drupe, have just now been proven to be true! Tens of thousands of faithful $COUNTRY_ADJ$ Vewugists line the streets of $CAPITAL$ to mourn this terrible occasion. They cry out in sorrow, confusion, and most of all, in rage! Such acts of villainy cannot be tolerated, they cry out! They demand $FROMCOUNTRY_ADJ$ blood to pay for this barbaric act!;;;;;;;;;;;;;
EVT50052OPTA;Ten thousand $FROMCOUNTRY_ADJ$ heads on pikes will line the ruins of the holy Drupe!;;;;;;;;;;;;;
EVT50052OPTB;It is a shame, truly, but what do they want me to do about it?;;;;;;;;;;;;;
EVTNAME50053;$FROMCOUNTRY$ has Razed the Great Drupe!;;;;;;;;;;;;;
EVTDESC50053;Reports have just trickled in that $FROMCOUNTRY$ has razed our Holy Drupe, a site of utmost importance in the Vewugi faith. Thousands of years of history and spiritual guidance have gone up in smoke due to this cursed war. Pious Vewugis across the nation cry out in anguish at this heinous loss. Many call for an end to the conflict that caused this, while others call for the heads of all leading officials. Whatever the future may hold for the millions of Vewugis around the world, we can be certain that never again will the light of the Great Vewug shine as brightly as it did even a few days ago.;;;;;;;;;;;;;
EVT50053OPTA;May the great Vewug guide us through this!;;;;;;;;;;;;;
EVTNAME50054;The Guiding hand of $FROMCOUNTRY$;;;;;;;;;;;;;
EVTDESC50054;It is no secret that the Yamoujoy and Maumoujoy peoples are one and the same. We speak the same language, worship the same gods, and live in the same manner! Even in our folktales, we are born as one family! When the Soil gave birth to the Sky's children, did not the Yamoujoy and Maumoujoy rise from the mud together? It has only been by the will of petty kings and dividing foreign Vewugis that we have become separate people, but now, $FROMCOUNTRY$ offers the people of $COUNTRY$ to form a union with them to finally unite our divided people. We are really in no position to refuse this offer with their domineering position over us, but their offer is kind and our people cheer loudly in the streets at the idea of a union.;;;;;;;;;;;;;
EVT50054OPTA;Brothers we shall be!;;;;;;;;;;;;;
EVT50054OPTB;You're no brother of mine, $FROMCOUNTRY_ADJ$ swine!;;;;;;;;;;;;;
EVTNAME50055;$PROVINCENAME$ Cored!;;;;;;;;;;;;; #$PROVINCENAME$ recognized as an integral part of $COUNTRY$!
EVTDESC50055;It has been long since $PROVINCENAME$ was added to our mighty domain. Many of our people now reside here and call $PROVINCENAME$ home. Both domestically and internationally $PROVINCENAME$ is referred to as an integral part of $COUNTRY$, without scrutiny or debate.;;;;;;;;;;;;;
EVT50055OPTA;Excellent;;;;;;;;;;;;;
EVTNAME50056;The Poumnian Demand!;;;;;;;;;;;;;
EVTDESC50056;The time that many $COUNTRY_ADJ$s have feared would come has now finally come. The Poumnians, who for long have meddled in our affairs, seized our treasures, and yoked our people to their plows, have now officially demanded we become their protectorate. If we refuse, it will surely result in a swift invasion, the deaths of thousands, and the complete destruction of Aaykeum.;;;;;;;;;;;;;
EVT50056OPTA;We will submit;;;;;;;;;;;;;
EVT50056OPTB;Let them come!;;;;;;;;;;;;;
EVTNAME50057;International Sanctions;;;;;;;;;;;;;x
EVTDESC50057;Our outrageous warmongering has finally provoked a response from large powers around the world. A combine of international powers have declared a total trade embargo against us. Vessels trading in our ports may be seized or even sank with relative impunity, scaring most traders away from our lands, and our neighbors have closed their borders to us.;;;;;;;;;;;;;x
EVT50057OPTA;This is worrying;;;;;;;;;;;;;x
EVTNAME50058;International Sanctions Lifted;;;;;;;;;;;;;x
EVTDESC50058;Time has passed, and finally the international campaign of sanctions against us has ended. Merchants now trade freely with us, and cargo trains are once again rolling across our borders.;;;;;;;;;;;;;x
EVT50058OPTA;May this dark period be forgotten;;;;;;;;;;;;;x
EVTNAME65006;Regency;;;;;;;;;;;;;x
EVTDESC65006;With the untimely death of our monarch, and the minority of our heir, a new regent has come to power to guide the little autocrat through their minority. We will see how this affects our country's fate.;;;;;;;;;;;;;x
EVT65006OPTA;These are strange times;;;;;;;;;;;;;x
EVTNAME65007;Highly Influential Spouse;;;;;;;;;;;;;x
EVTDESC65007;Our current monarch is known to be desperately besotted with their spouse. Whether though political adroitness, sexual mystique, or some are even saying, occult influences, it is unquestionable that the royal consort is exercising great influence over our country and is the "power behind the throne".;;;;;;;;;;;;;x
EVT65007OPTA;We must watch this one with caution;;;;;;;;;;;;;x
EVTNAME65008;New Favored Advisor;;;;;;;;;;;;;x
EVTDESC65008;A certain courtier has gained a vast amount of control over our monarch's favours and seems to have their ear on matters of state. This 'Royal Favourite' is arousing great resentment, as they seem to be the new paramount leader of our state.;;;;;;;;;;;;;x
EVT65008OPTA;We must watch this one with caution;;;;;;;;;;;;;x
EVTNAME65009;Internal Fued in Faction;;;;;;;;;;;;;x
EVTDESC65009;Our ruling party, which maintains pratical dominance over the state through a system of parasitism and managed elections, has recently undergone an internal party struggle. Their opaque dealings are hard to follow, but it seems a new paramount leader has arisen, monopolising a number of key appointments both inside the party and the formal state bureaucracy.;;;;;;;;;;;;;x
EVT65009OPTA;What will their new agenda be?;;;;;;;;;;;;;x
EVTNAME65010;Leader Killed in Private Feud!;;;;;;;;;;;;;x
EVTDESC65010;Shockingly, our leader has been killed in what seems to the result of a private feud! It might have been a crime of passion, or a revenge killing for some old wrong, but the perpetrators seem to have nothing to do with any of the major rival political factions which were at once suspected.;;;;;;;;;;;;;x
EVT65010OPTA;These are strange times;;;;;;;;;;;;;x
EVTNAME65011;New Party Leadership!;;;;;;;;;;;;;x
EVTDESC65011;The ruling party of our state is practically synonymous with the state itself, ruling through a delicate system of party-internal appointments, managed nominations, etc. This means that any internal party change is pratically a change within our state. The previous chairperson of the party exited their role yesterday, and today the general party congress has elected a new leader, who is quickly emerging as the new paramount leader of our society.;;;;;;;;;;;;;x
EVT65011OPTA;What will their new agenda be?;;;;;;;;;;;;;x
EVTNAME65012;Military Ousts Current Leader!;;;;;;;;;;;;;x
EVTDESC65012;In a shocking turn of events in $CAPITAL$ today, the military marched on the executive centres of power and forced our leaders to resign. There are no signs of them, and who knows what is to become of them. In the meantime, the military has put forward an 'acting' leader, who seems to be, for the time being, in 'charge', but many question if it is really the top brass of the army calling the shots.;;;;;;;;;;;;;x
EVT65012OPTA;These are strange times;;;;;;;;;;;;;x
EVTNAME65013;New Dominant Faction!;;;;;;;;;;;;;x
EVTDESC65013;Our ruling party, which maintains pratical dominance over the state through a system of parasitism and managed elections, has recently undergone an internal party struggle. Their opaque dealings are hard to follow, but it seems a new paramount leader has arisen, monopolising a number of key appointments both inside the party and the formal state bureaucracy.;;;;;;;;;;;;;x
EVT65013OPTA;What will their new agenda be?;;;;;;;;;;;;;x
EVTNAME65014;Military Ousts Current Leader!;;;;;;;;;;;;;x
EVTDESC65014;In a shocking turn of events in $CAPITAL$ today, the military marched on the executive centres of power and forced our leaders to resign. There are no signs of them, and who knows what is to become of them. In the meantime, the military has put forward an 'acting' leader, who seems to be, for the time being, in 'charge', but many question if it is really the top brass of the army calling the shots.;;;;;;;;;;;;;x
EVT65014OPTA;These are strange times;;;;;;;;;;;;;x
EVTNAME50059;Free-Yoker Agitation;;;;;;;;;;;;;x
EVTDESC50059;It began quietly but now it has become a major problem. Over the previous decades, our society has seen the steady formation of a broad, underground, free-yoker movement. From secret societies in the cities, taking the usual cryptic names that international liberationism does, like ‘Dancers’ and ‘Boar-Merchants’, to clandestine rural meetings on moonlit fields by stolid rustics, there has become established a dangerous network of free-yoker agitators. And now, in recent months, the problem seems to be coming to a head. It’s not clear exactly why it began, but early protests quashed by the gendarme have now broken out into large-scale civilian resistance. Everywhere they drag their feet: the fields go unharvested, the yarn unspun, the stones uncut - everywhere they scorn authority: they assault policemen, they loot manors, they riot in the square and they even raid prisons - and worse still, everywhere they call for change: they are organising region councils, they are calling for the estates to assemble, and they are calling for the old order to be abolished.;;;;;;;;;;;;;x
EVT50059OPTA;Damn these rabble-rousers!;;;;;;;;;;;;;x
EVTNAME50060;Free-Yoker Agitation Ends;;;;;;;;;;;;;x
EVTDESC50060;Finally, the period of Free-Yoker agitation seems to have ended in our country, and we seem to be passing back into an era of relative political disinterest, and domestic harmony. It’s not clear what exactly has brought this about either - perhaps it has been rising economic tides, new interests overseas, successful concessions, or the successful repression and deportation of the worst troublemakers by our security forces. In any case, our society has weathered this period of unrest and we can expect, hopefully, greater calm and unity in the future.;;;;;;;;;;;;;x
EVT50060OPTA;Thank Goodness!;;;;;;;;;;;;;x
EVTNAME50061;Yokers take control of province!;;;;;;;;;;;;;x
EVTDESC50061;It seems that the broader free-yoker agitation has become particularly extreme in one of our provinces. A group of fanatical free-yoker agitators seem to have established dominance over the local government, and are even maintaining a local ‘citizen guard’ to keep control of the province. The area is, essentially, in open rebellion and refuses to cooperate with our government. This province is a hair's-breadth away from descending into civil conflict with the state. They are seemingly doing everything to propagate their delusional ideology: organising regional land associations, regional grain doles, breaking up great manorial estates, and even emancipating serfs. This has done nothing but stir up the populace to even greater extremism. We must quickly decide how to deal with these troublemakers in local government.;;;;;;;;;;;;;x
EVT50061OPTA;Hang the ringleaders, but allow the peasantry to keep their gains.;;;;;;;;;;;;;x
EVT50061OPTB;Hang these scum and restore order by any means necessary!;;;;;;;;;;;;;x
EVT50062NAME;Banditry in Paknâg!;;;;;;;;;;;;;x
EVT50062DESC;Paknâg is a land that has long been plagued by a tradition of social banditry. Since the disentanglement of the empire and the attendant periods of violence as borders were readjusted, Paknâg’s central position has left it a regular victim to the transit of pillaging armies. The perennial devestion, and the cruelty of the castellan lords who barely kept order in the region usually, allowed for the development of a tradition of social bandits living on the margins of society. These freebooters and warriors in previous times often lent their weapons to the defense of farming communities or worked as mercenaries abroad, but now, as the confederal Paknâg state is better able to keep order, they have merely become a menace to the east-west trade out of the south. There has been, sadly, a recent flare up on banditry in Paknâg.;;;;;;;;;;;;;x
EVT50062OPTA;What a terrible problem...;;;;;;;;;;;;;x
EVTNAME50063;Clerical Conflict in the Provinces;;;;;;;;;;;;;x
EVTDESC50063;One of the fiercest demands of the Free-Yoker movement goes back to their anti-magisterial beginnings. The end of clerical courts, law, the right to heterodox beliefs, and local congregationalism. With the background of the ongoing free-yoker agitation, this has made the usual seasonal provincial religious ceremonies a point of extreme tension. In one province in particular, a number of free yokers, uncollaborative clergy, and radical preachers have demanded that local communities be allowed to engage in divergent rites from the usual practice. The local governmental officials are refusing to allow this to happen on the grounds that it violates statutes that prescribe correct observances, but a number of our advisors suggest we must tread carefully here and consider concessions.;;;;;;;;;;;;;x
EVT50063OPTA;Grant some requests, but forbid the most extreme.;;;;;;;;;;;;;x
EVT50063OPTB;We cannot allow any sectarian lunacy in $COUNTRY$!;;;;;;;;;;;;;x
EVTNAME50064;Tensions ease in the provinces;;;;;;;;;;;;;x
EVTDESC50064;Despite the chaos afflicting our country in the form of free-yoker agitation, it seems that one in one province there has been easing of tensions. It seems the local government has made an effort to drum up fear around the chaos in other provinces, and it seems people have come to believe there are roving bands of irreligious bigots who are frothing at the mouth, eager to pillage their fields. Particularly, the government has deemed it wise to attempt to support a few further proposals to try to divert social unrest to other fears and concerns. Local reactionaries are attempting to organise a provincial militia to defend against the chaos in other provinces, and the government has attempted to organise efforts towards relief in the fluctuating grain market, to quash rural discontent. ;;;;;;;;;;;;;x
EVT50064OPTA;Encourage the militia's efforts - that will keep them busy!;;;;;;;;;;;;;x
EVT50064OPTB;Encourage the relief efforts - we must avert violence.;;;;;;;;;;;;;x
EVTNAME50065;Shock and Horror in the Provinces!;;;;;;;;;;;;;x
EVTDESC50065;Recently, as a consequence of the free yoker agitation afflicting our land, tensions have boiled over in an extreme way in the provinces. It’s not exactly clear how things developed, but an encounter between soldiers of the state, a number of reactionary elites and their servants, and armed townsfolk developed into a bloodbath. The melee, more than a battle, seems to have involved a brutal and chaotic fight that left a number of soldiers, prominent landowners, and several villagers dead. Both sides, it seems, both claim victory and claim to be the victims of a heinous massacre that left them routed. The whole province then seems to have exploded into low grade violence: several manors were pillaged, a village or two was set upon by brutal soldiers, and the governor has fled to the capital. As the situation stands now, the province is on a knife’s edge.;;;;;;;;;;;;;x
EVT50065OPTA;Good heavens!;;;;;;;;;;;;;x
EVT50066;The Treaty Port of Niiz Moji;;;;;;;;;;;;;x
EVTDESC50066;Niiz Moji, or ‘Gold Port’ is the oldest continuously established Gashdzii possession on the great mainland of Kovazh. Acquired in 1089 by a concession of Qooxib Emperor Ohadh-Bohen Qamo III, a perpetual charter to trade free of duties was granted to the Jiishanâgi South Seas Trading League. The Merchants had long kept an informal residence in cities on the great delta, but now they began building a fortress to protect against the violence of Poumnian rival trader-governors, who often employed the imperial garrisons of Mra-Ouswun in the interest of private profit. However, Niiz Moji’s proximity to the Imperial capital and its place on the river allows for supreme access to the trade of Qooxib and its interior, allowing it to eclipse the older Poumnian traders. Nowadays, Niiz Moji is a byword for lucrative profit, and has grown into a teeming metropolis boasting of over 200,000 residents, with elegant gardens on the river deltas, proud walls, and sober townhouses.;;;;;;;;;;;;;x
EVT50066OPTA;'Tis a handsome place, indeed.;;;;;;;;;;;;;x
EVT50067OPTA;Hurrah for House Shoummid!;;;;;;;;;;;;;x
EVT50068OPTA;Why, just splendid views!;;;;;;;;;;;;;x
EVT50069OPTA;I just love to watch the sun set here, dear chap.;;;;;;;;;;;;;x
EVT50067;The Factory of Mra-Ouswun;;;;;;;;;;;;;x
EVTDESC50067;Mra-Ouswun, or ‘Fort Mra’ is the oldest Ishahfazhi possession on the Kovan mainland. It meaningfully consists of the trading factory and settlement of Mra, begun in 1045 on the orders of the Viceroy-General Ashou Sha-Shoummid, an adventurous scion of House Shoummid, who was that time the ‘Viceroy of the Pudwou in the Southern Continent’. A fine title for a man who was not much more than a merchant in the Qooxibi capital, but he nominally held the power to dispense justice to Poumnian subjects in all of Mainlanz Kovazh. Employing private levies to aid against a Soxupappi revolt, he impressed and gained the favour of Odadh-Bohen Qamo II, who granted him extraterritoriality and allowed him to build a fort, as a nominal ‘vassal’ of the Qooxib. This factory station gradually became a great trading town, was granted independence of the Qooxib, and is still a fief of House Shoummid.;;;;;;;;;;;;;x
EVT50068;The Factory of Niiz Jadhov;;;;;;;;;;;;;x
EVTDESC50068;Old Niiz Jadhov, ‘Kingsport’, is a commanding Vokonazhi factory in the land of the Ourrhond, the great monarchy of central Kovash. This aristocratic confederacy, fraught by regular internal conflict, nonetheless yields great trade goods, with carved furniture made from the lumber of the rich woodlands that dot the plains, ivories from the great beasts of Kovazh, and precious objects made by the locals. Niiz Jadhov was established in 1167 by a number of intrepid Vokonazhi traders who took advantage of a civil conflict between local tribesmen in the local region and its lord, Hana Birhim. Delicately balancing various loyalties between the distracted locals, the fort was satisfactorily risen, and became a great holdfast for Vokonazhi trading in the area. Eventually a smaller inland fort was raised, which attracted the local manufacturing community. Niiz Jadhov boasts of the headquarters of the Imperial Kovan Trading Company, nominally granted by the Emperor in Pashdzii.;;;;;;;;;;;;;x
EVT50069;The City of Niiz Kan;;;;;;;;;;;;;x
EVTDESC50069;Niiz Kan is the premier Gashdzii trading port in the west of Kovazh. Established by Ishnapt Tea Company charter in 1160, its key figure is intrepid Bida Kazak, a trader originally based in the island of Rouxaem. Kazak settled a fertile stretch of coast with a hope to plant his own tea crops - he married a local Chobaji heiress and added to his fortune a number of large estates nearby. Shockingly, he and his wife both were buried after the fashion of the Vewugist. A community began to grow around this settlement, attracting goods brought down the coastal road. Until 1221, however, the main Gashdzii trading settlement in the area, Anzhapt, was on the southern delta, but in 1221 the new Emperor declared the expulsion of all foreigners from the delta, and riotous violence drove many Gashdzii north, eventually to hybrid Niiz Kan. The city survived the failure of the Ishapt Tea Company in 1241, and was given a responsible government by the Parliament in Nozho.;;;;;;;;;;;;;x
EVT50070;Decline of Former Treaty Port;;;;;;;;;;;;;x
EVTDESC50070;Our recent acquisition of a city once owned by overseas powers with exclusive trade charters has caused a regrettable, but not unexpected decline in the trading power of that city. Our proximity to this land, and the revocation of exclusivity charters has effectively removed whatever value was generated by these special privileges. The region has now shifted its production and exports to only local goods.;;;;;;;;;;;;;x
EVTOPTA50070;Well, it was to be expected...;;;;;;;;;;;;;x
EVT50071;Booming Treaty Port;;;;;;;;;;;;;x
EVTDESC50071;Since we have acquired a certain treaty port on foreign shores, it has now become a booming trading metropolis! It houses vast amounts of merchants, longshoremen, keelmen, factors, agents, secretaries, and other attendants of the shipping trade who work to pull value and goods out of the continental interior. Its proud warehouses owned companies around the world gleam bright in the sun, its great docks boast of ships from all around the world, and, above all, it generates lucrative revenue.;;;;;;;;;;;;;x
EVTOPTA50070;Excellent!;;;;;;;;;;;;;x
EVT50072;The Kovazh Carrying Trade;;;;;;;;;;;;;x
EVTDESC50072;The lands of east Kofazh are dominated by the two great Momurist empires: Imperial Qooxib and aristocratic Ourrhond. These two lands are some of the most populous states in the world, and the great rivers they lie upon, most primarily the Caigur in Ourrhond and Vetchk in Qooxib, are home to huge markets of diverse goods. While not yielding the prime silks and teas of the monsoon ridden west, the torrid lands of the east yield strange fruits, fine pelts, mountains of spindleweed, well-spun cloths, sturdy and elegant furniture and pottery, and many ornate luxuries. These lovely goods are much coveted by the people of Ishahfazh, and our ports in the south east are great trading hubs for this wonderfully profitably carrying trade. Recently, in fact, it seems this trade is booming!;;;;;;;;;;;;;x
EVTOPTA50072;Oh - Haul, boys, haul!;;;;;;;;;;;;;x
EVT50073;The Good Old Ishnapt Tea Trade;;;;;;;;;;;;;x
EVTDESC50073;The Great Ishnapt Ocean, the largest on our planet, brings temperate rainstorms to the coasts of the southern continent, Kovazh. Drenched in warm mist, the rolling plains grow the finest tea known to the world. For centuries Ishahfazi merchants have been crossing the Zhibom, the calm shallow sea ringed by the great continents, to the lands of the Chobajhi and the Ftemioq for tea. Our outposts on the western coasts, recently, have been thriving: the tea trade seems to be booming, and our agents and factors can’t find enough tea in the mainland to meet the consumer demand for this fine tea at home and abroad!;;;;;;;;;;;;;x
EVT50073OPTA;The song goes: Sirrah, we brough' ten tonnes of tea to Nozho from Nhanavu...;;;;;;;;;;;;;x
EVTNAME50074;Debates about Yokerism!;;;;;;;;;;;;;x
EVTDESC50074;Amidst the political chaos afflicting our country, we have enough trouble keeping the rowdy masses in line, without the recent developments in the public sphere. A number of dissident and radical intellectuals seemed to have embraced free yoker agitation, and have publicly called, whether in national newspapers, seditious pamphlets, or learned tomes, for the reform of the state and society. These ideas seem to be leaking into the broader public consciousness whether through bastardized doggerel and pulp literature playing with the concerns of the intellectuals, or chatter between the literati, intermediaries, and the masses in public settings. This seems to have inflamed desire for political reform in our society, and everywhere revolutionaries and yokers can seemingly produce the hazy rudiments of political theory and its language.;;;;;;;;;;;;;x
EVT50074OPTA;Curtial these publications and arrest these godforsaken authors.;;;;;;;;;;;;;x
EVT50074OPTB;What harm can mere words do...?;;;;;;;;;;;;;x
EVTNAME50075;Land of Gold No More;;;;;;;;;;;;;x
EVTDESC50075;For centuries, the land of Mojifa, the ‘Gold Country’, has mined gold for its daily bread. The great mine of Dhâfkmahk ‘Mahk’s Kettle’ (it is believed ‘Mahk’ was a indigenous pagan word for the devil from long ago) yielded for nearly six centuries a steady flow of gold. It was this gold that garnished the royal jewels of the emperor in Pashdzii, the thrones of the great castellans of Vokonazh, and gave the goldsmiths of Mojifa a superb reputation. Indeed, the coins minted in the Dhâfkmahk area gave their name to the Gashdzii language’s standard word for coin through their prolific usage: Dhâmahk. But in recent years, things have looked grim. The small lodes have grown smaller, and new shafts opened up seem to be dry of gold. Indeed, there has been a recent saying in the area: ‘the kettle no longer sings’. And now the worst has happened: House Dhâfk has closed their shops, told all the workers to seek other work, and are seeking a buyer for this empty land.;;;;;;;;;;;;;x
EVT50075OPTA;O, Buzzamnan, Divine Lady of Fortune, thou turnst thy wheel blindly!;;;;;;;;;;;;;x
EVTNAME50076;A Scheme to End Foreign Impositions;;;;;;;;;;;;;x
EVTDESC50076;Throughout our history our great wealth has attracted many foreigners to trade in our lands, and throughout history we have been convinced or, recently, been forced to give the most powerful among them concessions to build fortresses, control ports, and dispense justice in their districts within our patrimony. This has for centuries never been much of a concern to our elite: we grant our diverse subjects many privileges, and concessions to foreign merchants has just been an accommodation to what was, in the eyes of our state, another sort of subject. However, in recent years our people have rankled at the imposition of these trading posts. As we learn more about the global economy and the states of the foreign powers, it now seems a humiliation to have granted concessions. A number of patriotic radicals have thus come to our government with a proposal: provide them with arms and smuggle them into a treaty port, and they will incite a riot and take it over for us!;;;;;;;;;;;;;x
EVT50076OPTA;Excellent, equip them with what they need!;;;;;;;;;;;;;x
EVT50076OPTB;Are you joking? And risk futher imperialist action?;;;;;;;;;;;;;x
EVTNAME50077;Chaos in Kovazh!;;;;;;;;;;;;;x
EVTDESC50077;In our concession territory in the $FROMCOUNTRY$ it seems the unbelievable has happened. What began as seemingly a protest against the treatment of local coolies, developed into a firefight at the state house, and, after some street fighting, rioting, and violence for several hours it seems a collection of agents from $FROMCOUNTRY$ have conspired to control the town and in fact are proclaiming themselves representatives of the $FROMCOUNTRY_ADJ$ government! Our informers and spies in $FROMCOUNTRY$ say that this is indeed very likely the case. The foreign office is livid - we are, they say, basically at war with $FROMCOUNTRY$ and must employ military force to recover our concession, as well as teach them a lesson for their audacity!;;;;;;;;;;;;;x
EVT50077OPTA;This will not go unpunished!;;;;;;;;;;;;;x
EVT50077OPTB;This sounds very expensive to deal with...;;;;;;;;;;;;;x
EVTNAME50078;Dangerous Plots in $FROMCOUNTRY$;;;;;;;;;;;;;x
EVTDESC50078;§RNOTE: This enables demand concession CBs against the large, settled empires of Kovazh, the Qooxib Empire, Ourrhond, the Pusenetos of the Great Khan, the Nhuiqourran Empire, and the Fazhri Chrur, for ALL civilized countries that have the techs Nationalism and Particularism, Machine Guns, and Medicine.§! There has been much consternation in the foreign office recently. Our spies in $FROMCOUNTRY$ have whispered the outline of a plot offered to the $FROMCOUNTRY_ADJ$ government to sneak into one of our treaty concessions and take it over in the name of the state! While we feel reasonably sure that the $FROMCOUNTRY_ADJ$ government declined, this speaks to a much more hostile attitude than is usually felt from the large settled empires of Kovazh. There is talk that the usual policy of ‘informal empire’ in Kovazh must be set aside and we must be willing to wage territorial war in these lands to establish military rule and tightly controlled protectorates. These murmurs seemed to have leaked to our rivals in Ishahfazh, and now there seems to be a building scramble to seize land in Kovazh lest it resist or some other Imperial power gets their hands on it!;;;;;;;;;;;;;x
EVT50078OPTA;By Jingo, we've got devils on all sides of us!;;;;;;;;;;;;;x
EVTNAME50079;Ishahfazhi designs on $COUNTRY$;;;;;;;;;;;;;x
EVTDESC50079;§RNOTE: This enables demand concession CBs against the large, settled empires of Kovazh, the Qooxib Empire, Ourrhond, the Pusenetos of the Great Khan, the Nhuiqourran Empire, and the Fazhri Chrur, for ALL civilized countries that have the techs Nationalism and Particularism, Machine Guns, and Medicine.§! Since our scheme to take over a concession treaty port, things seemed to have taken an alarming turn. Rather than acquiesce to our annexation, the foreigners have declared that they will preserve this leased land as an integral part of their empire, which seems to be far different to the treaty we originally agreed upon. Furthermore, we hear alarming rumors that military and industrial circles across Ishahfazh, observing the conflict, feel that there is both an increasing capacity to wage territorial war in Kovazh, and also a protective need to establish direct control over the continent, rather than the previous policy of indirect rule and spheres of influence. We seem to be entering an existential struggle for the integrity of our state.;;;;;;;;;;;;;x
EVT50079OPTA;The armies of the foreigners will crash upon our shores like waves upon rocks.;;;;;;;;;;;;;x
EVTNAME50080;Military Industrial Interest in Kovazh;;;;;;;;;;;;;x
EVTDESC50080;§RNOTE: This enables demand concession CBs against the large, settled empires of Kovazh, the Qooxib Empire, Ourrhond, the Pusenetos of the Great Khan, the Nhuiqourran Empire, and the Fazhri Chrur, for ALL civilized countries that have the techs Nationalism and Particularism, Machine Guns, and Medicine.§! As our state and society has advanced technologically, one hears increasing talk in military-industrial circles of establishing direct control over the large empires of the Kovan mainland. Typically our war office has avoided even discussing the idea of direct attacks on these powers, citing logistical issues of supplying a large scale land campaign against a powerful overseas foe, but we have now seemingly eclipsed these powers in military capacity. Societies like the $COUNTRY_ADJ$ Kovan Colonisation League, which have recently held a number of symposiums on topics like ‘Spindleweed Growth Opportunities on the Vetchk River’ and have invited a number of lieutenants and other officials to patronise their societies seem to exerting an influence on the thinking of our military establishment.;;;;;;;;;;;;;x
EVT50080OPTA;Something to consider, certainly.;;;;;;;;;;;;;x
EVTNAME50081;Shock and Horror in Kovazh!;;;;;;;;;;;;;x
EVTDESC50081;§RNOTE: This enables demand concession CBs against the large, settled empires of Kovazh, the Qooxib Empire, Ourrhond, the Pusenetos of the Great Khan, the Nhuiqourran Empire, and the Fazhri Chrur, for ALL civilized countries that have the techs Nationalism and Particularism,Machine Guns, and Medicine.§! A couple months ago we decided to cede a leased port back to the Kovan empire that we had it from after an underhanded subterfuge that saw us lose it. Now, however, a few of those merchants we had living there, and indeed much of the former $COUNTRY_ADJ$ expatriate community in the port have communicated to us both the regular tyranny they suffer under this despotic primitive government: floggings, imprisonment, ghastly tortures, and worse, but also of the weakness and poverty of  $FROMCOUNTRY$. Many are saying we have got to wage a proper land military campaign against these barbarians, which has plunged much of Ishahfazh into an annexationist fervor, upon hearing these reports and our rumoured intentions.;;;;;;;;;;;;;x
EVT50081OPTA;Good heavens, we've got to do something! Get the war minister!;;;;;;;;;;;;;x
EVTNAME50082;Success!;;;;;;;;;;;;;x
EVTDESC50082;Very recently we shuffled a number of agents into a previous treaty concession of ours, as part of a bid to recover control of the territory. Shockingly, things seemingly have gone off without a hitch. They staged a riot over the treatment of locals, and managed to drive the foreigners out of the state house. A few days ago they proclaimed themselves representatives of our government, and now we’ve established regular control over these territories again. The community of $FROMCOUNTRY_ADJ$ waits with bated breath about our governance, but many locals seem glad to be returned to our patrimony. ‘Tis a great day for $COUNTRY$.;;;;;;;;;;;;;x
EVT50082OPTA;Hurrah!;;;;;;;;;;;;;x
EVTNAME50083;The Holy Drupe in Sesi;;;;;;;;;;;;;x
EVTDESC50083;The ‘Drupe’ or the Drupe of the Vewug is a gargantuan, rambling temple and palace complex located in Sesi, in the Sublime Veyethu. It is the focal point of the Vewugi religion, being the alleged residence of the Vewug, the powerful spirit worshiped by the Vewugi faithful. It attracts holymen from all parts of the dominion of the Vewug, who spend many years living in the complex, and taking notes on the actions and omens of the Vewug. To stand in vigil and watch for apparitions and signs of the Vewug is typically the purview of initiated holy man, but with the advent of our liberationist government, there are cries from the people to open the Drupe to pilgrims. Intellectuals and anti-magisterialists cry out for the privilege of visiting the great master of the worldly plane, but the traditionalist clergy are dragging their feet and protesting this as an indignity upon their orders and the house of the Vewug. §RNOTE: If Sesi is occupied, foreign powers may burn the Drupe!§!;;;;;;;;;;;;;x
EVT50083OPTA;Let the Drupe be open to the faithful!;;;;;;;;;;;;;x
EVT50083OPTB;The holy men are right. We must curtail the unitiated.;;;;;;;;;;;;;x
EVTNAME50084;Our Developing Economy;;;;;;;;;;;;;x
EVTDESC50084;We are beginning to see notable changes in our economy and consequently our society. The introduction of machines for industrial production has begun to change the way the rest of society organises itself. We are seeing new sets of emerging values among the people of all classes, such as greater consumption levels, emphasis placed on thrift and saving, and new attitudes to goods and marketing. We have also seen the institutionalization of markets: a proliferation of small scale retailers, larger buying and selling firms, and informational periodicals about products. Finally, our government has adapted by showing greater interest in consumer markets. This is, one could believe, the beginning of a dramatic transformation of society. ;;;;;;;;;;;;;x
EVT50084OPTA;I see;;;;;;;;;;;;;x
EVTNAME50085;Our Rapidly Industrialising Economy;;;;;;;;;;;;;x
EVTDESC50085;Society is changing rapidly: in all parts of the world one sees the penetration of mechanised production, mobile capital, and soaring outputs. Every year our country lays down thousands of miles of railway - the tonnage of coal mined is rising exponentially - and every day millions of new bales of cloth are spun. And indeed, for all these things, there is someone to buy it! People clamour for new textiles, coal to warm their hopes, and handsome foreign Nuzhdap carried by steamship. New banking organisations are scrambling to provide capital for new firms which incorporate, under newly permitted limited liability banners, by the day. Society is transforming rapidly, and we are seeing our economy industrialise.;;;;;;;;;;;;;x
EVT50085OPTA;Curious;;;;;;;;;;;;;x
EVTNAME50086;Our Industrialised Economy;;;;;;;;;;;;;x
EVTDESC50086;Our society has undergone a staggering transformation. From a largely agrarian society grounded in pre-modern social and governmental norms, now we are truly seeing the beginning of the modern ‘economic’ hominid. The regular order of the day is mechanised production, and people have even begun to get used to the business cycle and the strange swings of production and demand. People understand how to access local markets, they buy goods, and they aspire to the dream of modern mechanized luxury. The government concerns itself greatly with maintaining the norms of the market and organising industrial production, and ‘efficient management’ is the order of the day. The dictates of the manager, the market, and the economic regulator are casual inputs that shape the institutions and values of our society.;;;;;;;;;;;;;x
EVT50086OPTA;Well, tally-ho boys, well done all around.;;;;;;;;;;;;;x
EVTNAME50087;The $CRISISAREA$ Question;;;;;;;;;;;;;x
EVTDESC50087;The $CRISISAREA$ people languish in chains, it is said. They suffer the greatest tyranny under foreign yoke, and everywhere one finds signs of their subjection. Their country has been dismembered by occupation, and surely it should stir all lovers of justice to support their cause! Recently, in fact, it seems occupied $CRISISAREA$ lands have undergone some severe turmoil. Violence and atrocities between locals and governmental elites seems to have ended in a series of well publicized and particularly grisly massacres. The press across the civilized world is crying out for a resolution to this chaos, and a number of powers are attempting to organise a conference to resolve the $CRISISAREA$ question for the time being.;;;;;;;;;;;;;x
EVT50087OPTA;The mighty $COUNTRY_ADJ$ people will have their voice heard on this matter!;;;;;;;;;;;;;x
EVT50087OPTB;More upstart savages clamoring for recognition? Count us out.;;;;;;;;;;;;;x
EVTNAME50088;The Right to the Familiar;;;;;;;;;;;;;x
EVTDESC50088;The Tehuhrite or ‘Sedentarian’ tradition is generally believed to have begun as an ideological prop from neolithic regimes in the vales of northern Ishahfazh, designed to discourage migration and to consequently promote stable tax registrars. The ‘virtues of the solid man’ were first proclaimed by the Philosopher-King Osjunnet of Gohn-Peth, and his various writings on the topic became the germ of a large corpus of Sedentarian philosophy, primarily focused on the virtues of stability, changelessness, and abstract notions of cosmic harmony and splendor. The Right to the Familiar is a traditional Tehuhrite legal tradition that allows those whose way of life has been disrupted by others, politicians or government officials to appeal to the autonomous legal-religious scholarly community for a verdict on the right to maintain traditional ways of life. With the holy man or scholar’s condemnation of the disruptions, there is usually great pressure to right these wrongs.;;;;;;;;;;;;;x
EVT50088OPTA;May the Land and Sky bless our lands.;;;;;;;;;;;;;x
EVTNAME50089;Islands of Colonial Gofakidzia;;;;;;;;;;;;;x
EVTDESC50089;It’s been a little while now since we settled the Islands south of Gofakidzia, in the ferocious reaches of the Ishnapt Ocean. Nonetheless, some hardy settlers from our metropole have gone all the way to these stormy islands to settle, and have established a few little fishing communities. A vessel that had been traveling through the Ishnapt has recently pulled into $CAPITAL$ and told us a little bit of the goings on there. They tell us of the ferocious storms that come down from the north, and that the settlers and native Mjhm’an (the ‘Bibs’ as our Gashdzii call them) build their fanzas and cottages on the lee sides of the mountains that tower out of these islands. They tell us of the strange, pygmy fatty molluscs that the settlers fish for in the northern waters, and the chewy roots grown there. In sensible Gashdzii fashion, the settlers have taken to calling the Islands ‘Dozmâzhfâ’ and ‘Guzmâzhfâ’, north and south’s land. The Admiralty proposes updating our maps.;;;;;;;;;;;;;x
EVT50089OPTA;Update the charts, sirrah!;;;;;;;;;;;;;x
EVT50089OPTB;The cost of new charts for a silly little bit of pride?;;;;;;;;;;;;;x
EVTDESC50100;It’s been a little while now since we settled the Islands south of Gofakidzia, in the ferocious reaches of the Ishnapt Ocean. Nonetheless, some hardy settlers from our metropole have gone all the way to these stormy islands to settle, and have established a few little fishing communities. A vessel that had been traveling through the Ishnapt has recently pulled into $CAPITAL$ and told us a little bit of the goings on there. They tell us of the ferocious storms that come down from the north, and that the settlers and native Mjhm’an build their fanzas and cottages on the lee sides of the mountains that tower out of these islands. They tell us of the strange, pygmy fatty molluscs that the settlers fish for in the northern waters, and the chewy roots grown there. The local settlers have been calling these places ‘Druboukiru’ (Thundering island’) and ‘Fundrouukiru’ (the ‘Cabbagefruit Islands’, from its abundant growth). The Admiralty proposes updating our maps. ;;;;;;;;;;;;;x
EVT50100OPTA;This should look nicer than native gibberish.;;;;;;;;;;;;;x
EVT50100OPTB;Who's going to look at this place, anyway?;;;;;;;;;;;;;x
EVTNAME50101;The Kovan Incident of $YEAR$;;;;;;;;;;;;;x
EVTDESC50101;The arid Kovan coast is home to a number of petty principalities ruled by braggadocious Rechktists princes. Our merchants typically cross by these coasts when trading with the wealthier powers of the south, and little heed is paid to the Kovan lands, barring a small trade in wool and Ishahfazhi weaponry. Regrettably, however, the Rechtist princes still oppress sailors who wash up on their shores with slavery and worse, and trade them south to the great powers. Things took a poor turn in our relations recently: a redemptorist religious association that was quartered in a Kovan city was forcibly suppressed and the clerics themselves sold into slavery! One man managed to make it back to $CAPITAL$, to tell his tale of horror, and has now got the foreign ministry and the press up in arms! The government thinks it prudent to finally put an end to the slave raiding from these dangerous shores, and the public seems behind them.;;;;;;;;;;;;;x
EVT50101OPTA;Good heavens, we've got to get these savages under order!;;;;;;;;;;;;;x
EVT50101OPTB;All that for some damned hubbub in the wastes...?;;;;;;;;;;;;;x
EVTNAME50102;The Rechktist Menace!;;;;;;;;;;;;;x
EVTDESC50102;We have a number of diminutive possessions on the Kovan Coast, a few ancient old cities garrisoned with shabby soldiers and a few forts to keep the restive tribesmen from causing problems. The principle trouble is that the worshipers of the ‘Bright Eyed God’, the Rechktists, the schismatic Momurists, consider temporal power of the Rechtian faithful religiously important. Willing to go to great lengths to achieve their Gottstaat, we regularly have to engage in small expeditions to suppress extremist anti-imperialists in the bush and hills, and even in desert holdfasts. Recently, we’ve been dealing with a particularly well equipped, sly rebel: Isio x'Emechk, and, to our great alarm, we’ve found that a local independent Kovan lord has been supporting and protecting him! After a recent battle, he fled to the court of this impudent lord, and the colonial governorate and the foreign office are asking that we prosecute the war into these neighbouring lands.;;;;;;;;;;;;;x
EVT50102OPTA;For heaven's sake, we've got to catch him!;;;;;;;;;;;;;x
EVT50102OPTB;And I am sure the foreign minister isn't going to sign the cheque.;;;;;;;;;;;;;x
EVTNAME50103;Expedition to Bafozh;;;;;;;;;;;;;x
EVTDESC50103;The great eastern continent, Bafozh, named so by the Gashdzii term for east - ‘Bafa’ - a pre-Kadkohic vengeful sun god. It is the largest of all six major landmasses and also boasts most of the most impressive natural formations. Marked by its primitive stage of development, empty landscapes, vast mountain ranges, deep valleys, and endless forests, it represents at once opportunity and freedom as well as the great unknown. The current interest in Bafozh, whether topographical, military, anthropological, or scientific merits continuous interest in outfitting exploratory missions to the uncharted interior of the continent. The foreign office and the military high command suggest that we find some likely young captain, a cartographer or two, and some soldiers to send into these lands.;;;;;;;;;;;;;x
EVT50103OPTA;Yes, approved. Next item, minister.;;;;;;;;;;;;;x
EVT50103OPTB;No, minister, we cannot indulge your interest in adventure stories.;;;;;;;;;;;;;x
EVTNAME50104;The Lands of Hamog;;;;;;;;;;;;;x
EVTDESC50104;Our recent expedition into the heart of Bafozh has returned to $CAPITAL$ and they report the most strange and shocking tales! In the heart of the southern forests, labouring through strange taiga and dense boreal forests, our captain explains that he kept running across strange folk who his guides explained were Juewaeg faithful bringing captives for rites near lake Geshe, sometimes for thousands of miles. He eventually decided to follow a group of these faithful to Geshe. On the banks of lake Geshe he witnessed the most fantastical rites. The Lords of Hamog, the masters of these lands, grow rich by the tribute and captives brought by the faithful across the southern forests, and oversee the bloodletting of the many hundreds of captives into the waters of the pristine forest lake, to the ecstatic joy of the thronging masses of Juewaeg of all races and cultures who cluster there. But shockingly, the explorer was asked to offer his own sacrifice, to see the rites! He relates that…;;;;;;;;;;;;;x
EVT50104OPTA;… he presented a coolie of his own expedition to the Lord of Hamog!;;;;;;;;;;;;;x
EVT50104OPTB;… he bought a slave and gave it for the sacrifice.;;;;;;;;;;;;;x
EVT50104OPTC;… he refused these rites and fled from the rage of the Hamogine king!;;;;;;;;;;;;;x
EVTNAME50105;An Expedition to Bafozh?;;;;;;;;;;;;;x
EVTDESC50105;The great eastern continent, Bafozh, named so by the Gashdzii term for east - ‘Bafa’ - a pre-Kadkohic vengeful sun god. It is the largest of all six major landmasses and also boasts most of the most impressive natural formations. Marked by its primitive stage of development, empty landscapes, vast mountain ranges, deep valleys, and endless forests, it represents at once opportunity and freedom as well as the great unknown. In recent years, a number of those in the natural and social sciences have expressed interest in sending an expedition to the dense reaches of this largely unexplored continent. At a recent colloquium and soiree in a fine academic establishment in $CAPITAL$, the Bafozh exploration society proposed, in the presence of the minister for the sciences, a military-explorative mission into the heart of Bafozh. Since we ostensibly have colonial interests in this region, state geographers would be certainly interested in charting these lands.;;;;;;;;;;;;;x
EVT50105OPTA;What a splended idea! Outfit an expendition at once!;;;;;;;;;;;;;x
EVT50105OPTB;What could be out there but barbarous anthrophages and bad weather?;;;;;;;;;;;;;x
EVTNAME50106;The Bobit Civilisation;;;;;;;;;;;;;x
EVTDESC50106;Our recent expedition into the heart of Bafozh has returned to $CAPITAL$ and they report the most wonderful discovery! In the Mountains of Boshbish (which has been bastardized to ‘Bobit’ in the mouth of our captain and his soldiers), amongst the Behshi pastoralists, our explorer discovered the most strange ancient ruins. It appears that many centuries or even millenia ago there was some sort of developed and settled civilisation that raised a number of forts and strange petroglyphs. Shockingly, the size of these buildings implies that these people must have been profoundly tall and large, perhaps extreme specimens of the large Bafozhi folk known to us today. In any case, archeologists, linguists, and classicists are extremely excited to study this newly identified ancient civilisation.;;;;;;;;;;;;;x
EVT50106OPTA;Truly fascinating.;;;;;;;;;;;;;x
EVTNAME50107;Bafozhi Expedition Lost;;;;;;;;;;;;;x
EVTDESC50107;Several years ago we sent an explorer and some men into the interior of Bafozh to chart these lands and spread the influence of our great state. He has not made any contact with us for a long time and seems, for all intents and purposes, to be lost. Whether he was eaten by savages, starved to death in the vast interior, or died in some natural disaster, the money spent on provisions and ships seems to have been a waste.;;;;;;;;;;;;;x
EVT50107OPTA;Poor chap, tsk tsk. Can we find out who approved this?;;;;;;;;;;;;;x
EVTNAME50108;Pruub Plantation?;;;;;;;;;;;;;x
EVTDESC50108;Pruub, the sweet, soporific, euphoric oils of the Magoupt plant is indigenous to the Poumnian lands and the Poudwouvas river delta. It has, for millennia, practically been solely grown in this region: only there are the soils appropriate, the swampy rivers carry the appropriate mix of fresh water and heavy sediments, and the clime remains ideal. Now, however, with new pumping technologies, our industrial agronomists believe some swampland in our territories could be suitable to Pruub cultivation. A certain agricultural firm has come to our government with a scheme to plant Pruub, and wants a government monopoly and subsidies for this purpose.;;;;;;;;;;;;;x
EVT500108OPTA;Grant these fellows their monopoly, and get planting!;;;;;;;;;;;;;x
EVT500108OPTB;What an industrious bunch!;;;;;;;;;;;;;x
EVT500108OPTC;No, what we produce in $PROVINCENAME$ is too valuable.;;;;;;;;;;;;;x
EVTNAME50109;Locusts on the Horizon;;;;;;;;;;;;;x
EVTDESC50109;'I left my son out in the sun, with the ruminants... and I saw a black cloud gathering far distant on the horizon... before I knew it, it was too late. All that remained of the fields, the cattle, and my son, was bones and chaff.' Such were the scenes of devastation where the locusts were first spawning. A local region is now facing a deadly threat of a plague of ravenous, omnivorous, monstrously large locusts! Their evil red eyes glare out of their shiny carapaces, glistening in the humid, thick air, their eager mandibles ready to devour anything in their path. The wet, warm weather drives them into a spawning frenzy, and their terrible number grows hourly in exponential orders. Their ominous drone resonates across the fields, and the people, with little left for them to do, cower and pray that these creatures only eat their fields, and not the very flesh off their bones. ;;;;;;;;;;;;;x
EVT50109OPTA;There's no telling where those damned things will strike!;;;;;;;;;;;;;x
EVTNAME50110;Locusts Strike $PROVINCENAME$!;;;;;;;;;;;;;x
EVTDESC50110;The locusts have come to $PROVINCENAME$! They have visted theses lands with their terrible appetites and left terrible devestation in their wake! Everywhere fields have been entirely destroyed, cattle and livestock devoured in the very pastures, houses and homes themselves have been gnawed upon, seed reserves have been torn to bits: little remains of the once prosperous agricultural region. People are leaving these lands in great numbers, as it seems it will be a long time until these regions recover their former prosperity, and those that stay eke out a miserable, desperate existence, trying to hastily cultivate their plots, but is expected that many will suffer famine and malnutrition. People are petitioning the government for relief of their burdens and suffering, more than whatever reserves local authorites can provide. Should the national government step in?;;;;;;;;;;;;;x
EVT500110OPTA;We must try to relieve this region.;;;;;;;;;;;;;x
EVT500110OPTB;We cannot afford to provide these people with any more aid.;;;;;;;;;;;;;x
EVTNAME50111;Locust Plague Comes to an End;;;;;;;;;;;;;x
EVTDESC50111;The terrible locust plague that has struck one of our regions has seemingly ended. Having devastated most viable parts of this area, it seems that the swarm has burnt itself out. With no food remaining, and their brief lives coming to an end, they now die in their millions. Their hideous corpses litter the fields, and carrion birds pick at their fattened bodies. Even desperate farmers come to harvest the bodies to eat in desperation. The region itself remains devastated, and the abatement of this plague, while a relief, comes to a land that has lost everything already.;;;;;;;;;;;;;x
EVT50111OPTA;And may they never return!;;;;;;;;;;;;;x
EVTNAME50112;The Terrible Machine!;;;;;;;;;;;;;x
EVTDESC50112;All the time in $PROVINCENAME$, now, you have hear the thunder of metal on metal and the bellowing of the locomotive, as newly laid railway track carries these new machines into the heart of our country. But the people are in uproar! They say these tracks had been built through the lands of ancient farms, and that this machine disturbs the traditional bounds of villages, cattle-driving paths, scaries the birds, and frightens the whole town as it thunders through. They've appealed to their local 'Roots-Man', the Tehuhrite Holyman who lives in the roots of an ancient tree on the bounds of a large provincial town. He has consdiered their pleas, and has ruled that the railway causes too much disturbance! Given the Tehuhrite faith of our country, we are under great pressure to oblige with his religious-judicial perpective. ;;;;;;;;;;;;;x
EVT50112OPTA;If the holy man says so...;;;;;;;;;;;;;x
EVT50112OPTB;What nonsense! That was a massive investment!;;;;;;;;;;;;;x
EVTNAME50113;The Blighted Coast!;;;;;;;;;;;;;x
EVTDESC50113;In $PROVINCENAME$ we have a large naval instillation. This harbour and drydock protects military ships, supplies them, and host a number of support vessels, as well as employs locals to build massive new vessels for our grand fleet. However, it causes great distress for the local fishermen. They say the huge vessels going out to sea disturb the shoals, the waves capsize their little vessels, and even the tugs tear up their nets. They have appealed to a local 'roots man', a Tehuhrite holyman who has lived much of his life stationary in the roots of a tree, fed and watered by locals. He has pronounced that this community has fished here for centuries, and that their rights of use take priority over those of the navy! We must decide what to do.;;;;;;;;;;;;;x
EVT50113OPTA;His holiness and his verdict must be honoured!;;;;;;;;;;;;;x
EVT50113OPTB;The Admiralty would be furious. Not a chance.;;;;;;;;;;;;;x
EVTNAME50114;Bondsman Free State!;;;;;;;;;;;;;x
EVTDESC50114;Our state has been wracked with a great calamity recently. In the substantial chaos that has afflicted our provinces, the various wretched bonded folk - the slaves, thralls, serfs, prisoners, hereditary servants, have come to control a substantial section of territory. Massacring their masters and setting fire to the great houses, these lands have become a wasteland of anarchy and delusional ideas of equality, brotherhood, and liberty. Even more preposterously, some of their leaders have had the audacity to proclaim a ‘free commonwealth’, and have begun seeking peaceable arrangements with other powers, acting as if they were sovereign! These are dark days for our state indeed, and the question remains to be asked about what ought to be done with this rebellious “state”.;;;;;;;;;;;;;x
EVT50114OPTA;Get these lands to order, right now!;;;;;;;;;;;;;x
EVT50115NAME;Implementing Colonial Laws;;;;;;;;;;;;;x
EVT50115DESC;Our various colonial administrators work tirelessly to make sure our colonial policy is being correctly implemented in suitable overseas departments.;;;;;;;;;;;;;x
EVT500115PTA;Tally-ho, chaps, let's get a move on.;;;;;;;;;;;;;x
EVT50116NAME;x;;;;;;;;;;;;;x ### bondsmen setup no loc needed
EVT50116DESC;x;;;;;;;;;;;;;x
EVT50117NAME;The Encyclopedia $COUNTRY_ADJ$ica;;;;;;;;;;;;;x 
EVT50117DESC;Forward to the Encyclopedia: Herein is contained the sum of the knowledge of our civilisation, gathered in one place, of all the wondrous and strange peoples of the world. Below is an index of important subheadings. \n §BNOTE: This is a dynamic encyclopedia. You will have open access to entries that are relevant to your own state, but entries of people further afield will have to be unlocked. This can be done by a combination of conquering certain regions, unlocking certain technologies, sphering regions, following event chains, etc. If you are civilised and neighbours have studied things, if you have the relevant techs, entries may be activated. Events will inform you if they have updated your encyclopedia. The player will not be informed of passive entry updates through ‘information spread’.;x
EVTNAME50118;Mutineer Community Discovered!;;;;;;;;;;;;;x
EVTDESC50118;It has been a long time since we dispatched an exploratory mission to the wilds of Bafozh, and the men that set out have long been assumed dead. Now, however, a small merchant vessel sailing the distant Ishnapt ocean has submitted a most extraordinary report to the Admiralty! They stopped by a small island to gather fruits and fresh water, and, alongside the usual locals, they found a community of our own citizens - mutineers from the lower ranks of the transport ship and the expedition - living comfortably on a small island! From what they could gather, our captain is still either imprisoned on this island or living amongst the natives in exile. The Admiralty wonders if we could somehow establish some sort of influence over this land by working out some arrangement with the more amenable mutineers, or the native connections of the exile captain…;;;;;;;;;;;;;x
EVT50118OPTA;Establish $COUNTRY_ADJ$ law over these lands!;;;;;;;;;;;;;x
EVT50118OPTB;And why would we trouble ourselves with such a pitiful island...?;;;;;;;;;;;;;x
EVT50119NAME;x;;;;;;;;;;;;;x ### same
EVT50120NAME;x;;;;;;;;;;;;;x ### same
EVT50121NAME;x;;;;;;;;;;;;;x ### same
EVT50122NAME;The Faiths of The World;;;;;;;;;;;;;x 
EVT50122DESC;The faiths of the Miiv are multifarious and of all varieties. Beyond the number collected here, there are multitudes more of small ethnic and regional faiths, cults, and sects, but these are the most significant and practiced by the greatest number of the people. Below is an index of our entries. The reader is of course encouraged by the religious authorities to remember that our faith is the TRUE faith and to confine thought about foreign cults to purely speculative and academic boundaries. \n KEY: White: Tehuhrite. Yellow: Vewugist. Red: Kadkohi. Burgundy: Motkohnic. Teal: Wompowushan. Purple: Shamush. Wine: Rechktist. Navy: Momurist. Green: Paorusu. Umber: J'ur. Verdegris: Parqmun. Brown: Juewaeg. Aqua: Gyahki. Orange: Dkåtkang. Pink: Kusii. Black: Pagan.;;;;;;;;;;;;;x 
EVT50123NAME;No Entry Found!;;;;;;;;;;;;;x 
EVT50123DESC;The editors regrettably inform the reader that the top minds of our country are shamefully ignorant of this topic. They would humbly appeal to the ministers in government to divert more funding to the universities, exploratory expeditions, etc. \n §RNOTE: For whatever reason, your country has not gathered, started with, or acquired information about this topic. You can learn more about the world by conquering, sphering, researching techs, or following event chains.;;;;;;;;;;;;;x 
EVT50124NAME;The Kadkohi Faith;;;;;;;;;;;;;x 
EVT50124DESC;Kadkohi is a term for the traditional faith of the Gashdzii peoples. Allegedly arising from the miraculous presence of idols and their attendant powerful spirits who protected the embattled tribe of the Gasdhdzii as they fled persecution from the Byotrin in ancient prehistory, it is represented by the major cults of Guzzadt, Buzzamnan, Doshzk, and Maft, and their respective vast networks churches, synods, and congregations carried by the spreading empire. Guzzadt is the patron of toil and discipline, Doshzk of death and authority, Buzzamnan of pleasure and fortune, and Maft of fertility and youth. The major beliefs are the propitiation of these deities as patrons here and in the afterlife, and the belief in a spirit that must be freed from the body after death. The faithful engage in a number of rites, such as honouring gods and their idols and burning bodies. The typical Kadkohi symbol is the quadrine gem with the four heavenly colours.;;;;;;;;;;;;;x 
EVT50125NAME;The J'ur Faith;;;;;;;;;;;;;x 
EVT50125DESC;For the J’ur (meaning, ‘house’),  the existence of a J’ur temple seems to be in some ways prior to any specific belief. Across the Zhadnozho Gid coasts of Bafozh, a vast collection of J’ur temples and meeting houses (ranging from colossal sites in the more populous cities to tiny gardens in areas settled by nonbelievers). can be found. These communal, fraternal, holy, burial, conjugal sites, strictly closed to outsiders, often have social compacts, maritime guilds, charitable organisations and and other social functions attached to them, and each maintain extensive archives of religious texts, omens delivered, and other things. Nonetheless, the J’ur seem to maintain a fairly stable pantheon of powerful gods, heroes, and protectors (most popular are the fused gods, Archs and Chechs, the king who was turned into a gold bar and the lobster that swallowed him), though some temples stray into monotheism or deistic mysticism.;;;;;;;;;;;;;x 
EVTNAME50126;A Fiery $COUNTRY_ADJ$ Zealot of the Synod!;;;;;;;;;;;;;x
EVTDESC50126;In recent months, a new leader has emerged in the Theocratist movement. A fiery preacher from the provinces has drummed up what seems to be a radical Theocratist league! He openly denounces the government, and calls for the faithful to shun it. He organises massive marches in major cities to demonstrate the might of the Theocratist movement. Moreover, he seems to be gradually converting the major synods of our faith to his movement, which calls for greater clerical involvement in politics. This sinister and charismatic figure is known as well for giving private ministration to aristocratic reactionaries and elites, courting the rich and powerful of the revolutionary conservative movement. The interior ministry sees this figure as certainly a threat to public order, and perhaps a threat even to the integrity of the state.;;;;;;;;;;;;;x
EVT50126OPTA;Do all in our power to subvert this demagogue from behind the scenes!;;;;;;;;;;;;;x
EVT50126OPTB;Have him beheaded and his converts imprisoned!;;;;;;;;;;;;;x
EVT50126OPTC;Let him be, what's the worst he could do?;;;;;;;;;;;;;x
EVT50127NAME;The Motkohnic Faith;;;;;;;;;;;;;x 
EVT50127DESC;Motkohnism is a religious movement that grew out of the Kadkohi traditional pantheon in the last two hundred years. The ‘faith of the the stars’ was born when the monk (Dosh) Kauzhut, now called Kauzhut ‘Mifachâzhafta’ (the great diviner), and Kauzhut ‘Donavvat’ ‘the describer’ (among many other honorifics), a small element in the anti-magisterial movement and a nominal member of the church of Guzzadt, had a profound vision of the nature of the world while fleeing south during civil strife. He taught that there was no self after death, and that all would join the dance of the Celestialite (va Motkazh), among many other ethical teachings to be followed once one realized this truth. The Motkohnic faithful do no particular things, but often wear the signs of their teacher, and read and discuss his teachings. There is much emphasis on living rightly in the present, giving the absence of life after death. A typical sign of Motkohnism is the star.;;;;;;;;;;;;;x 
EVT50128NAME;The Wompowushan Pratice;;;;;;;;;;;;;x 
EVT50128DESC;Wompowushan is a term for the vast collection of Poumnian, and larger Diwvish, folk beliefs and religious practices. Its central element is a lack of belief in ‘real death’ upon the cessation of life, and the consequent fanatical preservation and interaction with the bodies of ancestors. Another essential aspect of the taxonomy includes the worship of the emperor, the Pudwou, as a form of world soul. Believers may practice alongside this the veneration of local nature spirits, nobles ancestors, or engage in various rites or Shamushic rituals. The Wompowushan faithful often build vast temples for their ‘sleeping’ ancestors, and the ancestors of the poorer folk are entombed in vast necropoli. The Emperor is seen as a deity, whose divinity extends in a limited way through his servants in the lesser-nobility. The Hatched Sign, or in Poumn, ‘Vudtmruu’ is an ancient Poumnian symbol associated with the boundary of a sacrosanct building. ;;;;;;;;;;;;;x 
EVT50129NAME;The Cult of The Vewúg;;;;;;;;;;;;;x 
EVT50129DESC;The Vewugi faith is the term for all those who worship the Great Vewug as their lord and master. The cornerstone of their faith is their common acknowledgement of the miraculous powers and virtues of a truly numinous being (a ‘powerful wizard’) who is allegedly verifiably real and exists in our plane of being. Much of the faith is structured around the observation of his actions and rare speech, and has led to many different schools of interpretation, with many different claims about his actual cosmological and spiritual role. The Vewug is said to live, usually, though he is often invisible or travelling to other realms, in a great Palace in Sesi known as the Drupe. The Vewugist faithful flock to the Drupe, and holymen watch in tireless vigils for his appearance. The typical sign of the Vewug is a face of a man on three interlinked rings, signifying his power, wisdom, and protection.;;;;;;;;;;;;;x 
EVT50130NAME;The Tehuhrite Beliefs;;;;;;;;;;;;;x 
EVT50130DESC;The Tehuhrite or ‘Sedentarian’ tradition is generally believed to have begun as an ideological prop from neolithic regimes in the vales of northern Ishahfazh, designed to discourage migration and to consequently promote stable tax registrars. The ‘virtues of the solid man’ were first proclaimed by the Philosopher-King Osjunnet of Gohn-Peth, and his various writings on the topic became the germ of a large corpus of Sedentarian philosophy, primarily focused on the virtues of stability, changelessness, and abstract notions of cosmic harmony and splendor. Now, indeed, Sedentarianism has become a complicated legal, spiritual, and philosophical system that dominates much of the north of Ishahfazh. Most typical of the practices of the Sedentarian are the consultation of holy ‘roots men’, satiationary monks who live in the roots of trees or partially buried and are fed by their community, for nearly everything. The Sedenatian symbol is the erect penis-bone, as, according to Tehuhrite teaching, the world began when virile sky impregnated fertile earth.;;;;;;;;;;;;;x 
EVT50131NAME;The Rechktist Schismatics;;;;;;;;;;;;;x 
EVT50131DESC;The Rechktist faith is a popular schism from the Momurist tradition practiced mostly by the northern tribes of Kovazh. Believing, contrary to the Momurists, that the so-called ‘silent god’ is in fact reawakening, and that rebirth and purification is an ongoing process that will be arrived at through the agency of men (as opposed to the Momurist belief in a slow cessation of all spirit and will), the Rechktist Zealots attempt to violently convert others to their pure and austere lifestyle, rather than merely shun the impure and trust the holymen to purify the world, their corpse, etc after their own death (as the Momurists do). Organised into violent warrior-priest clans, Rechktist society is unstable and dynamic, as minor theological disputes often spill over into bloodshed and war. The Rechktist symbol is the awakened face.;;;;;;;;;;;;;x 
EVT50132NAME;The Momurist Faith;;;;;;;;;;;;;x 
EVT50132DESC;The Momurist Faith is an institutional religion practiced by the larger empires of southern Kovazh. The once small regional Humabi idolatry of the millennia old ‘silent god’ has spread, through its institutional maintenance by several Humab and Soxupappi dynasties to be one of the most popular faiths in the world. The world is treated as the dying corpse of a colossal entity whose death coincided with the creation of the universe. The subtle rules of his mind and being, now baked into the fabric of the world, determine right action and purity. The righteous dead, it is believed, will, upon the rebirth of the great silent god, find themselves in the upper echelons of a new order, belonging to the godhead in an essential way. The impure will be cast off as detritus. Momurist diviners spend much time determining right actions through study of the natural world, and giant ‘prayerlands’ are set aside for purity and pure adulation of creation. Passivity, Purity, and Inaction are the virtues most prized by the Momurists. Their symbol is the winged jewel, exemplifying pure rebirth.;;;;;;;;;;;;;x 
EVT50134NAME;The Paorusu Witch Cults;;;;;;;;;;;;;x 
EVT50134DESC;The Paorusu ‘witch cults’ of the south west of Kovazh are a large faith believing in a number of persistently reincarnated ‘canonical’ deities. The main practice of worship is the adulation of a number of women, fifteen - in particular, who are considered reincarnated powerful spirits. The faith retains a great degree of scriptures recounting the deeds of these powerful spirits in history and mythic prehistory. The Paorusu clergy maintain a large library of these in Isi, where they also convene synods to confirm the reincarnation of a spirit. Beyond the adulation of the fifteen canon deities, which includes burning offerings brought to their sees, mantras, prayers, and gestures of reverence, the Paorusu faithful also turn to a great many local ‘witch women’ who claim to work magic, like the great deities, as well as believe in universal reincarnation and the transmigration of the soul. The Paorusu symbol is the knotted reed, symbolising eternal recurrence.;;;;;;;;;;;;;x 
EVT50135NAME;The Parqmun Faith;;;;;;;;;;;;;x 
EVT50135DESC;The Parqmun are iconoclasts, both with a fanatical need to burn the captured idols and symbols of other faiths, and a ritualistic habit of burning sculpted idols in the signs of the various devils, fallen angels, and cursing spirits of their cosmology. Recognising no other God than the one God ‘Mun’, the Parqmun are the faithful of Mun, shaper of the world and protector of the faithful from their many enemies. Their strict monotheism allows for a great host of devils and sprites, whom they take to be the cause of both many natural disasters, wickedness in men, and to be the tricksters that ensnare the minds of foreign nations and cause them to set up their false gods. The Parqmun scriptures are held in the great temple in Do Dhruzd, presided over by the collection of ‘pure’ child-priests, whose innocence allows them to behold the one sacred image of Mun held therein. Their symbol is the burning idol. ;;;;;;;;;;;;;x 
EVT50136NAME;The Gyahki Faith;;;;;;;;;;;;;x 
EVT50136DESC;The Gyahki are known as the ‘bauble folk’. Extremely jealous of the various gemstones and jewels that they wear upon their body, usually suspended by chains of precious metal, they believe the soul, through various rituals, and the sanctioning of powerful spirits and gods, can be externalized and preserved, and sometimes conjured into the body of a child. Upon the death of a Gyahkite, a trusted relative will typically bring their soul-jewelry to the great ‘city of souls’, the underground vaults in Rygaas, guarded by their priest-shamans. Their religion is apparently quite an ancient one, with archeologists finding inscribed jewels in the archeological record of the region dated multiple millennia back. The common folk are often not reincarnated unless someone is especially concerned to have them back. They say the soul comes from the ‘cracks of the world’ and ‘the mist of the sea’, and that the quantity of ‘simple’ souls is enormous.;;;;;;;;;;;;;x 
EVT50133NAME;The Shamush Beliefs;;;;;;;;;;;;;x 
EVT50133DESC;Shamush is a Poumnian etic term for the half-pagan scholarly faith of the Pruunitsh people of the Reuhriz (Wroush or Drangupt in Poumnian) peninsula. It emphasizes the existence of bicephalous snake spirits that pervade the fabric of the world, and has been described as a ‘way of seeing’, rather than a faith. It has developed a large collection of highly esoteric writings about its practice and the relations between its many deities/spirits, and its many apocryphal texts, secretive hereditary schools, and strange doctrines attract mystics and occultists from other nations. In Pruuntish society, the Shamushic teacher typically will live in near darkness for many years, in small houses, attended by students, in an effort to learn better to see the spirits of the world. A common symbol of Shamush is the Two-Headed Snake, The Tower (the sign of Rod, the great teacher), and the Open Mouth.;;;;;;;;;;;;;x 
EVT50137NAME;The Juewaeg Cult;;;;;;;;;;;;;x 
EVT50137DESC;The Juewaeg faithful are those who worship the evil sprit/powerful deity that allegedly dwells at lake Geshe in the south forests of Bafozh. The faith would be indistinguishable from any other sort of homicidal paganism except for the shocking political authority it wields. The settled priest-kings of Hamog preside over the cult of the spirit of lake Geshe by means of precious objects they grant out to the faithful, the totems of which can be found carried by the many quasi-nomadic peoples of the southern forests, and the bearing of which promises sacrifice and tribute brought to the lake for the great yearly festival where many hundreds of captives are decapitated in the lake. Juewaeg priest kings have told our anthropologists that the totems depicting a headless avian body do not depict the nature of the lake spirit. Nonetheless, this is the only coherent and stable symbol of the cult of the lake God.;;;;;;;;;;;;;x 
EVT50138NAME;The Dkåtkang;;;;;;;;;;;;;x 
EVT50138DESC;Knagtka Kneg, the great prophet, claimed to have been an incarnation of the Sun, and is still worshiped as such in the east coast of Bafozh. It is estimated that he must have lived around 300 years ago, but his faith has spread far and wide. The Dkatkang have no scriptures, but a definitive collection of prayers and odes, spread by word of mouth and kept in memory, means that the heliolatrous traditions of the primitive peoples of this region take on the characteristic of a definite faith, distinguishing them from the miscellaneous animists living among them. Knagtka Kneg is claimed to have been able to multiply foods, raise figures from the dead, and to predict the future. Anthropologists believe that this faith must have developed from a primitive heliolatrous faith, to which Kneg was born into, and which he reformed with his poetry, ethical teachings, and itinerant preaching. Their principle sign is the sun, to which they often append blue prongs, for unclear reasons.;;;;;;;;;;;;;x 
50138OPT;The Dkåtkang;;;;;;;;;;;;;x 
EVT50139NAME;The Kusii Cults;;;;;;;;;;;;;x 
EVT50139DESC;The Kusii Cults of Shobgizob are a collection of practices designed to propitiate the cruel creator god, who they claim to have made the world. They refuse to speak his name, and instead refer to him by euphemism: the cruel one, the grim one, the one-who-sends-large-birds. They are avowed bloodletters, believing the sacrifice of beasts and men can quench his hunger for the lives he himself has created. Their main scriptures, collections of poems and instructions for both sacrifice, and ritual scaring, were, ironically, transcribed in a syllabary created by Vewugist missionaries who hoped to evangelise them. They cite the abysmal state of life, and the plethora of disasters, to describe life as a terrible dream. The principal motif associated with their art is the bloody ring of skulls, reflecting both the cycle of life, and the misery therein, as well as the memento mori and the need for bloodletting.;;;;;;;;;;;;;x
EVT50140NAME;A Report on the J'ur;;;;;;;;;;;;;x 
EVT50140DESC;Since we recently have acquired some J’ur subjects, a number of our anthropologists and hominometricians have endeavoured to make a notable study of the J’ur faith. They have recently delivered a report to the $COUNTRY_ADJ$ Academy of Sciences detailing their research methods and their findings. Along with interviewing several J’ur practitioners, they also managed to secure access to the archives of a J’ur temple following its closure and seizure by the state after a failure to pay temple taxes. They have managed to aggregate typical J’ur dieties and practices, such as entrail reading, urn-burial, and have catalogued a number of holy letters and symbols that are always found plastered on J’ur clothing, sails, and textiles. A number of those in the ministry for the colonies and the interior have acquired copies of this report, and the academy has published it in their recent issue of the $COUNTRY_ADJ$ encylopedia.;;;;;;;;;;;;;x 
EVT50141NAME;Momurist Texts;;;;;;;;;;;;;x
EVT50141DESC;It is somewhat hard to get one’s hands on the compendious volumes detailing the correct rituals, ablutions, prayers, fasts, motions, and ponderous list of prohibitions kept by the Momurist faithful. Their scribes jealously guard these immense volumes in the massive keeps and towers of the so-called prayerlands. Throughout the centuries small catechism and books of hours to keep have reached the Ishahfazhi libraries, some have been reprinted by our publishers, and indeed some foreign scholars have collected large portions of the rules, but a comprehensive collection has never been assembled. Now, however, since we have established significant influence in Momurist lands, a ‘scholar and adventurer’, one of our overseas secretaries, has contacted the foreign office with a scheme to collaborate with a corrupt monk to smuggle out vast collections of Momurist literature to $CAPITAL$ to be translated and studied. The foreign office sees some use in this for the sake of administration.;;;;;;;;;;;;;x
EVT50142NAME;The Strange Rechktists;;;;;;;;;;;;;x
EVT50142DESC;The savage Rechktist clans now under our dominion defy comprehension. Fickle, changeable, and violent, they seem ungovernable and inimical to our state, and are always quick to arms. All of our laws seem to offend them, and their people live in self-imposed ghettos in our colonial cities, and are always fractious about taxes. Recently, however, an able regional judge with an interest in foreign cultures has founded a $COUNTRY_ADJ$ Society for the Study of Kovazh. In his first paper to the society, he detailed the intricacies of the Rechktist faith, and the causes of their divergence from Momurist Orthodoxy. He explains, particularly, how those who pay taxes to us are expected let their own blood, or pay for another in the clan to do it, as atonement for their participation in our ‘depraved’ political system. He suggests that taxes be made less frequent, and made into staged ‘requisitions’. ;;;;;;;;;;;;;x
EVT50143NAME;Archeology in Hamog;;;;;;;;;;;;;x
EVT50143DESC;Our recent conquest of Hamog, the barbarous theocracy of the southern forests, has provided the means for an archaeological survey of the Hamogine settlements on the banks of lake Geshe. A number of military surveyors took a number of artifacts back immediately, but a dedicated excavation from the College of Antiquarians of $CAPITAL$ has revealed a number of curious things. It appears that there has been continuous hamogine settlement in this place for nearly six millenia, but despite this they never developed a numerographic or a graphological system, though sacrificial tallies were kept by large piles of knucklebones. The bird-totem has seemingly remained consistent throughout this time.;;;;;;;;;;;;;x
EVT50144NAME;Poumnia;;;;;;;;;;;;;x 
EVT50144DESC;Poumnia is a term for the land, people, and various incarnations of the ‘Vopudshawrish’, the ‘holy kingdom’, around the Poudwouvas since time immemorial. Dominated by large feudal estates, huge paddy fields organized along the lines of brutal plantation slavery of the Anuvo race of the mountains, a complicated system of military governance by the royal capital, and various subjugated peripheries, Poumnia is a brutal, essentially plantation society, known for its aristocratic outlook, its proud military, and its passive populace. The principal organs of the Poumnain state are the governor-generalships staffed by the aristocratic elite, and the imperial cult and its priests. The apex of the Poumnian state is the Vopudwou, or Pudwou, the God-Emperor who is set to make the sun rise, the ‘golden carp’ and the linchpin of the world. Through his many hundreds of wives, he is said to ‘share’ his divinity with the lesser noble families. ;;;;;;;;;;;;;x 
EVT50145NAME;No Special Country Page!;;;;;;;;;;;;;x 
EVT50145DESC;The editors regret to inform the reader that our country sadly is hardly relevant enough to merit its own encylopedia entry. \n §BNOTE: Very sorry, but this country has not been yet given its own encyclopedia entry.;;;;;;;;;;;;;x 
EVT50146NAME;The Countries of the World;;;;;;;;;;;;;x 
EVT50146DESC;The Miiv is full of a vast and wondrous place full of all sorts of strange states. This subsection of the encyclopedia attempts to categorise the lands of the world by their forms of government and their attendant societies. This part of the encylopedia is sorted into subsections. The editors would like to apologise if any of these entries are out of date due to new political developements.;;;;;;;;;;;;;x 
EVT50147NAME;The Great Lake of Bafozh!;;;;;;;;;;;;;x 
EVT50147DESC;The recent exploratory expedition we dispatched to Bafozh has been an immense success. In the reaches of the Southern forests, our explorer and his expedition discovered a colossal lake, believed to be the largest in the world by surface area. He and his expedition enjoyed for a week the hospitality of the locals, before eventually heading northeast to the coastline where they met up with a few naval escorts. He reported to the interior ministry not only the uniqueness of the region, but recommended a geological survey be carried out as well, given the tested high amounts of Iron in the water. His local connections are sure to be remembered if we should ever try to establish influence in this region. But here is one more thing. He also reported that he considered the name such a fine lake, and… \n §RNOTE: There is not a lake name for every country.§!;;;;;;;;;;;;;x 
EVT50147OPTA;...named it in honur of our country.;;;;;;;;;;;;;x
EVT50147OPTB;.. named it after himself!;;;;;;;;;;;;;x
EVT50147OPTC;... decided that it would be easiest to use the native tongue.;;;;;;;;;;;;;x
EVT50148NAME;A Bafozhi Coastal Purchase;;;;;;;;;;;;;x 
EVT50148DESC;Our recent expedition to Bafozh has yielded startling results. The captain of the expedition steamed into $CAPITAL$ yesterday with news that the linguist of the expedition, a wealthy intellectual, while sailing by a coastal region in which he had proficiency with the language, negotiated, as a private citizen, a number of treaties with the local chieftains and kings, declaring them protectorate to our nation under his own rule, as well as purchasing tracts of their land! He promised them a great amount of his own wealth, and seemingly is angling to be made governor of an overseas protectorate. The captain has admitted a lapse in duty in allowing this to occur, but the colonial office worries that the treaties must be enforced. They estimate, however, that to actually establish effective administration over this region, it would be a sizable expense.;;;;;;;;;;;;;x 
EVT50148OPTA;We'd lose face if we didn't take control of this region.;;;;;;;;;;;;;x
EVT50148OPTB;Good heavens, who does he think he is? Absolutley not!;;;;;;;;;;;;;x
EVT50149NAME;The Charming Native;;;;;;;;;;;;;x 
EVT50149DESC;Our recent exploratory expedition to Bafozh, while not yielding many results in terms of ethnography or geography, nonetheless has given the reading public something to cherish. A few months after returning to $CAPITAL$, the captain of the expedition published a memoir of his travels, and his remarkable friendship with his Wushauw guide, who led him across the tractless wilds of Bafozh, and taught him of the strange fauna and flora, his animistic view of the world, and how to survive in the great eastern continent. This remarkably romantic and pan-hoministic tale has captivated and charmed the intelligentsia of the metropole, and softened concerns about the expense or worthiness of colonial ambitions in Bafozh. However, those in the colonies remain hostile and suspicious of their brutish neighbours, and caution ‘the beast-men of Bafozh must be given no quarter!’.;;;;;;;;;;;;;x 
EVT50150NAME;Prospecting in the Holy Mountain;;;;;;;;;;;;;x 
EVT50150DESC;The Paguyti of the plains have always worshiped their lightning God in their holy mountain of Twünazh or Paphüytashu. The great thunderer, they say, makes his will known through striking his holy mountain, which in its own right is the head of a great subterreanan god. The foothills of the mountain are full of populous settlements of their people, and in the hot summer season they bring their fat ruminants into the mountain for grazing, where they harvest the valuable wool. Now, however, we face a dilemma. A number of $COUNTRYCULTURE$ prospectors have, they believe, found massive coal deposits beneath the mountain. A few firms have suggested that the government grant them rights to exploit, but our occupation of the Paguyti lands generally is carried out with a policy of tolerance and latitude. To grant a firm rights to mine in the sacred precincts of the mountain would be to provoke great anger from the Paguyti.;;;;;;;;;;;;;x 
EVT50151NAME;The Liberation of our Brothers;;;;;;;;;;;;;x 
EVT50151DESC;It is well known that wicked foreign races will enslave or enthrall our people without a pause to think. While we do have certain redemptorist societies, what above all leads to the freedom of our racial brethren is their flight from slavery or our conquest of regions that oppress them. Our racial laws grant citizenship to nearly all of those who can prove themselves as belonging to our patrimony. Recently, our government has ferreted out a pocket of our brothers enslaved in our lands. Them and their families are being prepared for liberation and for their citizenship of our nation, and the interior ministry has prepared new documentation for them.;;;;;;;;;;;;;x 
EVT50152NAME;General Miscellany;;;;;;;;;;;;;x 
EVT50152DESC;Herein is contained entries related to asorted topics of commerce, botany, and geography.;;;;;;;;;;;;;x 
EVT50153NAME;Politics and Ideology;;;;;;;;;;;;;x 
EVT50153DESC;Herein is contained entries related to political theory, the aims of various political platforms and ideologies, and the various sorts of governments.;;;;;;;;;;;;;x 
EVT50154NAME;Absolutism;;;;;;;;;;;;;x 
EVT50154DESC;Absolutism is the extremist wing of the statist movement. They have come to believe that the state itself is a good, an entity that serves no greater good than itself, and that its members must ultimately be subordinated to it. The state should be seen as an enterprise that succeeds or fails in the preservation and expansion for its own sake of its own power, capacity, and efficiency, and nothing else. The Principle philosophers of absolutist thought are Pazzak III and Bida Gamak.;;;;;;;;;;;;;x 
EVT50155NAME;The Statist Government;;;;;;;;;;;;;x 
EVT50155DESC;An absolutist bureaucracy refers to the broadly totalitarian and autocratic bureaucratic systems of government preferred by Absolutist parties. The paradigmatic features are hierarchical parties parasitic on the state, centralist decision-making protocols, secret police networks, nomenklatura-systemic appointments, and the subordination of the citizenry to the growth of state-run enterprises.;;;;;;;;;;;;;x 
EVT50156NAME;Jiishanâg;;;;;;;;;;;;;x 
EVT50156DESC;Jiishanâg is a large and developed Motkohnic Gashdzii state in southern Ishahfazh. Developed from a confederal arrangement of great landlords, free settlers, and small urban trading cities along the southern coast, with the shattering of the empire it developed a sophisticated parliamentary system and broader state infrastructure to cope with security and self-organization. It was the first state to trade globally and to industrialize, and is known for its tolerance, justice, and developed infrastructure. The origins of the Jiishan state are in the ‘compact of Jaub’, of 699, a mutual defense organisation by the local nobility, who agreed to honour a common Jiisha, or court, which eventually became the judico-parliament of the state. The Jiisha of Jiishanâg holds extensive powers, and most nobles as well as the great towns send representatives, and its vast and august body sits in Nozho for 9 out of 12 months of the year, overseeing most national concerns. ;;;;;;;;;;;;;x 
EVT50157NAME;Wapkam;;;;;;;;;;;;;x 
EVT50157DESC;Wapkam is a Poumnian colony on the coast of the Juuruntine territories. Once a chartered company for the extraction of precious metals, rare woods, and beetle-shellac, it gradually attracted a steady trickle of Poumnian freebooters, settlers, traders, etc. seeking freedom from the authoritarian grips of Poumnian governance. While once a mere outpost of the Poumnian state on the strait of Midod and projecting influence into the Zhadnozo, nearly two and a half centuries of colonial settlement has produced a robust state with its own identity and governmental traditions. While still under the nominal suzerainty of the Vopudwou, Wapkam has developed a remarkable tradition of corporate self-governance through the negotiations of the great factors and estate owners, their clients and dependants. The principal organs of the state are the Congress of Estates in Aincha, the President-Director, and the factors of the smaller estates who carry out Wapkami and Estate policy. ;;;;;;;;;;;;;x 
EVT50158NAME;Towourud;;;;;;;;;;;;;x 
EVT50158DESC;More properly the Toshawriz (Poumnian: Doshawrish) of Towourud, the old Towuzhan kingdom has long been a stable presence of southern Ishahfazh. Sometimes tributary of Holy Poumnia, the lords, or king and court, of Towourud have just as often struck their own course, aided by distance, language, and geography. At present the kingdom of Towourud straddles a dangerous line between the dangerous Veyethuns to the north and expensionist Poumnia to the east. Thrakuunt Zaum-Thomon III currently rules, the 7th king of the Zaum-Thomon line, which took power over 146 years ago by ousting the Tributary dynasty of the Zaum-Faemon in a bloody civil war. The kingdom is largely ruled by means of district military governors loyal to the king. ;;;;;;;;;;;;;x 
EVT50159NAME;Poumnia and her Tributaries;;;;;;;;;;;;;x 
EVT50159DESC;The Poumnian Empire, the holy ‘Vopudshawrish’, ruled by the Vopudwou, the divine emperor, has long projected influence into its periphery and the wider world. This section of the encyclopedia includes a number of states which are nominal tributaries of Poumnia, and Poumnia itself.;;;;;;;;;;;;;x 
EVT50160NAME;The Cultures of the Miiv;;;;;;;;;;;;;x 
EVT50160DESC;There are a great many cultures across the Miiv, from savage beast men of Bafozh, to those of the greatest refinement in Ishahfazh. This section of the encyclopedia surveys the peoples of the world, and their variegated customs. ;;;;;;;;;;;;;x 
EVT50161NAME;The Poumnians Themselves;;;;;;;;;;;;;x 
EVT50161DESC;The Poumnian culture is largely found along the great Poudwouvas river delta and the surrounding lands and hills. Poumnian society is rigid and hierarchical, autocratic, familial, patriarchal, fearful of witches and ancestor-preserving. The Poumnians, as per the rituals and customary beliefs of their land, believe their ancestors continue to ‘live’ in a second form of life after 'death', embalmed and clothed, and communion with the ancestors is a very important aspect of society. Labor in any form is seen as degrading and is only practiced by the lower classes of society. To work hard is not seen as the attributes of a virtuous individual, but that of a slave, and any sign of labor signifies servitude in some form. Poumnians are largely vegetarian. They consume mainly a combination of river grains, fruits, and insects. To consume the flesh of another living creature is looked down on as barbarous and unhygienic.;;;;;;;;;;;;;x 
EVT50162NAME;The Roshupto;;;;;;;;;;;;;x 
EVT50162DESC;The Roshupt are a jungle-dwelling folk who speak a Diwvish tongue lying on the border jungles between Poumnia proper and Touworurd. While largely free, they hold no position of prestige in Poumnian society. They are tolerated only because their clan-headsmen profess worship of the emperor. Their strange dialect makes their society relatively insular, but like the Poumnians, they preserve the bodies of the ancestors, though in large jungle cairns, and not the clan home. For many centuries they were mere tributaries of the Pudwou, though in recent years the Poumnian government has set up a number of fortified cities deep in the Roshutan jungle. Unlike the Poumnians, they are hunters as well as farmers, and stalk the largely avian and reptilian fauna of the jungle. The Roshutan also worship a number of forest spirits which are tolerated within the broad notion of Wompouwushan and emperor worship.;;;;;;;;;;;;;x 
EVT50163NAME;The Rashuum of Wapkam;;;;;;;;;;;;;x 
EVT50163DESC;Rashuum refers to the people who live in the Poumnian colony of Wapkam. The Rashuum speak a dialect of Poumnian, mixed in with a good degree of naval slang and Aysum borrowings. The basis of the culture is steadfastly Poumnian: autocratic, hierarchical, familial, patriarchal, fearful of witches and ancestor-preserving. More than this, the frontier has consolidated social-solidarity as well as reinforced class lines. More conscious of the virtues of solidarity in the face of many rivals and restive natives, the ‘honour culture’ of aristocratic Poumnia spread down to the lowest warrior-serf of Wapkam. The producing plantation or coastal fortress is as sacrosanct as the clan or lordship, and while social roles are strictly enforced, one feels the factor of a Wapkami plantation has much more affection and paternal care for his laborers than the Poumanian lord. ;;;;;;;;;;;;;x
EVT50164NAME;The Towuzhan Folk;;;;;;;;;;;;;x 
EVT50164DESC;The Towuzhan people are those of the Toshawriz, or Kingdom, of Towourud. Largely distinguished from the Roshutan people to the east of them by their more sophisticated culture and distinct dialect, Towuzhan society is centered around the large jungle fortresses that house their cities, and beyond these, in the sweltering heat, under the hot and yellow sun, they grow fruit from jungle trees and harvest starchy roots from the sandy soil. Touworud is noted for its relatively placid, tolerant and open attitudes, both unlike the stratified and formal Poumnians or the vigorous, excitable Pruunts of the south. A tradition of birding and poetry are the preserves of the Towuzhan nobility, and the ‘little people’ of the jungle huts maintain a low-culture of popular songs and pastoral languor. The Towuzhan, like the Roshutan, engage less with their dead ancestors than the Poumnians.;;;;;;;;;;;;;x  
EVT50165NAME;The Anuvo Underclass;;;;;;;;;;;;;x 
EVT50165DESC;The Anuvo are the Byotrin - the giant, glabrous hominids of old Ishahfazh - underclass of Poumnia, long enslaved by the Poumnians (who gave them their name in Poumnian tongue: ‘hill folk’.) Anuvo society and clan structure were effectively destroyed by the Poumnian conquerors, who fought viciously in the slave wars of 500-700 I.R. to defeat and subjugate these tribes and destroy any clan connections or identity among their new slaves. Only a few weak tribes still exist today in the most remote valleys or highest peaks, where Poumnian warriors saw little point or glory in subduing. When an Anuvo dies, instead of their body being cared for, they are cast into the stone foundations of their ruling noble family. This is done to ensure that even in the second stage of life, the Anuvo will continue to serve their master for all eternity. The Anuvo largely speak a rough dialect of Poumnian, with an ancient substrate of the old Anuvan tongue to be found somewhere within.;;;;;;;;;;;;;x 
EVT50166NAME;Poumnia and Her Peoples;;;;;;;;;;;;;x 
EVT50166DESC;The Poumnian group of cultures encompasses a number of groups of people who all speak a Diwvish language and are vaguely related to the Poumnian Vopudshawrish (divine kingdom). From the Poumnians themselves, their Anuvo underclass, to the colonial Rashuum, these people share a number of traits, culturally and socially.;;;;;;;;;;;;;x 
EVT50167NAME;The Occupation of Pâshdzii;;;;;;;;;;;;;x 
EVT50167DESC;Pashdzii, the ancient imperial capital of the Kiidnazh has for centuries been again little but a city state containing the residence of the Emperor, who rules our land in name only. This place bears a storied place in Gashdzii history, the dawning place of Gashdzii identity, the great plateau on which our ancestors took refuge from the Byotrin savages, developed our religious rites, and slowly built an empire. The great temples to all the high gods, the imperial palace complex, the towering workshops, the noble estates, and the immense markets are all still here, and Pashdzii still dominates the east-west trade. Now, however, our state has come to occupy the city. In times past Pashdzii has been occupied by a provincial power, too, but usually homage was paid to the emperor and forces quickly decamped. Our seeming lack of intention to exit has sent ripples of discontent through the old Gashdzii world. To continue to occupy the imperial city would vastly enhance our prestige, but would be breaking the centuries old tradition of honouring the autonomy of the impotent emperor. It would be, in effect, finally ending the pretences of the ancient Imperial dynasty.;;;;;;;;;;;;;x 
EVT50168NAME;The Liberation of Pâshdzii?;;;;;;;;;;;;;x 
EVT50168DESC;Pashdzii, the ancient Imperial capital of our people, the vast metropolis at the heart of the Gashdzii plains, still houses the emperor, who rules all the old Gashdzii lands at least in name. But now, the contumacious soldiers of $FROMCOUNTRY$ have seemingly made a plan to ‘garrison’, for an indefinite amount of time the capital! In what seems to be a sham ceremony, undoubtedly under duress, the emperor has appointed the government of $FROMCOUNTRY$ to be the ‘imperial constable’ and protector of the capital and the lands of the Kiidnazh. Agents from the imperial palace are said to have reached out to the regional powers of the provinces to attempt to make contact with those who might stage an imperial restoration and save the Emperor from his captivity. ;;;;;;;;;;;;;x 
EVT50169NAME;The Occupation of Pâshdzii;;;;;;;;;;;;;x 
EVT50169DESC;Pashdzii is the largest city in Ishahfazh, the ancient imperial capital of the Kiidnazh, the empire of the Gashdzii, which dominated most of southern Ishahfazh for nearly 1000 years, and for many more centuries lay in the hands of her successor states. And Pashdzii is a truly incredible city, with its many millions of residents, its towering workshops, the headquarters of the Kadkohic synods, the imperial palace complex, and its colossal marketplaces, palaces, theaters, libraries - it lies at the forefront of all culture, science, and trade. And now this jewel of Ishahfazhi civilisation has fallen into our hands, though we are not Gashdzii. It appears that the Imperial dynasty had fled - it is not clear where to. The palace complex was locked and our soldiers have made it into a temporary home after breaking down the doors, looting many treasures in the process. There is seeming large-scale resistance to our rule, and soldiers are having some difficulty establishing control, but the military governor assures the department of the interior that order will be restored. We must fear, however, a Gashdzii reaction: they are not likely to quietly watch the despoiling of Pashdzii.;;;;;;;;;;;;;x 
EVT50170NAME;The Liberation of Pâshdzii?;;;;;;;;;;;;;x 
EVT50170DESC;Pashdzii, the ancient Imperial capital of our people, the vast metropolis at the heart of the Gashdzii plains, has been occupied, and seemingly annexed, by the foreign power of $FROMCOUNTRY$! It is not clear where the Imperial family has fled to: some are suggesting Vokonazh, others Vâfaut. In any case, imperial agents have put out a desperate flee to drive the despoiling savages from our great city. And despoiling there is: the treasures of our great civilisation, the imperial archives, the treasures of the synods and the very idols of the high gods are said to be being carried off by thuggish soldiers! And this is to say nothing of the suffering experienced by the people of the capital at the hands of foreign occupation: murder, rapine, torture, etc, are said to be common. Popular movements are already being organised across the old Kiidnazh and even the settled regions beyond the old borders for the liberation of the capital.;;;;;;;;;;;;;x 
EVT50171NAME;The Issue of Veyethu;;;;;;;;;;;;;x 
EVT50171DESC;Given the recent ascension of the Free-Yoker bands to government in our country, we have a difficult decision to make. Many of the free-yoker revolutionaries see themselves as soldier-citizens of the Sublime Veyethu, the state that carried the revolutionary mantle after the shattering of the old Athisard monarchy. There is a large bloc of our new revolutionary committee who propose incorporating the interim revolutionary state into the larger Veyethun state and ‘completing’ the revolution in our lands. However, there are dissenting voices, playing on regionalism and linguistic prejudice amongst the siethevans, who suggest it may be wiser to strike out on our own.;;;;;;;;;;;;;x 
EVT50172NAME;$FROMCOUNTRY$ Requests Annexation;;;;;;;;;;;;;x 
EVT50172DESC;It appears the people of $FROMCOUNTRY$ have overthrown their wicked aristocratic overlords and established a new Liberationist state. Furthermore, given the status of fromer $FROMCOUNTRY$ as a mere rump state formed after our revolution of 1297, after a few weeks of debating, they have formally petitioned for us to annex them and incorporate them into the true revolutionary inheritor of the old Athisard state! We have made contact with their revolutionary committee and are preparing the infrastructure for the general incorporation of their government into ours, by deputizing a number of their leaders as office holders in our state and passing a number of union acts. The Veyethun state grows ever stronger!;;;;;;;;;;;;;x 
EVTNAME50173;The End of the Vopudshawrish?;;;;;;;;;;;;;x 
EVTDESC50173;Recent revolutionary changes in the government of Poumnia have ushered in a profound change in our constitution. The dramatic overthrow of Vopudwou, the celestial emperor who we have long worshiped as a god has shaken the very foundation of the world. But now it seems we are at a loss for what to do - his majesty, it seems, is not God, but man. His kingdom fell and the rivers continued to run, and the sun continued to rise. The great carps continue to swim in the river, and the crops continue to grow. In certain regions, many of the imperial temples have been converted to messianic cults of a transcendent, unconquered and reborn world-spirit-emperor, and the Imperial clergy have been eager in encouraging this, bundling it with the spirit of reaction and militant conservatism. Some, however, announce the death-knells of superstition and tyranny, and welcome a more enlightened age.;;;;;;;;;;;;;x 
EVTNAME50174;The Anuvo Question;;;;;;;;;;;;;x 
EVTDESC50174;For centuries we people of the Pudwouvas valley have lain under the intolerable yoke of the noble elite of upper and lower poumnia. Most insulting and troublesome of all the iniquities we suffered was the lordly dependence on Anuvo - that race of stupid, towering, pale, hairless giants brought down by our slavers from the mountains - for much of their labour. We short and stout Poumnians have never been able to compete in the slightest with these beasts, who drive labor prices to zero. Now, since the Liberationist government has been established in the lands of the south, the entire country has erupted in anti-lordly violence, with manors sacked and sections of the Anuvo population massacred or captured by an amorphous class of Poumnian serfs and wretched freemen. It seems apparent the government should establish a dedicated policy to deal with the hated Anuvo populations on our lands. ;;;;;;;;;;;;;x
EVTNAME50175;Refugees Arrive in Drit;;;;;;;;;;;;;x 
EVTDESC50175;The recent revolution in Poumnia, and the consequent violence against the Anuvo people, has led in a number of districts the government to deport en-masse all registered Anuvo people. Seeing that the lands of the Ghechi Confederacy are the ancient homeland of the Byotrin people, to which the Anuvo belong, they have chosen the old province of Drit outside their borders to deport the Anuvo to. The Anuvon have been told it was going to be an 'Anuvonwrish' or an Anuvan state, but we of course cannot allow that. Nonetheless, we are obliged to deal with this vast ammount of refugees that the Poumnians have saddled us with.;;;;;;;;;;;;;x 
EVT50176NAME;The 'Gap Toothing Problem';;;;;;;;;;;;;x 
EVT50176DESC;Poumnia, beneath the jurisdiction of the Pudwou, is a large collection of fiefdoms of the noble houses, oftentimes formally 'military districts' that seemlessly blend into a noble patrimony, peppered by a number of districts governed directly by the Pudwou through the imperial clergy. The noble houses, especially the large ones, hold land up and down the great river, and tend to, as is their right, levy internal customs duties at every border. Their many small territories, like 'gapped teeth' along the river, are perennial interruptions of commerce and the barges. Ultimately, this money flows to the treasury, but modern economists argue that it vastly depresses the economy, and it is source of great resentment among the lesser nobility and the people. The courtiers of the privy council in $CAPITAL$ are discussing the matter today. By abolishing the internal customs, we may stand to gain much! §RNOTE: Both of these options are PERMENANT, pending a revolution, which removes gap toothing.;;;;;;;;;;;;;x 
EVT50177NAME;The Bafozhi Swine!;;;;;;;;;;;;;x 
EVT50177DESC;Our recent expedition to Bafozh has yielded results, which while notably disappointing to those in military and political circles, seemed to have thrilled the scientific world. The captain and one of his adjutant scientists have brought home what seems to be a small swine, not even fit to ride upon. The doctor babbled a lot of things to the colonial minister about the search for the ‘elusive Bafozhi swine’, tales of stalking this solitary creature for miles over scrubland, and the ‘astounding’ implications for both the theory of speciation and the theory of a land-connection in geological time between Ishahfazh and Bafozh, and, based on undeniable similarities he says, the relation between our own proud charging swine and wool-swine, and this strange, pygmy beast that has been dragged back to $CAPITAL$. ;;;;;;;;;;;;;x 
EVT50178NAME;The Gashdzii Peoples;;;;;;;;;;;;;x 
EVT50178DESC;The Gashdzii are one of the foremost cultures in Ishahfazh. Spreading from a small community in the center of the continent, in the plateaued savannahs, their vast empire and its successor states have dominated the east and center of the continent of Ishahfazh for the past millennium. Their ruthless and brutal expansion across the continent was characterised by relentless activity, urgency, and wanton cruelty, shaping these strong and enterprising peoples. The Gashdzii are known for their bold and daring characters, their charm, and commonsensical and practical minds. They speak three mutually intelligible dialects, North (or Vokonazhi), West (plateau or high), and South (plains). The colonial Jazhakdi speak a jumbled mix, and have a different cultural identity to all three Ishahfazhi regional identities.;;;;;;;;;;;;;x 
EVT50179NAME;The Gasdhzii Colonies;;;;;;;;;;;;;x 
EVT50179DESC;The first Gashdzii colony in Bafozh was established in 789 I.R., by the charter of Emperor Boshashovii the first. From this point onward, a number of Gashdzii states, substates, or principalities have maintained stations, fortresses, or even settler colonies in the east to attempt to open up trade with Ishahfazh. Gradually, three main settled areas took shape: the Hohreathy north, boasting of the Kushnâg state and diminutive Dozhnâg, both largely independent for most of their existence (both having charters as nominal parts of the Empire, from the Pashdzii government), attracting economic settlers seeking freedom and opportunity, the Settlements in Charassland, including Poponazh, the abortive imperial project organised by Jiishanâgi castellans, and Bozzanazh, the young filibuster state, and finally the Theanâg area, including the island, which remains a part of the Jiishanâgi state, as well as the nearby continental shores populated by free settlers.;;;;;;;;;;;;;x 
EVT50180NAME;Kushnâg;;;;;;;;;;;;;x 
EVT50180DESC;Kushnâg is the destination for all Gashdzii hopefulness, all those desperate or persecuted of the old empire. Declared an imperial province in 918 after the first settlers arrived in 916, it gradually developed and cultivated an identity of sober farmers. Often referred to as the birthplace of Jazhakdi culture, it boasts of a minor national literature. Major events in its colonial history include the first Hrussan war (1063-7), the ratification of the federal charter (1092), and the Dozhnâg war in 1154. The government is principally a federation of free cities and provincial districts. Many resolutions must be unanimous, leading to a high degree of decentralisation, with powers delegated to municipal corporations and provincial sheriffs/grand jury. The nominal head of state is the Imperial Lieutenant, who is still to this day dispatched from Pashdzii, and maintains a shabby townhouse residence in Niiz Kush. ;;;;;;;;;;;;;x 
EVT50181NAME;Poponazh;;;;;;;;;;;;;x 
EVT50181DESC;Poponazh is the largest Jazhakdi state by population, though a majority of these are the subjugated Cherassians. Poponazh was organised originally as a Jiishanâgi trading settlement in 953 by a number of wealthy castellans, merchants, and parliamentarians, and a number of impressive governors, such as Modazh Vazzunak (relative of the famous navigator), slowly subjugated the Cherassian and Gokami princes and tribes. The gradual extension of slave protection laws, increased popular participation in the judicial system, based on Motkohnic values, precipitated a break between the Poponazhi elites and the Parliament in Nozho in 1198. A powerful governor, Paudomenes Fiikazh, organised the colonial soldiery into his private army, and proclaimed independence, resisting lackluster Jiishanâgi bombardments of Shau Maug, constructing a dominical state based on his large slave plantations. A number of revolts in the cities, demanding return to a nâgine system, have challenged the Fiikazh dynasty.;;;;;;;;;;;;;x 
EVT50182NAME;Bozzanazh;;;;;;;;;;;;;x 
EVT50182DESC;Bozzanazh is the youngest of all the colonial states, settled as late as 1241, the state was organised by Bozza Shazavzhk, a Vokonazhi aristocrat, planter, investor, soldier of fortune, and disgraced naval officer. Bozza privately financed a small military expedition to seize the Gokami fortress on the Island of Dhamit, formerly Vohwan, after Gokami pirates, whom had been entangled with, began infringing upon his privateering and smuggling across the Zhibomgid. He converted the fortress into a private residence, refused to surrender the fortress to the crown of Vokonazh, and rapidly began attempting to organise his newfound lands into a productive agricultural plantation. Small campaigns against the coastal Gokami cleared new lands for the production of tuberous roots. At this point, Bozzonazh is recognised by all major powers except for Vokonazh, and the Island of Dhamit is a shockingly modern city in the east. The government is, essentially, the private property of Bozza, now a decrepit old man.;;;;;;;;;;;;;x 
EVT50183NAME;The Jazhakdi;;;;;;;;;;;;;x 
EVT50183DESC;The Jazhakdi are the colonial Gasdhzii. Ja-zhakd, meaning settler-person, was the Gashdzii term for those who dwelled in the large fortified settlements established in the long, slow march of Gasdhzii culture across Ishahfazh and still ongoing displacement of the peoples, beginning with the great savannah and pushing into the east and west. Those dwelling in the new world, with the first Gashdzii factory established in 789, in what is now Nyut in Wapkam on the straits of Midod, adopted such an identity as fortified settlers, and the name gradually transferred itself to Gasdhzii living in Bafozh. Unlike their metropolitan brothers, the Jazhakdi are known for their scorn of aristocracy, their egalitarian values, and fierce piety. The Jazhakdi speak a mix of the dialects, with a number of quite antiquated terms.;;;;;;;;;;;;;x 
EVTNAME50184;Foreign Railways;;;;;;;;;;;;;x
EVTDESC50184;It started slowly at first. A few explorers, surveyors, adventurers, who learned our language and talked to our people. Then, soldiers, labourers, and financiers, and then there was a large, foreign owned and controlled railway in our land! This line has shaped the regional economy, first attracting wage-labourers, those with beasts to rent, and stimulated logging and mining. Now, it carries passengers, freight, and other goods to ports and merchant ships. But this track has also been accused of destroying traditional life: villagers were uprooted, their children flock to the cities, learn the language of the overseas factors, the price to use the rail is extortionate, and allows the foreigners to flood our country and strip it of its wealth. A number of militant anti-foreign societies have formed, and some, it is known, are clearly planning to wreck a line of track, with the aid of those in local governance. We could stop this, or tacitly accede.;;;;;;;;;;;;;x
EVTNAME50185;Savages Attack Railway!;;;;;;;;;;;;;x
EVTDESC50185;A number of savage states have granted our great firms, as well as our government, concessions to build passenger and freight rail in their lands, and indeed some primitive states are so poorly administered that we have only needed to maintain a few guard posts in the tractless wastes and dispensed entirely with the trinket ‘purchases’ of land. These railways have hauled freight and labour out of the interior of the foreign lands into the hands of our merchants, captains, and planters. They are, for all intents and purposes, part of our imperial and fiscal network. Recently, however, the impudent beasts in $FROMCOUNTRY$ have attacked and wrecked a station on the $COUNTRY_ADJ$-$FROMCOUNTRY$ Railway Charter’s main line! Natives, wielding rifles and swords, slaughtered a small guard post in the night, and used some horrid creatures of burden to pull up the sleepers, and scatter the ballast, leading to a spectacular derailment! The government and the investors are crying out for order and justice!;;;;;;;;;;;;;x
EVT50186NAME;The Study of Paorusu;;;;;;;;;;;;;x
EVT50186DESC;The witch cults of the Southern lands of Kovazh, have been, for a long time, in our societies’ collective knowledge. Travellers and traders to the ‘tea coast’ have long had native friends and contacts who venerate one of the particular deities. But myths abound, and there has not yet been a comprehensive study on this faith, its origins, and its cosmology. One of our citizens, a private trader working in the provinces, has, upon making his fortune, returned home to $CAPITAL$ and has written a large, multivolume assessment of the Parosus faith, connecting the venerated witch-women avatars to what he terms a large, ancient pan-kovan pantheon, of which he also suggests the silent god of the Momurists was once a member. He suggests that the witch-cult developed after literate priestesses were able to write in the hieroglyphics of ancient Kova, in the many years after the first Kovan collapse, during which the temples were centres of life and culture.;;;;;;;;;;;;;x
EVTNAME50187;A Day in $PROVINCENAME$;;;;;;;;;;;;;x
EVTDESC50187;The modern world has arrived to $PROVINCENAME$, with, regrettably, all its attendant evils in tow. When the first factories went up, their new brick smokestacks proud in the sun, the town began flourishing, attracting migrants from the countryside, commerce to provide for the burgeoning industrial population, and making the fortunes of many capitalists and merchants. Now, however, a swarthy gloom sits over the town and its since-wretched new denizens: billows of black smoke settle upon the dismal giant slums and tenements that have risen to house an ever-growing workforce of the most wretched of society. A large, dissent, urban reform league has formed to protest conditions, and the legislature is debating how to address the unrest.;;;;;;;;;;;;;x
EVT50187OPTA;Would they prefer to live out their days in a cell instead?;;;;;;;;;;;;;x
EVT50187OPTB;The Statist element's thoughts on urban planning are intriguing...;;;;;;;;;;;;;x
EVT50187OPTC;The Liberationist critique of urbanism is quite stirring...;;;;;;;;;;;;;x
EVTNAME50188;Threat of a Statist Takeover;;;;;;;;;;;;;x
EVTDESC50188;The Statist element in our society, regrettably, often functions as a society within a society. Denouncing traditional government and commerce as typically ineffectual, statist industrial cooperatives, usually with aid from their wealthy financiers and organisers, are notorious for evading customs, taxes, and developing closed, integrated networks. In a certain province, things have gotten particularly out of hand. A large network of producers and consumers have declared a tax-boycott against the provincial authorities, and have begun establishing their own ‘volunteer’ municipal and provincial comptrollers to build and maintain “private infrastructure”. The regional authorities began negotiations when efforts to stop what is effectively smuggling by force faltered. The major cooperatives say they will comply again if both a number of ‘onerous dues’ are abolished, certain commercial and legal codes rationalised, and ‘corruption and sinecurism’ is reduced in local government.;;;;;;;;;;;;;x
EVT50188OPTA;Just wait until their utopian enterprise fails... then we'll prosecute!;;;;;;;;;;;;;x
EVT50188OPTB;Stall, make hollow promises, and enact piecemeal reform.;;;;;;;;;;;;;x
EVT50188OPTC;Send in the army! Kill them all!;;;;;;;;;;;;;x
EVTNAME50189;Resistance to Commoning;;;;;;;;;;;;;x 
EVTDESC50189;A core tenet of the liberationist critique of traditional society is the rejection of lordly prerogatives over land, and the praise of the village system as the ideal way by which society should be organised. Following the news of the sacking of the capital and the establishment of the free-yoker regime, the provinces have erupted in a conflagration of anti-lordly sentiment. Manors have been set alight, pillaged, and the nobles therein tortured and killed. Registers of feudal documents have been found and destroyed, and it seems that a new settlement has emerged in the countryside of peasants and villagers seizing a great degree of acreage from the nobility. However, since the government arrived in the provinces, to enforce the commonisation of the lands, there has been great resistance to this on the behalf of the new landowners: the once-yoked peasantry. There is currently a debate in the legislature about establishing or identifying titles to land ownership between radical liberationists, and those who are content with the status quo. ;;;;;;;;;;;;;x 
EVTNAME50190;Smallholders and the Economy;;;;;;;;;;;;;x 
EVTDESC50190;Our society, since the establishment of an anti-lordly settlement of land ownership, is a society of peasant smallholders. Rural society is not organised along the lines of large estates owned by an aristocrat-cum-capitalist and managed by a factor, but along the lines of moderately sized, sufficient family farms. Unlike neighbouring societies, where enclosed commons and managed estates have enabled the rapid commercialisation and industrialisation at scale of the agricultural sector, driving large sections of the population to look for urban work, to a notable extent, this has stemmed the flight to the city in our state. Peasants have fewer children, with a mind to pass the farm on to their eldest son - industry grows slower, with less demand for urban commodities - countryside life remains less automated, without the capital to purchase machines and work with economies of scale, making agricultural work in general more labour intensive. While some fear this disadvantages us, it also seems to provide a more stable social configuration.;;;;;;;;;;;;;x 
EVTNAME50191;Smallholders and the Economy;;;;;;;;;;;;;x 
EVTDESC50191;As industrial changes continue to proliferate throughout our society, we once again are reminded that our relatively unique land tenure pattern somewhat insulates against us from some of the major demographic changes affecting other societies, by reducing the possibility of the consolidation of large agricultural estates and firms. ;;;;;;;;;;;;;x 
EVTNAME50192;The end of smallholding;;;;;;;;;;;;;x
EVTDESC50192;The recent government reforms effective the collectivisation of agriculture has signified the successful, and largely incident free transition from a society of smallholders and small farms to a modern, collectivised economy. The new law is sure to anger a few holdouts, but the gradual reforms have carried most of the population with them in opinion.  ;;;;;;;;;;;;;x
EVT50193NAME;Explorers Return!;;;;;;;;;;;;;x
EVT50193DESC;Our recent expedition to Bafozh has returned. They report few incidents, beyond the usual hardships and joys of trekking through the rugged landscape of Bafozhi - fires, insects, floods, freezing cold, sweltering heat, sublime vistas, breathtaking landscapes, unspoilt nature. They made a number of comprehensive survey maps of a number of regions of Bafozh, detailing major rivers, salient topography, soil types, and information on native polities and peoples in this region. Commercial and military circles have already taken interest in these surveys, and propose sending out prospectors or factors to lands earmarked as possibly mineral rich or fertile, or to notably wealthy native communities to capture the local trade in luxuries or staples.;;;;;;;;;;;;;x
EVT50194NAME;$FROMCOUNTRY_ADJ$ Influence Grows;;;;;;;;;;;;;x
EVT50194DESC;A few months ago we observed the progress of a number of $FROMCOUNTRY_ADJ$ explorers making their way through our land - they stopped at villages, talked to trappers, farmers, nomads, and made a comprehensive survey of our land. Locals report that they made a rendezvous with their transports at a tranquil cove on our coast a few months ago. Now, however, we have seen a deluge of people from $FROMCOUNTRY$ in our land. Merchants, prospectors, and even occasional settlers seemingly have made use of the survey maps made by the $FROMCOUNTRY_ADJ$ government based on the exploratory expedition. We are right to say our nation is increasingly falling under the influence of $FROMCOUNTRY$.;;;;;;;;;;;;;x
EVTNAME50195;Something in the Air...;;;;;;;;;;;;;x
EVTDESC50195;It is often said that our nation languishes, mired in vice and sin, having strayed from the righteous teachings of our fathers. Or at least, so says the new religious league that has formed in many cities, towns, and provinces in our land. Headed by a number of iconoclastic preachers, it is largely organised by a religiously minded laity, who have often run into conflict with the established church and their settled ways. They organise charity efforts, mass meetings, and encourage people even to absent clerical events organised by clergymen they do not deem sufficiently zealous. On the other hand, certain factions within the church, led by more extreme members of the lesser clergy, suggest this a symptom of a church that has been made too weak to meet the spiritual needs of the people, its range of action fettered by an overmighty secular state. The nation has erupted into popular debate about what to do about the relationship between the state and the church, but the consensus seems to be that… ;;;;;;;;;;;;;x
EVT50195OPTA;... it is time to throw off the spiritual yoke of the wicked Magi and their pawns!;;;;;;;;;;;;;x
EVT50195OPTB;... a benevolent but authoritative Church-State will restore virtue and righteousness!;;;;;;;;;;;;;x
EVTNAME50196;Heretical Congregation;;;;;;;;;;;;;x
EVTDESC50196;In $PROVINCENAME$, a collection of local parishioners have been listening, rather than to the proscribed authorities, but rather a particularly charismatic miller among their own ranks. He seems to have set up his own congregation, preaching his own radical and strange cosmology and interpretation of the faith. Local clergy accuse him of ‘introducing multitudinous errors, dangerous falsehoods, fornicating on holy days, collecting personal tithes, corrupting the youth, and drawing souls away from the true faith into superstition and ignorance’. The clergy itself made a few efforts to quash the heresy, but it appears the local congregation is protecting this notorious man, and themselves have come to believe these atrocious lies! In a shocking confrontation, they declared that they have a right to listen to whatever teachings they choose!;;;;;;;;;;;;;x
EVT50196OPTA;Arrest the leaders and occupy the surrounding countryside!;;;;;;;;;;;;;x
EVT50196OPTB;Let the people of $PROVINCENAME$ be, they are harmless;;;;;;;;;;;;;x
EVTNAME50197;A Reactionary Cabal;;;;;;;;;;;;;x
EVTDESC50197;In one of our provinces, we are seemingly having a lot of administrative problems. Our state is, in many ways, still a pre-modern one. The regional government remains, beyond deputies sent from the central government, who have a degree of influence over these matters, remarkably susceptible to obstruction by aristocrats on local juries and boards. These men of leisure and prominence are typically appointed out of habit and convenience, and usually they are fairly quiescent, but in one province, they have taken it upon themselves to organise the administration. They have established a system of patronage for lesser appointments in the province, seem to be coincidentally underreporting taxes and yields, while all the while taxing their serfs and own subjects oppressively, seemingly lining their pockets and driving local industry into a recession. The local governor has appealed to the central government for the military force to break this ‘cabal’ of corrupt landowners.;;;;;;;;;;;;;x
EVT50197OPTA;Look the other way;;;;;;;;;;;;;x
EVT50197OPTB;The law must be properly enforced!;;;;;;;;;;;;;x
EVT50198NAME;Explorers Return!;;;;;;;;;;;;;x
EVT50198DESC;The expedition we sent to Bafozh has returned with a tale of horror! While their expedition began successfully, and they made progress on charting large sections of the continent, in the lands of a particular savage state, they ran afoul of a native prince who seemed to attempt to rob and then slaughter the expedition! After a week of beleaguered retreat away from the prince, his swineriders, and his savage troops, who apparently harassed the expedition day and night, despite persistent attempts by the expedition to drive him away by firepower, they finally made it out of his lands and to the coastal rendezvous with the military ships. However, not without costs: a number of soldiers were wounded in the skirmishing, and the hardships of harassed retreat left them untreated. Multiple soldiers perished, and others have suffered grievous bodily harms and disability. Whatever happened - errors in translation, transgression of holy precincts, nothing seems to justify the suffering of our expedition.;;;;;;;;;;;;;x
EVT50199NAME;A Great Oecumenical Synod;;;;;;;;;;;;;x 
EVT50199DESC;A great synod is gathering in $CAPITAL$, attracting representatives and theologians from all the Motkohnic world, spurred by an exchange between two eminent theologians. The analects of Kauzhut, ‘Mifachazhafta’, ‘Donavvat’, form the central corpus of Motkohnic doctrine, but the various apocryphal accounts of his floruit inform various, divergent ethnico-juridical traditions. The Motkohnic insistence on absence of meaningful ‘life’ after death, leads its followers to place great, sober, significance on their conduct in this life. Traditional Gashdzii piety suggests the souls of wicked will serve to hold up the very world after death, but Kauzhut taught that the Celestialite could hold the world on the tip of its finger. The ‘dapk’ school, or the retributivist school, emerged quickly after Kauzhut's death, who argue that the community, and the state, have a moral responsibility to punish the wicked, even by torture and the prolonging of life, in this life, and that death is undue freedom. The ‘madmhomak’ or ‘individualist’ school emerged somewhat later, arguing that Kauzhut's teachings have made right action the profound existential burden of the individual.;;;;;;;;;;;;;x 
EVT50199OPTA;Make sure the state church sends retributivists, at the very least.;;;;;;;;;;;;;x
EVT50199OPTB;We should encourage the individualist faction, naturally.;;;;;;;;;;;;;x
EVT50199OPTC;This is a great honour for our state!;;;;;;;;;;;;;x
EVT50200NAME;Departure for the Synod;;;;;;;;;;;;;x
EVT50200DESC;There is a great oecumenical synod in $FROMCOUNTRY$, hosting Motkohnic scholars and delegates from across the Motkohnic world. We maintain the right to select those who will go from our state church, but the decentralised and personal nature of the Motkohnic faith means that a number of delegates from smaller communities, churches, and unaffiliated private individuals also plan to go. A number of unscrupulous ministers in the state religious colleges have proposed a number of underhanded methods to ensure that principally those who are amenable to our governments view on the matter attend the synod. We must choose between the ‘dapk’ school, or the retributivist school, who argue that the community, and the state, have a moral responsibility to punish the wicked, even by torture and the prolonging of life, in this life, and the ‘madmhomak’ or ‘individualist’ school, who argue that Kauzhut's teachings have made right action the profound existential burden of the individual.;;;;;;;;;;;;;x 
EVT50200OPTA;Pay for the transportation of the retributivists across our land.;;;;;;;;;;;;;x
EVT50200OPTB;We in $COUNTRY$ will make sure individualists are sent, of course.;;;;;;;;;;;;;x
EVT50200OPTC;Let the state church send what it likes, and encourage all who wish to go.;;;;;;;;;;;;;x
EVT50201NAME;The Resolutions of the Synod;;;;;;;;;;;;;x 
EVT50201DESC;We have finally learned of the resolutions of the Great Oecumenical Synod held. The issue of punishment was one of the most contentious issues in the early church, and most corporate bodies chose to adhere, per preference, to a certain legal tradition, and the mainline common-law tactfully maintained a plural attitude. This resolution produces the greatest threat in Motkohnic history of schism and fracture: we are already hearing rumblings of certain state churches and bodies refusing to recognise the verdict. As a Motkohnic state, we have certain legal responsibilities to our subjects: corporate-social-civil bodies as a source of lawgiving and teaching are essential to Motkhonic tradition. If we were to reject the ruling, it would likely enrage certain sections of our population, and enrage those who remain in communion, but should our ministers and churchmen prefer it, or see it more expedient, we could quite rightly claim to be maintaining our own legitimate legal custom.;;;;;;;;;;;;;x 
EVT50201OPTA;We will accept the resolutions of the synod.;;;;;;;;;;;;;x
EVT50201OPTB;No, these men have strayed from the teachings. We will go our own way.;;;;;;;;;;;;;x
EVTNAME50202;Alarming Cases of White Flux;;;;;;;;;;;;;x 
EVTDESC50202;The White Flux is a disease that is well known to our society. The disease reliably appears in the historical record around 600 years ago, coming from somewhere in Bafozh. The First Great White Flux epidemic is widely believed to have hastened the uncoupling of the Gashdzii Kiidnazh. It is due to its characteristic hemorrhaging of milky white pus from facial orifices, coughing fits, fever, aches, confusion, delirium, and occasionally bouts of seizures, that the disease is called ‘the White Flux’. Victims seem to eventually lose their capacity for breath due to lung-sac damage and the pus-filled swelling of the lung sacs, and die of hypercapnia and anoxia. It seems to have languished in pockets of society for many years, but recently we have noticed a frighteningly virulent strain in one of our provinces. It seems the pathogens linger for much longer, and the disease is rapidly spreading throughout the cities and towns, with many shuttering their windows and doors, or fleeing to the countryside, in terror of this frightening spectre looming over society, while those afflicted stumble around the empty streets spewing pus and gasping for breath. ;;;;;;;;;;;;;x 
EVT50203NAME;The Synod Convenes;;;;;;;;;;;;;x 
EVT50203DESC;The day has arrived. The great Oecumenical synod has convened in $CAPITAL$. Hundreds of eminent clerics, writers, and intellectuals have encamped in the great meeting house of the capital, from all around the world. The sober clerics from Kush, dressed in dour, rough cloth - the slight, nervous, urbane writers from Jiisha - the sturdy, jolly Dhukk preachers, from the borderlands - the weathered hermits from the Gizhpt mountains. It has been over 70 years since the last the Synod convened, at the urging of the Jiishanâgi Lord Minister, over the question of the infinity or creation. This synod proceeds less under the oversight of temporal might, but the proceedings are much the same: our leader, nominal head of our state church, deputises a president and a secretary, and the resolutions are considered binding for all those who consider themselves in communion with the mainline Motkohnic legal corpus, which includes a large number of states and sub-state communities. ;;;;;;;;;;;;;x 
EVT50204NAME;x;;;;;;;;;;;;;x  #ai event player will never see
EVT50204DESC;x;;;;;;;;;;;;;x 
EVTNAME50206;The Artisan's Demand;;;;;;;;;;;;;x
EVTDESC50206;In one of our provinces there is a new political movement that has organised itself. Under one particularly active man, apparently an artisan who has been driven out of business by the new machines, there is a league agitating for the curtailment of capital and technological industry. They have formed into small gangs, smashing machines, singing songs denouncing capital, and have appealed to local aristocrats to maintain a ‘customs’ barrier, demanding the curtailment of local industry and the protection of the guilds via regulations. They have even, on occasion, made trouble for members of the constabulary and the gendarme who have been posted by regional authorities to protect factors, machinery, and other implements of industry. The issue has seemingly festered, and the league has become practically a militant reactionary group, attracting all sorts of troublemakers: aristocratic pretenders, conservative rabble, and mere opportunists.;;;;;;;;;;;;;x
EVT50206OPTA;He makes a fair point!;;;;;;;;;;;;;x
EVT50206OPTB;Bah, I don't have time for this reactionary drivel;;;;;;;;;;;;;x
EVT50206OPTC;This dangerous seditionist and his followers must be put to death!;;;;;;;;;;;;;x
EVTNAME50207;Foreigners Demand Open Country!;;;;;;;;;;;;;x
EVTDESC50207;Our recent defeat by a great modern power has compelled us, as well as paying them extortionate sums of money, to establish a government that tolerates the various extraterritorial concessions we have made. Along with signing away a number of ports, they’ve wrung from us a great many railway concessions, and stipulated that the only political authority they will tolerate is that of the modernisers who respect these treaties. These wretched men have formed a government in $CAPITAL$, with the begrudging presence of our head of state, and the company of a number of smarmy representatives of the modern power, who were insufferably smug throughout the event.;;;;;;;;;;;;;x
EVTNAME50208;The Problem of Sog;;;;;;;;;;;;;x
EVTDESC50208;The Diminutive State of Sog was organised by our forces, under famous general Mrakun Sha-Gosod, in his protracted invasion of what was still then partially Athisoron lands, after the Vewugist revolution of 1297. The war lasted nearly 7 years, and Sha-Gosod had maintained the Sog region as his base of operations in the war against the Veyethun, but, since no formal treaty was signed, even after the end of hostilities in 1305, we didn’t decamp from Sog until 1307. Sog has, since then, remained basically under the control of the same conservative collaborators. Now, however, since hostilities have broken out again with the Sithevans, the chief of staff has suggested we establish military governance over Sog for the sake of once again establishing a base of operations against the Siethevans. The problem is, Sog maintains nominal independence - the military seems in favour of issuing a perfunctory communique and simply crushing the Sogan government if they resist.;;;;;;;;;;;;;x
EVTNAME50209;The Poumnian Demand;;;;;;;;;;;;;x
EVTDESC50209;The Poumanian Foreign Ministry has issued a short communique declaring to us their intention to once again occupy Sog as a military protectorate, and to suspend our nominal diplomatic independence, as well as control of our borders! ;;;;;;;;;;;;;x
EVTNAME50210;Ancestral Home of the Midodazh Family;;;;;;;;;;;;;x
EVTDESC50210;The county of Midod was first described in the early 300s, I.R., and by the mid 400s, in the reign of Godhiimâdho the fat, we find imperial records of regional office holders in the Vokonazh describing a castellan family ‘Midodazh’ [of Midod]. Dhov Gaumishig Midodazh was made lord of the Voshkt, a substantially greater territory, and from his serfs organised a powerful and effective army, with the lords of the Voshkt gradually assuming more and more power in the Vokonazh borderlands. In the struggle between Ishahmenes II of Vokonazh and Emperor Bozzamâdho IV, who reconquered the northern principalities, and disributed them among lesser men, Midod, in fact, was lost, but House Midodazh was already certain masters of the east. Now, Gozomedes II, heir to this great lineage, has reconquered Midod. Visiting his family sepulchres, and even the great cairns built by his oldest ancestors, his loyal soldiery tremble at this man of destiny who stands equal to the emperors of old.;;;;;;;;;;;;;x
EVT50210OPTA;May Gozomedes and his kin pray at the familial sepulchre once again!;;;;;;;;;;;;;x
EVTNAME50211;The Holy Yauje Valley;;;;;;;;;;;;;x
EVTDESC50211;The Holy Yauje Valley is the birthplace of the Sedentarian Faith. The ‘virtues of the solid man’ were first proclaimed by the Philosopher-King Osjunnet in this very valley, where he ruled the city state of Gohn-Peth, one of the oldest neolithic sites in Ishahfazh, around nearly 5000 years ago. This great lawgiver brought order to the restless nomads in the hinterlands beyond his borders, in the Sem flatlands. He taught how mother earth and father sky raise together harmonious life through agriculture, duty, and timeless order. But for many centuries, this holy land, where one can still see the old neolithic towers, was defiled and destroyed by another sort of nomad: the Bogoran Vewugist conquers, in the 6th century, in their brutality and wanton carelessness, drove many ancient sedentarian settlers from this old land. But now this ancient injustice is righted! Now we, a Tehuhrite people, finally rule this land again, and all rejoice for justice is done!;;;;;;;;;;;;;x
EVT50211OPTA;And we shall hold it for another changeless 5000 years.;;;;;;;;;;;;;x
EVTNAME50212;FOR AI DONT LOCALIZE;;;;;;;;;;;;;x
EVTNAME50213;$FROMCOUNTRY$ Targeted for Vewugi Mission!;;;;;;;;;;;;;x 
EVTDESC50213;The Pagans of $FROMCOUNTRY$ have long been a concern of major Vewugist missions. Long gone are the days when our force of arms were vastly superior to those of our neighbours, and Vewugism spread easily on the back of the conquest. Today we send missionaries around the world, to live amongst the pagans, spread religious catechisms, and evangelise the heathen, spreading the favour of the Vewug, and gaining his favour in doing so. One mission group in $FROMCOUNTRY$ has recently in fact reached out to us, communicating to us that they believe the local potentate there is close to conversion, and that some impressive gifts and some scholars, the means to establish a press publish texts, all to translate texts to their tongue and distribute them, would surely secure $FROMCOUNTRY$ to the patrimony of the great Vewug! The foreign office is the official guarantee for missionary societies, and must decide what to do. ;;;;;;;;;;;;;x
EVT50213OPTA;They will have all that they need!;;;;;;;;;;;;;x
EVT50213OPTB;We can spare some of what they ask for;;;;;;;;;;;;;x
EVT50213OPTC;We have a few coins laying around the coffers, right?;;;;;;;;;;;;;x
EVT50213OPTD;Good luck with that!;;;;;;;;;;;;;x
EVTNAME50214;colonial stuff for ai;;;;;;;;;;;;;x
EVTDESC50214;x;;;;;;;;;;;;;x
EVTNAME50215;colonial stuff for ai;;;;;;;;;;;;;x
EVTDESC50215;x;;;;;;;;;;;;;x
EVTNAME50216;Red Flux Outbreak!;;;;;;;;;;;;;x
EVTDESC50216;The Red Flux is a truly sickening disease that causes unending bloody vomit and diarrhea, followed by hemorrhaging of blood from all orifices, and leaves survivors marred by small red pockmarks caused by inflammation of the skin. Called 'The Poumnian Gift', its belived that reservoirs of the pathogen lurk in the turgid and warm waters of the great Pudwouvas river, for this is where the disease most frequently strikes and then spreads from. Typically, the disease destroys its hosts so rapidly that it cannot spread quite far, but it seems like an alarmingly virulent strain of the red flux has emerged in one of our lands. It’s not exactly clear how it emerged, but the scenes of the hospitals in the region where it first emerged are truly gruesome, caked in blood and bodily refuse, with hopeless medics fleeing from patients who are left to die in pools of their own fluids. These are dark times, and religious authorities are declaring this a punishment of transmundane power, while individuals brace for what could be an alarming pandemic of the red flux!;;;;;;;;;;;;;x
EVTNAME50217;Wasting Sickness Returns!;;;;;;;;;;;;;x
EVTDESC50217;The so-called ‘Wasting Sickness’ is an extremely ancient illness. Characterized by hair loss, atrophy, the breaking down of skin into large lesions, loosening of the skin from the bones, creating the ghastly appearance of a corpse in the victim, it has for millenia fuelled nightmares and terror of ghouls and the living dead, those afflicted are typically killed, shunned, and isolated. Experts speculate that it first emerged in Hominid populations with the rise of animal husbandry and agriculture, due to its spread by the vector of flies, who bite festering wounds and then spread this to the healthy tissue in others. The disease seemingly has been absent in many parts of the civilised world for quite some time, but it seems that this has changed. It seems that, somehow, the disease has found its way into fly populations again, and doctors are noting a terrifying rise in necrotising flesh in the population at large. Primitive measures of insect control, such as jars of sugary water, mitigate the spread somewhat, but those working in animal agriculture or in food handling in general are particularly at risk. It remains to be seen if this outbreak will get worse.;;;;;;;;;;;;;x
EVTNAME50218;ai disease ticker;;;;;;;;;;;;;x #no loc needed
EVTDESC50218;x;;;;;;;;;;;;;x
EVTNAME50219;ai disease ticker;;;;;;;;;;;;;x #no loc needed
EVTDESC50219;x;;;;;;;;;;;;;x
EVTNAME50220;Pot-Belly Pox Epidemic!;;;;;;;;;;;;;x
EVTDESC50220;The dreaded ‘pot-pelly pox’ has struck one of our provinces. This disease has long been an endemic scourge of the world, causing fever, malaise, and then the characteristic swelling of the lower abdomen, with the eventual protrusion of pox-like ridges across the skin in this area. It is particularly notable for affecting and killing infants and young children. In ancient times, the pox was construed as a demonic mirror of pregnancy, but in the modern age, it is clear that this is just a pestilence like others. It is not exactly clear what sort of reservoir was host to this illness. Polluted water supplies are the most likely cause. Local officials and clergy members noticed first a collection of orphans showing this illness, and then quickly the elderly, and other vulnerable populations. They have urgently addressed our government seeking support for the quarantining of afflicted regions.;;;;;;;;;;;;;x
EVTNAME50221;Blinding Cough Epidemic!;;;;;;;;;;;;;x
EVTDESC50221;The ‘blinding cough’ has struck one of our provinces. This epidemic is known for its particularly grotesque marring of the throat and eyes, causing these regions to necrotize and the tissue to peel away, hence the appellation ‘blinding cough’. It typically leaves mass disability in its wake, and is rightfully feared. Indeed, those blinded by this pathogen are an ancient motif in art, and ‘cough houses’ are a typical nicknames for institutions designed to host the indigent and disabled paupers in society. As such, this dreadful illness leaves a lasting burden on society, beyond just killing. Public officials first identified it as present in the province by monitoring intake in charity and state run hospitals, with notable sections of the poor displaying the disease progressing to an alarming extent, and have urged the government to take action to prevent the spread of this horrendous illness. ;;;;;;;;;;;;;x
EVTNAME50222;An Outbreak of Cudfeeder's Flu!;;;;;;;;;;;;;x
EVTDESC50222;The ‘Cud-Feeder’s Flu’ has struck one of our provinces! This gastrointestinal problem seems to notably afflict those who consume infected thrall-meat (called so from the typical reliance of ruminant hominids as thralls), causing malaise, confusion, and dysentery. Doctors believe that the practice of letting thralls ‘grub’ in the scrublands for their subsistence of roots, grasses, and insects, exposes them to pathogens in the humus. The chronic maltreatment of thralls means that sick and weak thralls are often merely culled and sold early, before they can themselves die of the disease. There was likely some sort of infected meat present in this region, and now the bacterium is flourishing throughout our population, for it seems to be able to spread through water supplies as well. Medical experts in the area suggest that the government establish a cordon sanitaire to prevent transmission to further regions, and indeed thrall keeper cartels are eagerly lobbying the government to prevent the spread. ;;;;;;;;;;;;;x
EVT50223NAME;The Kusii Bloodletters;;;;;;;;;;;;;x
EVT50223DESC;The main problem our colonial administrators have in our lands in colonial Shobgizob is the persistent bloodletting done by the Kusii faithful. Despite efforts to forbid this practice, they still continue to maintain clandestine meetings at the officially proscribed temples and kill large amounts of animals and even people, which is a serious impediment to colonial governance, an insult to our laws, and generally a waste of the population resources of the state. Our current governor, in an effort to properly enforce the laws which forbid their cult (which have largely been ignored out until now out of practical necessity in not enraging a colonial populace), has submitted a report to $CAPITAL$, requesting permission to forcibly engage a detachment of sailors and soldiers to be employed in the dismantlement of their ghastly temple complexes, and to pay a scholar to study their strange faith in an effort to understand what drives them to this bloodshed.;;;;;;;;;;;;;x
EVTNAME50224;x;;;;;;;;;;;;;x #EVENT ONLY FOR AI, NO HUMAN WILL EVER SEE
EVTNAME50225;x;;;;;;;;;;;;;x #EVENT ONLY FOR AI, NO HUMAN WILL EVER SEE
EVTNAME50226;Negotiations with the Empire;;;;;;;;;;;;;x
EVTDESC50226;Since passing a resolution to invite Dehuogi settlers into our lands, the Assembly of the Old Clans is putting together a delegation to negotiate with the foreign ministry of the Rannu. The Court in Vepht is notorious for its opacity and sensitivity - and the delegates are anxious not to blunder what could be a unique chance for the audience with Rannu. Before heading eastward to the border stations in Sem, there has to be a decision made on what to offer in exchange for Rannutan facilitation of Dehuogi migration. ;;;;;;;;;;;;;x
EVTNAME50227;Negotiations with the Empire;;;;;;;;;;;;;x
EVT50226OPTA;Surely they'll just be jolly to aid their allies?;;;;;;;;;;;;;x
EVT50226OPTB;We should offer to pay for transport. §R(¤500,000)§!;;;;;;;;;;;;;x
EVT50226OPTC;We should pay for transport, and compensate them further. §R(¤800,000)§!;;;;;;;;;;;;;x
EVT50226OPTD;Grant them control of their Sedentarian holy valley! §R(Cede Land!)§!;;;;;;;;;;;;;x
EVT50227OPTA;Surely they'll just be jolly to aid their allies?;;;;;;;;;;;;;x
EVT50227OPTB;We should offer to pay for transport. §R(¤500,000)§!;;;;;;;;;;;;;x
EVT50227OPTC;We should pay for transport, and compensate them further. §R(¤800,000)§!;;;;;;;;;;;;;x
EVT50227OPTD;Grant them control of their Sedentarian holy valley! §R(Cede Land!)§!;;;;;;;;;;;;;x
EVTDESC50227;Since passing a resolution to invite Dehuogi settlers into our lands, the Assembly of the Old Clans is putting together a delegation to negotiate with the foreign ministry of the Rannu. The Court in Vepht is notorious for its opacity and sensitivity - and the delegates are anxious not to blunder what could be a unique chance for audience with the Rannu. Before heading eastward to the border stations in Sem, there has to be a decision made on what to offer in exchange for Rannutan facilitation of Dehuogi migration. This is to be our bid to get them to comply, but of course they can refuse and we will keep our offer. We must keep in mind that if the Rannutan have state serfs to give, they will likely send us far more souls.;;;;;;;;;;;;;x
EVTNAME50228;Bogoran Envoys Arrive!;;;;;;;;;;;;;x
EVTDESC50228;We have just received a deputation from the Bogoran lands with the most curious proposal. The ministers of state are meeting in conclave before producing a reply to the Bogorans. They have proposed that we deport a large amount of the Dehuogi of the east of the empire to Bogoran lands, where they will become privileged settlers. The Dehuogi are a perennial thorn in our side - their horrendous Hajduks and bandits claim to serve the deposed pretenders of House Budobam, a puppet of the Vokonazhi, and the average Dehuogi brute drags his feet through every command. Whether we sent them a collection of troublesome serfs, or cleared out some artisan settlements, it would give us more certain control of this troubled region, though the prospect of deportations is sure to engulf the region in anger. The Bogorugi have patiently put this request before us.;;;;;;;;;;;;;x
EVTNAME50229;Inauspicous Envoys Arrive;;;;;;;;;;;;;x #EVENT ONLY FOR AI, NO HUMAN WILL EVER SEE
EVTNAME50230;Bogoran Envoys Arrive!;;;;;;;;;;;;;x
EVTDESC50230;We have just received a deputation from the Bogoran lands with the most curious proposal. The ministers of state are meeting in conclave before producing a reply to the Bogorans. They have proposed that we deport a large amount of the Dehuogi of the east of the empire to Bogoran lands, where they will become privileged settlers. The Dehuogi are a perennial thorn in our side - their horrendous Hajduks and bandits claim to serve the deposed pretenders of House Budobam, a puppet of the Vokonazhi, and the average Dehuogi brute drags his feet through every command. Whether we sent them a collection of troublesome serfs, or cleared out some artisan settlements, it would give us more certain control of this troubled region, though the prospect of deportations is sure to engulf the region in anger. The Bogorugi have patiently put this request before us, and offered to pay for transportation;;;;;;;;;;;;;x
EVTNAME50231;Bogoran Envoys Arrive!;;;;;;;;;;;;;x
EVTDESC50231;We have just received a deputation from the Bogoran lands with the most curious proposal. The ministers of state are meeting in conclave before producing a reply to the Bogorans. They have proposed that we deport a large amount of the Dehuogi of the east of the empire to Bogoran lands, where they will become privileged settlers. The Dehuogi are a perennial thorn in our side - their horrendous Hajduks and bandits claim to serve the deposed pretenders of House Budobam, a puppet of the Vokonazhi, and the average Dehuogi brute drags his feet through every command. Whether we sent them a collection of troublesome serfs, or cleared out some artisan settlements, it would give us more certain control of this troubled region, though the prospect of deportations is sure to engulf the region in anger. The Bogorugi have patiently put this request before us, and offered to pay for transportation, as well as give an additional fee.;;;;;;;;;;;;;x
EVTNAME50232;Bogoran Envoys Arrive!;;;;;;;;;;;;;x
EVTDESC50232;We have just received a deputation from the Bogoran lands with the most curious proposal. The ministers of state are meeting in conclave before producing a reply to the Bogorans. They have proposed that we deport a large amount of the Dehuogi of the east of the empire to Bogoran lands, where they will become privileged settlers. The Dehuogi are a perennial thorn in our side - their horrendous Hajduks and bandits claim to serve the deposed pretenders of House Budobam, a puppet of the Vokonazhi, and the average Dehuogi brute drags his feet through every command. Whether we sent them a collection of troublesome serfs, or cleared out some artisan settlements, it would give us more certain control of this troubled region, though the prospect of deportations is sure to engulf the region in anger. The Bogorugi, have, astonishingly, offered to cede us the holy Yauje valley in exchange for this! We are urgently encouraged to accept by the whole of the clergy,;;;;;;;;;;;;;x
EVT50228OPTA;Anything to get rid of these dreadful folk!;;;;;;;;;;;;;x
EVT50228OPTB;Who are they kidding?;;;;;;;;;;;;;x
EVT50230OPTA;Approved.;;;;;;;;;;;;;x
EVT50230OPTB;And nothing to cover the cost of the population loss?;;;;;;;;;;;;;x
EVT50231OPTA;Excellent, approved.;;;;;;;;;;;;;x
EVT50231OPTB;We value our subjects too greatly.;;;;;;;;;;;;;x
EVT50232OPTA;What a diplomatic coup!;;;;;;;;;;;;;x
EVT50232OPTB;We cannot risk rousing the Dehuogi.;;;;;;;;;;;;;x
EVTNAME50233;Rannutan Declines!;;;;;;;;;;;;;x
EVTDESC50233;The talks we began with the Imperial Court of the Rannutan Empire about the invitation of their Dehuogi settlers into our lands have apparently faltered, with our diplomats arriving this morning dejected and gloomy. They are expected to give a full address to the assembly of clans this afternoon, but the interior ministry considers the matter a forgone conclusion: Rannutan has no interest. ;;;;;;;;;;;;;x
EVT50233OPTA;What a shame!;;;;;;;;;;;;;x
EVTNAME50234;Rannutan Accepts;;;;;;;;;;;;;x
EVTDESC50234;The talks we began with the Imperial Court of the Rannutan Empire about the invitation of their Dehuogi settlers into our lands have been successful! We had only scarcely received the diplomats themselves at a border post, who had been gone for about two months, when they informed us that coming shortly behind them were a beleaguered line of Dehuogi who had been marched across the empire with a Rannutan Imperial Army Escort. These settlers are complaining of great mistreatment at the hands of the Rannutan, and are in quite poor condition, having left with only their pack animals and what goods they could carry, but seem eager at the prospect of the large acres we have set aside for them in one of the least governed lands at the western edge of our state. The government has already made contact with a few community leaders to begin establishing their clan government, granted them their banner, and provided them with some Oujoy bearers.;;;;;;;;;;;;;x
EVT50234OPTA;Our state, nay - our people, are strengthened today.;;;;;;;;;;;;;x
EVTNAME50235;x;;;;;;;;;;;;;x #EVENT ONLY FOR AI, NO HUMAN WILL EVER SEE
EVTNAME50236;x;;;;;;;;;;;;;x #EVENT ONLY FOR AI, NO HUMAN WILL EVER SEE
EVTNAME50237;The End of the Dehuogi Clan!;;;;;;;;;;;;;x
EVTDESC50237;Since we have occupied the land of Souzzo, the capital of the Dehuogi clan, their clan structure seemingly has come undone. Their great fortress is abandoned, and their banners captured by one of our generals. This curious expedient by the Bogoran state, to strengthen their hold on the Yieswamau, seems to have come apart, but the Dehuogi still remain, if in a state of disarray and hopelessness, now that their protector has gone.;;;;;;;;;;;;;x
EVTNAME50238;x;;;;;;;;;;;;;x #EVENT ONLY FOR AI, NO HUMAN WILL EVER SEE
EVTNAME50239;x;;;;;;;;;;;;;x #EVENT ONLY FOR AI, NO HUMAN WILL EVER SEE
EVTNAME50240;x;;;;;;;;;;;;;x #EVENT ONLY FOR AI, NO HUMAN WILL EVER SEE
EVTNAME50241;x;;;;;;;;;;;;;x #EVENT ONLY FOR AI, NO HUMAN WILL EVER SEE
EVTNAME50242;x;;;;;;;;;;;;;x #EVENT ONLY FOR AI, NO HUMAN WILL EVER SEE
EVTNAME50243;x;;;;;;;;;;;;;x #EVENT ONLY FOR AI, NO HUMAN WILL EVER SEE
EVTNAME50244;The Direction of Our State;;;;;;;;;;;;;x
EVTDESC50244;It has become clear that our state is bereft of a clear constitution. Various authorities, documents, laws, and powers create a terrible muddle, and the state is inefficient and disorganised. The government has directed that a new series of major laws be drafted to determine the constitutional direction of our country. Leading luminaries and politicians have gathered to debate this issue, but it’s unsettled as to what sort of constitution is to have: one with a higher degree of central authority, or one with a higher degree of devolved powers?;;;;;;;;;;;;;x
EVTNAME50245;Resitance to Abolition!;;;;;;;;;;;;;x
EVTDESC50245;Our recent government initiative to abolish serfdom has not gone down well in the provinces. Enraged landowners have declared that their ancient and ancestral rights are being trampled upon by an out of control government. Many of them have formed seditionist leagues, gathering antique weapons, saddling their swines, and declaring that if the abolition is brought to their estates, they will resist the government. The army has declared that it is willing to enforce the government’s will by means of arms, but many in the legislature are nervously muttering if it is really worth it. We must chart a course of action in these troubled times! §RNOTE: If you choose to pay, this means you will pay 2000 for every instance of a collection of aristocrats, e.g. 200 a certain culture and faith in a location. Make sure you have the money!§!;;;;;;;;;;;;;x
EVTNAME50246;Successful Abolition!;;;;;;;;;;;;;x
EVTDESC50246;While many feared that the abolition of the serfdom in our country would cause much resistance, much to the relief of the government, it has gone over with little trouble, barring a little grumbling from the aristocracy and the reactionary circles.;;;;;;;;;;;;;x
EVTNAME50247;Red Flux Arrives!;;;;;;;;;;;;;x
EVTDESC50247;Its arrival is unmistakable: the characteristic hemorrhaging of copious amounts of blood from all orifices, with rapid onset, sometimes in the middle of the street, or in a pale, sweating visitor to a hospital. The Red Flux has arrived in our country, and already in one of our provinces, more and more victims are being struck with this dreadful illness as it rages through our population. Terrified residents are shuttering their windows, doors, and praying that the illness will not strike them, while the coroners direct the corpse wagons to large funerary sites beyond the borders of major towns and settlements. This is, many are saying, the beginning of a grim episode of our nation’s history.;;;;;;;;;;;;;x
EVTNAME50248;Wasting Sickness Arrives!;;;;;;;;;;;;;x
EVTDESC50248;The residents of one of our provinces, briefly, thought a corpse had come to walk! But almost more chillingly, it seems the recent news of an epidemic of wasting sickness has been particularly relevant, as it appears the wasting sickness has spread to one of our provinces! Indeed, the doctors who attempted to treat this victim, and the coroner who attempted to dispose of the corpse once the victim perished, have all come down with this sickening affliction of the skin, causing the flesh to necrotise, and the tissue to peel away, attracting swarming hosts of flies that bite at the rotting flesh. Indeed, the whole province has been thrown into turmoil, with great consternation at the spread of the illness, and many regular activities of life have come to a grinding halt in an effort to avoid the spread of the plague. ;;;;;;;;;;;;;x
EVTNAME50249;Pandemic Abates;;;;;;;;;;;;;x
EVTDESC50249;The recent terrible pandemic that had struck our lands has finally abated. In all of our districts, life seems to have returned to normal, and while our society is left with many scarred survivors, grieving families, and disrupted life, it seems that most of the populace is now immune to the new strain of the pandemic, having faced the terrible trial of illness themselves, and come through it alive. ;;;;;;;;;;;;;x
EVTNAME50250;x;;;;;;;;;;;;;x #EVENT ONLY FOR AI, NO HUMAN WILL EVER SEE
EVT50251NAME;Bogorug;;;;;;;;;;;;;x
EVT50251DESC;Bogorug is a large aristocratic commonwealth in the northern reaches of Ishahfazh. The Bogoran state is organised around a system of hereditary clan-castes, all reputedly descended from the Vewugist nomadic clans who came and conquered the lands of now Bogorug in the 530s. They maintain a brutal oppression of the Oujoy people who lived there before their arrival, by a system of castes (the Oujoy are said to belong to the ‘sixth’ clan), a swinebacked noble gendarmerie, and monopolisation of all the land. The clans maintain both justice for their members, headed by a ‘warchief’ and meet in the assembly of the old clans, the Bogoran legislature, where each clan has one vote. Clan membership is a personal hereditary status, through the mother, not a geographic one but there are clusters of clanship. ;;;;;;;;;;;;;x
EVT50252NAME;The Northern States;;;;;;;;;;;;;x
EVT50252DESC;The northern states of Ishahfazh have a decided flavour of the chivalrous, and the romantic, as opposed to the imperial and the commercial south. The rugged landscapes of the north, riven with great mountains, forests, and dales, has tended to foster societies which are, on the whole, poorer, but also politically and socially more personal. Dominated by large monarchical states, the rituals of kingship, tribute, and sober duty are deeply important to the region, where great kings often invoke ancestral titles, age old submissions, and the doctrines of legitimacy to compete over the variegated kingdoms, peoples, and clans of the north. It is mostly a sedentarian region, but the Bogorugi state is confessionally Vewugist, despite many sedentians in its lower classes. The Rannu Empire, after its gradual absorption or domination of the smaller lordships and kingdoms, has long been at odds with the consolidated kingdom of Mamatoukat, with the Bogorans traditionally siding with the Rannu.;;;;;;;;;;;;;x
EVT50253NAME;The Pruub Flower;;;;;;;;;;;;;x 
EVT50253DESC;Pruub is a term for the extracted oils gathered from the crushed up Magoupt plant, which is found in the Poudwouvas riverbeds. For millennia it has been chewed, smoked, and lathered on mucous membranes by the people of Poumnia to induce a deeply euphoric state. In the modern world it is a highly popular drug, and often inhaled ‘in the Poumnian style’ after being mixed with water vapors. The bud of the Magoupt plant is famed for being most dense in oils, and is sometimes eaten, despite its bitter taste. The drug is delighted in by many, but above all by the Poumnian and Gashdzii aristocracies, who smoke it nearly continuously, and the royal export monopoly has historically made the Poumnian crown very wealthy.;;;;;;;;;;;;;x 
EVT50254NAME;The Nuddi Roots;;;;;;;;;;;;;x 
EVT50254DESC;Nuddi is a relaxing root infusion drink that is drunk in almost all parts of the civilized world. The Nuddi root is harvested and then mashed into a paste, where it is often placed in a communal vat or keg. The infusion has dormitive virtues, and when drunk in large quantities is said to induce strange dreams. It is a popular drink among the lower and middle classes, and ‘Nuddi Houses’, with comfortable poufs and divans are considered the bare essentials of a civilised city. The fibers of the plant are sometimes used to make clothing, especially for the slaves who so often have to dig the roots. The finest Nuddi is said to grow in the Kovan Isles, where it has been planted to great success, where the roots grow to prodigious size. The plant is originally thought to be from Ishahfazh, however.;;;;;;;;;;;;;x 
EVT50255NAME;The Nuzhdap Leaves;;;;;;;;;;;;;x 
EVT50255DESC;Nuzhdap is a mild hallucinogenic herb that is ground up and then smoked in long pipes. First discovered smoked by Vuyti by Gashdzii settlers fording into the east of Ishahfazh, it quickly became a popular drug. Upon making its way to the west, the Vewugi faith seized upon it as a source of mystical visions, and they regularly smoke it in hopes of getting a glimpse of their master, the Vewug. The finest Nuzhap is still said to grow in the east, particularly Gizhok, in Gaubja, where some of the oldest plantations and trademarks exist: ‘Golden Dreams’ (Niiz Bollok) and ‘Farmer’s Rest’ (Padudazh Zhim).;;;;;;;;;;;;;x 
EVT50256NAME;Thralldom;;;;;;;;;;;;;x 
EVT50256DESC;Thralldom is a term to refer to the ubiquitous practice in the Miiv of keeping other species of hominids as intelligent cattle. Especially in the more desolate and barren parts of the world and marginal economies of small freeholding peasants, the practice is viewed as not only economically viable but also culturally significant, prized as ‘the finest meat’ and indulged in by many believing the proteins of manflesh are curative to the brain and eyes, and a source of civilizational prosperity. In recent years this idea has come under attack, as either unsanitary, economically wasteful, or barbaric. Thralls are typically raised until about age 15, when they are fattened and then killed.;;;;;;;;;;;;;x 
EVT50257NAME;The Continents;;;;;;;;;;;;;x 
EVT50257DESC;Here one may find brief descriptions of the continents of the world.;;;;;;;;;;;;;x 
EVT50258NAME;Ishahfazh;;;;;;;;;;;;;x 
EVT50258DESC;Ishahfazh is the second largest continent in the world, and by far the most politically and economically developed. Ishah-fazh means 'setting sun land', and was originally a Gashdzii word for the west, until it took on greater significance in the early plateau period. Geographically Ishahfazh is divided by a large desert band into a definite north and south, and features a large spine of mountains connecting the two on the western edge of the continent. The south is dominated by vast savannahs, huge river flats, dense jungle, and fetid mangrove swamps. The north, contrarily, is covered in temperate forests, undulating hills, and foggy plains.;;;;;;;;;;;;;x 
EVT50259NAME;Kovazh;;;;;;;;;;;;;x 
EVT50259DESC;Kovazh is the third largest of the continents proper, and is so-called in the Gashzii tongue from the Xouvan people who inhabit its northern coasts. Largely flat and temperate, it is dominated by great steppes, deserts, and plains. Its political history has consequently been dominated by alternating periods of great conflicts and great empires. Despite being full of ancient civilizations and peoples, it remains economically underdeveloped and decentralized. ;;;;;;;;;;;;;x 
EVT50260NAME;Bafozh;;;;;;;;;;;;;x 
EVT50260DESC;The great eastern continent, named so by the Gashdzii term for east - ‘Bafa’ - a pre-Kadkohic vengeful sun god. It is the largest of all six major landmasses and also boasts most of the most impressive natural formations. Marked by its primitive stage of development, empty landscapes, vast mountain ranges, deep valleys, and endless forests, it represents at once opportunity and freedom as well as the great unknown.;;;;;;;;;;;;;x 
EVT50261NAME;Shobgizob;;;;;;;;;;;;;x 
EVT50261DESC;Shobgizob is a far flung continental shelf in the reaches of the southern oceans. Mainly dominated by two large islands, it features a number of small archipelagos as well. Mountainous and windy, and covered mostly in sparse, temperate forests, the region is home to many grazing animals and large seabirds and a small settlement of culturally homogenous hominids. Currently, the land is wracked by religious strife after the arrival of the Vewugist faith through missionary activity.;;;;;;;;;;;;;x 
EVT50262NAME;Paukzhodo;;;;;;;;;;;;;x 
EVT50262DESC;‘The Land of the Spears’ (named so either because of its hostile inhabitants or the large horned animals that graze in its cool forests), Paukzhodo is the fourth largest continent or the largest subcontinent in the world. Lying just of the northern coast of Ishahfazh, its own northern coast hugs the great northern sea and is buffeted by brutal storms and cold winds, but its more temperate south is marked by large river complexes populated by fishing, hunting, and farming communities who bring strange pelts and fine timber out of the north. ;;;;;;;;;;;;;x 
EVT50263NAME;Gofakidzia;;;;;;;;;;;;;x 
EVT50263DESC;The smallest of all the legitimate continents, Gofakidzia is one of the most isolated and extreme regions in the world. In the far reaches of the north and amidst the paths of the great storms that rage in the northern seas, it seems a miracle hominids made it there at all. Indeed, the Mjhm'an People who live there speak a strange and barbarous isolate, and live a truly wretched life in this harsh land ruled by great storms. ;;;;;;;;;;;;;x 
EVT50264NAME;Aristocratic Commonwealth;;;;;;;;;;;;;x 
EVT50264DESC;An aristocratic commonwealth is a term for a common form of government across the world in which the state is dominated by large noble magnates who rule in a quasi-parliamentary regime with a weak monarch or no monarch at all. Various other terms for this government and the movements associated with it would be aristocratic constitutionalism or aristocratic republicanism. It usually features sweeping proprietary and social rights vested in the nobility and clergy, many regional privileges, and highly formalized, ritualized, and documentary political institutions.;x
EVT50265NAME;Liberationism;;;;;;;;;;;;;x 
EVT50265DESC;Liberationism is a prominent ideological movement in much of the developed world in Ishahfazh. Decrying traditional feudal structures, aristocratic and monarchical tyranny, and lauding agrarian free peasant lifestyles, Liberationism has become a revolutionary movement to create a utopian state for the common people. Liberationists aim to create what could be described as paternalistic agrarian regimes that are oriented to spreading anti-feudal revolution and maintaining demotic welfare policies. Prominent theorists include Yathoon Ifo and Sevu Orooth, who argued for a form a divinely ordained polity guided by a sovereign will manifest in the biological and spiritual vitality of an agent.;x
EVT50266NAME;Paternalistic Council;;;;;;;;;;;;;x 
EVT50266DESC; A ‘paternalist council’ is a typical term for the form of conciliar government preferred by Liberationists. Generally modeled after the ‘Sublimely Guided Demotic Assembly’ erected by the revolutionary government in what is now Veyethu (the holy state) after the Liberationist uprising of 1297, it typically features appointed or elected ‘tribunes’ who collaborate in a centralized system to direct and control public welfare and military campaigns. Contrary to much of the rhetorical discourse attendant to these governments, they tend to be fairly brutal, narrow in involvement, and antidemocratic. They are in fact intentionally so, their purpose consisting only of maintaining plebeian social (not political) rights and waging war against aristocratic enemies.;x
EVT50267NAME;Princely Despotate;;;;;;;;;;;;;x 
EVT50267DESC;A princely despotate is a general term for centralized proprietary states of various forms of dictatorial and monarchical governance across the world. It generally features a lone sovereign or first citizen, surrounded by a coterie of ministers and servants, governing in a fairly arbitrary way, and typically features a fairly strong bourgeois bureaucratic or military establishment to maintain the will of the Prince. ;x
EVT50268NAME;Statism;;;;;;;;;;;;;x 
EVT50268DESC;Statism is an ideological and political movement that champions the state as the historic and natural subject of history and society. Citizens are merely subordinate members of a state enterprise, and the pursuit of efficient social and economic management at the expense of all other considerations is the aim of the statist politician. It is in spirit an offshoot of the Azhkazhine functionalist movement, formulated by Shomo Mudt, in the late 1310s, who applied the functionalist ontology to the state and the material world, as well as advocated for secularism, poor relief, and reform of a large variety of kinds. Mudt took the state’s being to be its capacity to act as a state: increase its powers for violence, tax collection, and consent, and advocated for a system of reform to enhance all these things.;x
EVT50269NAME;Theocratism;;;;;;;;;;;;;x 
EVT50269DESC;Theocratism is a broadly conservative and reactionary movement that seeks to synthesize statist and absolutist methods of social control with reactionary and conservative aims. Seeking to restore traditional social privileges and religious authorities, they are most principally the enemies of liberationists. The origins of the theocratist movement are in the thoughts, writings, and lectures of Deacon Mogga, a radical preacher and paramilitary agitator from the Gozonazh peninsula. ;x
EVT50270NAME;House Budobam;;;;;;;;;;;;;x 
EVT50270DESC;House Budobam is a small and diminutive dynasty reigning on the Island of Kuabtashug, off the coast of northern Vokonazh. Once a major Dehuogi dynasty ruling an ethnically homogeneous proto-national Dehuogi ‘ikui?Bekob’ (Royal Domain) from the 7th to the 10th century, incursions by the Rannu empire let to their progressive collapse. Fleeing to a tributary island, the dynasty persisted, eventually converting to the Kadkohi pantheon and collaborating with the regional power of Vokonazh, who remains a patron. For more than two hundred years, the Budobaman, ‘those of budobam’, have ruled in the Kaubtashug, and continued to claim the allegiance of all the Dehuogi. The Rannutan currently rule most of the Dehuogi lands, and have claimed legitimate mastery of the ‘heathen’ Dehuogi lands in the name of the sedentarian faith, which has been augmented by a series of titles borne by the Rannutan Emperor for many centuries now. ;x
EVT50271NAME;The Rannu Empire;;;;;;;;;;;;;x 
EVT50271DESC;The Rannu empire is a large and old Tehuhrite empire which dominates the northern reaches of Ishahfazh. Emerging from a collection of allied tribute taking military castes in the north of the continent, the martial Unnahu and Unnobanhu peoples slowly spread their influence around the region, dominating local upland tribes, neighbouring people and establishing sturdy borderlands. The pressures of modernisation caused this vaguely unstable network of warlords to gradually sacralise and institutionalize a tradition of imperial administration by regional governorates organised by local, loyal elites. The central point of the Rannu Empire is the Rannutan Dynasty, which gradually assumed greater power during the early 8th century as the power of the Bennaru faded. Dynastic submission by compliant local governors, trained in Tehuhrite philosophy, which sanctions the entire regime as an order-bringing empire.;x
EVTNAME50272;White Flux Arrives!;;;;;;;;;;;;;x
EVTDESC50272;He was found, stumbling up to the hospital gates, wheezing and coughing, yellow-white pus collecting like spittle at the edges of both his mouth and nose, pleading for help. The doctors did their best to treat him, but in the end his pus filled lungs gave out, and he died in his hospital bed. He was not the first, and he will not be the last. The terrible pandemic of ‘white flux’ seems to have arrived in one of our provinces, spreading like wildfire, and striking old and young alike. Distressed city officials have decreed a few belated quarantines, but it seems to do little to stop the spread of a disease that seems to pervade the very air, an unwholesome miasama, and the citizenry themselves shutter their doors and windows, while the sick stumble around the city, coughing, banging on doors, and pleading for help.;;;;;;;;;;;;;x
EVTNAME50273;Quarantine of $CAPITAL$ Has Failed!;;;;;;;;;;;;;x
EVTDESC50273;Despite all our best efforts, the cordon sanitaire of our capital has failed! The ghastly pandemic now stalks the streets of $CAPITAL$, and the soldiers deployed to enforce the quarantines are themselves ill with the accursed gripe! There is no point now in sinking such resources into the maintenance of the quarantine system.;;;;;;;;;;;;;x
EVT50273OPTA;Hard times are ahead...;;;;;;;;;;;;;x
EVTNAME50274;Quarantine of $CAPITAL$ Collapses!;;;;;;;;;;;;;x
EVTDESC50274;With the outbreak of military conflict, it has become, for all intents and purposes, untenable to maintain our cordon sanitaire implemented in our capital to protect against the alarming spread of the global pandemic. We can no longer sanction the diversion of military resources to maintenance of district checks at the capital, and furthermore, it is expected that the cycling of units back and forth from the frontline for recuperation and medication, as well as for supply and resupply, if the war persists, will make cordon saintaire superfluous. Doubtless, too, the possible arrival of foreign soldiers, refugees, and other incidents of war means altogether we must brave the possibility of disease as well as occupation!;;;;;;;;;;;;;x
EVT50274OPTA;We have a more pressing use for the military now.;;;;;;;;;;;;;x
EVTNAME50275;National Cordon Sanitaire Collapses!;;;;;;;;;;;;;x
EVTDESC50275;With the outbreak of military conflict, it has become, for all intents and purposes, untenable to maintain our national cordon sanitaire implemented to protect against the alarming spread of the global pandemic. We can no longer sanction the diversion of military resources to maintenance of border checks, and furthermore, it is expected that the cycling of units back and forth from the frontline for recuperation and medication, as well as for supply and resupply, if the war persists, will make cordon saintaire superfluous. Doubtless, too, the possible arrival of foreign soldiers, refugees, and other incidents of war means altogether we must brave the possibility of disease as well as occupation!;;;;;;;;;;;;;x
EVT50275OPTA;We have a more pressing use for the military now.;;;;;;;;;;;;;x
EVTNAME50276;$FROMCOUNTRY$ has converted to Vewugism!;;;;;;;;;;;;;x
EVTDESC50276;We have received news, through the various Vewugist missionary societies, that the political and social elite of $FROMCOUNTRY$ have, undoubtedly under the guidance of the very same pious Vewugist missionaries, converted to Vewugism! This is unmistakably a wonderful day for the hosts of his majesty and might the holy Vewug, as it is his pleasure to see his faithful increasing, for our puny souls go someway to endow him with the power to secure us with ever greater favours and boons, and reign down misfortune on our enemies. Though they are quite primitive, these pagans in $FROMCOUNTRY$ are clearly on the path to civilization.;;;;;;;;;;;;;x
EVT50276OPTA;These are wise beastmen.;;;;;;;;;;;;;x
EVTNAME50277;The Zhakdi Request!;;;;;;;;;;;;;x
EVTDESC50277;In the Shau Zhakd, the ‘new settlements’ of the western coast of Bafozh, for several decades a collection of Gashdzii settlers lived largely ungoverned by any state system. Unlike the Kushnâg or Poponazh, the abundance of land and the relative placid nature of the Fauwozhi seems to have given rise to a remarkably communitarian and voluntarist political structure, if it can be called a political structure at all. Now, however, since we have established our dominion over these lands, the local Jazhakdi have been complaining of the arbitrary and wanton trampling of their ancient privileges. In any sense of the formal Gashdzii political and religious legal tradition, they are indeed nearly totally beyond it. However, a collection of them have submitted a request to formalise what they call the ‘Zhakdnâg’ or the ‘setter/farmer concern/public matter.’ This decentralised intuition would be under our protection, and would guarantee us their goodwill.;;;;;;;;;;;;;x
EVTNAME50278;Rifts Emerge in the New Government!;;;;;;;;;;;;;x
EVTDESC50278;The Gaubjan state was wracked in the mid 1270s by a particularly bloody palace coup against the old dynasty. The Pozâfauk Dynasty was overthrown and house Bodimhazh came to the throne, making the beheading of old Mozzanak II Pozâfauk their very flag. By all accounts, too, his young son, Mozzanimiz IV, was killed as well, but this did not stop a number of popular uprisings to be organised in the support of various pretenders who claimed to be Nimiz in the 1270s and 80s, largely an expression of popular discontent with the royal regime, and proto-liberationist notions. The recent Free Yoker revolution drew much of its support from groups organised in support of the various ‘false’ Nimizk, and now, it seems, the governing council is divided. A large contingent wish to restore the Pozâfauk dynasty, and aspects of the old constitution, but other, more ideological yokers, denounce these ambitions as a betrayal of the revolution.;;;;;;;;;;;;;x
EVTNAME50279;The Maabizhpti Peninsula;;;;;;;;;;;;;x
EVTDESC50279;The Maabizhpti Peninsula is hardly a peninsula, but the large jutting out from the Ishahfazhi mainland that hosts the great states of Gaubja and Jiishanâg. Named ‘the cut lands’ from the practice of slash and burn farming by the settlers of the area, this part of the world was the furthest reaches of the ancient Kiidnazh, with the first Gashdzii settlements beginning in the 500s. The region is marked by the continual colonial expansion of the Gashdzii states at the expense of the Vuyti speaking peoples of the jungles and plains, and the simultaneous jockeying and aggression between the four principal Gashdzii states in the region, above all between the Kingdom of Gaubja and the Jiishanâgi commonwealth, who still also profess nominal loyalty to the Kiidnazhk in Pashdzii, unlike the newer settler states of Gozonazh and Chiishozd. ;;;;;;;;;;;;;x
EVTNAME50280;AI CLEANUP;;;;;;;;;;;;;x
EVTNAME50281;AI CLEANUP;;;;;;;;;;;;;x
EVTNAME50282;AI CLEANUP;;;;;;;;;;;;;x
EVTNAME50283;Uttobanhu Recalcitrance;;;;;;;;;;;;;x
EVTDESC50283;The creation of a Uttonbanhu state beyond our borders has been a disaster for our state. The ancient nature of our government as a confederation of military nobles means that much of the identity of local peoples is tied to a sense of loyalty to local aristocrats. Aristocratic identification with this state, their citation of the ‘organic transference of the ancient common constitution of the Uttobanhu nation’ to the new state of Bennareth, has driven the people into a sense of noncompliance, and dramatically impaired the functioning of both local and national governance of the Uttobanhu people within our borders.;;;;;;;;;;;;;x
EVT50283OPTA;Damn them!;;;;;;;;;;;;;x
EVTNAME50284;Order Restored to Bennareth;;;;;;;;;;;;;x
EVTDESC50284;For some time in recent history the Uttobanhu state of Bennareth has maintained pretentious independence from our empire, while we were weakened and unable to maintain control over these regions. Now, we have recovered the lost lands of Bennareth, and the government has seen it as prudent to re-enroll the old Uttobanhu families in the register of the imperial parliament. It is hoped that this will go someways to reestablishing consent to governance over these lands, resurrecting the ancient compact that was the basis of our state, and drawing the Uttobanhu elite again into the fold of the Rannu empire.;;;;;;;;;;;;;x
EVT50284OPTA;Back under the yoke with you lot.;;;;;;;;;;;;;x
EVTNAME50285;The Artificial State of Vadobeth;;;;;;;;;;;;;x
EVTDESC50285;The belonging of the Ngoghu people to our state was always tenuous. Despite efforts to include them in our governance, they have consistently dragged their feet in cooperating with our state. Now, however, with the creation of the artificial state of ‘Vadobeth’, the Ngoghu have seemingly erupted in an outpouring of national fervor, their poets and intelligentsia rejoicing at the supposed ‘liberation’ of their state from our apparently tyrannical rule. Doubtless this is artificial ethnogenesis, organised by the many enemies of the Rannutan, but regrettably it has caused much difficulties in effecting compliance of the Ngoghu populations who remain within our borders.;;;;;;;;;;;;;x
EVT50285OPTA;Damn them!;;;;;;;;;;;;;x
EVTNAME50286;Order Restored to Vadobeth;;;;;;;;;;;;;x
EVTDESC50286;For some time in recent history, the altogether false state known as ‘Vadobeth’, doubtlessly propped up by the many enemies of the ancient Rannu empire (indeed, it is well known that this region was teeming with Gashdzii and Oujoys), we had suffered to allow independence, but now it has again been integrated in our empire. The Ngoghu, to whom some years ago we condescended to allow representation in our governance, have come grovelling back to us, requesting their old privileges. The imperial officialdom has generously allowed this, acknowledging that the simple Ngoghine were easily deceived into rebellion and disloyalty. A number of oaths of fealty have been extracted from the Ngoghine aristocracy, and Vadobeth is once again a geographic subdivision of the great Rannu Empire!;;;;;;;;;;;;;x
EVT50286OPTA;Back under the yoke with you lot.;;;;;;;;;;;;;x
EVTNAME50287;The Revolution Betrayed?!;;;;;;;;;;;;;x
EVTDESC50287;Since the great revolution of 1297, our state has been the foremost liberationist state in the world. We have led the charge against the bastions of nobility, privilege, and aristocratic tyranny, and kept the yoke of both the factory and of serfdom away from the vital menfolk of our land… or so the story of the government's official orators goes. But many are rather grumbling that in fact, the government has not so much preserved the spirit of the revolution, but gradually settled into a conservative complacency, an embrace of statist revisionary thought, and ultimately a betrayal of the revolutionary virtues of 1297. In a particularly stark denunciation in the governing councils chambers, extreme liberationist ideologues decried the current government’s policies as aristocratic in nature, and cried out for a new age of vitalistic renewal, decamping en-masse from the chamber! ;;;;;;;;;;;;;x
EVTNAME50288;AI CLEANUP;;;;;;;;;;;;;x #empty?
EVTNAME50289;Slaves now owned by State;;;;;;;;;;;;;x #not used
EVTDESC50289;x;;;;;;;;;;;;;x
EVTNAME50290;AI CLEANUP;;;;;;;;;;;;;x
EVTNAME50291;AI CLEANUP;;;;;;;;;;;;;x
EVTNAME50292;AI CLEANUP;;;;;;;;;;;;;x
EVTNAME50293;AI CLEANUP;;;;;;;;;;;;;x
EVTNAME50294;AI CLEANUP;;;;;;;;;;;;;x
EVTNAME50295;AI CLEANUP;;;;;;;;;;;;;x
EVTNAME50296;The End of the Dumuv System?;;;;;;;;;;;;;x
EVTDESC50296;The recent actions by the imperial government to abolish the system of beneficiaries and banalities owed to the state and the nobles by the vast majority of the common people in Poumnia has caused a massive uproar across the land. Not only does the majority of our country rely on this system for most of its economic production, throwing many provinces into chaos and recession, but this ancient practice is one of the most basic foundations of our state. The military aristocracy, whose private domains blend with regional government, are justifiably furious, with a large part of their jurisdiction and an important source of wealth taken away. It remains to be seen how this affects our country, but many parts of the imperial clergy are suggesting perhaps that the scope of the project of liberation and reform should be limited. ;;;;;;;;;;;;;x
EVTNAME50297;A Vessel for the World Soul;;;;;;;;;;;;;x
EVTDESC50297;When a new Pudwou ascends the throne, he is expected to hold a great marriage ceremony where noble houses swear fealty and assert the emperor’s divine status, and the Emperor is married to hundreds of noblewomen from these houses. In the coming months, before any wife gives birth to children, the Pudwou is expected to consult his ancestors (the mummified past Pudwous) to decide which wife will give birth to his new heir. This decision must be made before the child is born, so the mother can undergo the divination ritual where her womb is blessed and imbued with the Pudwou’s spiritual power. Since the quieting of the previous Pudwou some days ago, the new embodiment of the world soul has summoned his many nobles to Prousorum for such a ritual. But the question remains of which wife to select for such a role: despite its spiritual significance, it often has a bearing on the fortunes of the noble house which is selected. As often happens, a great house is vying with a particularly capable small house.;;;;;;;;;;;;;x
EVTNAME50298;Pastoral Confederacy;;;;;;;;;;;;;x
EVTDESC50298;Our government, state, and society has gradually taken on a remarkably distinct character. Both large scale decentralisation and federalisation, as well as the gradual enshrinement of common usufruct and voluntarist collectivism as a parallel legal system to the ‘watchman’ oriented civil apparatus, has begotten a unique constitution where regionalism, pastoralism, village collectivism, are the order of the day. Our state is a patchwork of various communes, workingmen's traveling artels, and mutual covenants to maintain infrastructure, bonded by a number of treaties and pacts, and the force of almighty tradition and independent courts, and may be rightly described, in the common parlance, as a ‘pastoral confederacy’.;;;;;;;;;;;;;x
EVT50298OPTA;Truly, this is a worldly utopia.;;;;;;;;;;;;;x
EVTNAME50299;Paternalistic Council;;;;;;;;;;;;;x
EVTDESC50299;The gradual centralisation of power in the hands of a few capable autocrats, as well as the gradual enshrinement of commoning laws, and ultimately the autonomy of the landholding legal system from the civil law, means our country has taken on the character, broadly, of the paradigmatic Liberationist state. Finally, and perhaps inevitability, it has happened that the government has declared the suspension of regular parliamentary activities, and established a directorate council, chaired by a rotating ‘Lord Protector’, to guarantee the constitution. This transition has happened entirely peaceably, given that, barring the formal change, our constitution has effectively operated like this for some time.;;;;;;;;;;;;;x
EVT50299OPTA;Through absolute unity only can the common will be found and secured!;;;;;;;;;;;;;x
EVTNAME50300;Grand Syndicate;;;;;;;;;;;;;x
EVTDESC50300;The gradual concentration of land tenure into large scale collectivised real property units, coupled with the progressive decentralisation of government into a broadly corporatist system of administration, means our state-society matrix has taken on a unique character. Citizens tend, in fact, to own very little property themselves, but belong to large industrial syndicates and guilds, craft-cities, or industrialized agrarian units, where they work and receive a wage according to a strict hierarchy of obedience and progress. These various collective farms, city organisations, industrial firms, universities, maintain a strong degree of autonomy from each other (while usually maintaining highly stratified authoritarian relations internally), have gradually organised themselves into a syndicate of syndicates of syndicates. The grand syndicate meets regularly to determine an organised policy, and set state-wide concerns and objectives, which are binding to all syndicates.;;;;;;;;;;;;;x
EVT50300OPTA;Prudence, obedience, and production are the guarantors of social stability and safety.;;;;;;;;;;;;;x
EVTNAME50301;Statist Bureaucracy;;;;;;;;;;;;;x
EVTDESC50301;The gradual concentration of all state power into the hands of a number of professional bureaucrats, as well as the large scale collectivisation of agriculture and the gradual abolition of the rural landholding class and the village system, means that our government has increasingly taken on a character amenable to and approved of by the statist parties of our nation. It is not surprising, then, that the official roles of collective farm director, and other members of the administrative secretariat, has attracted statist minded citizens, despite our best efforts at ideological screening. It appears that the statist parties have long been organising a parallel administration, coordination policy just as much in meetings of the statist party as well as in the bureaucratic chambers and the parliament. In a bloodless coup, the statist party, in conjunction with a number of senior bureaucrats, have annulled the current session of parliament, and proclaimed a new constitution.;;;;;;;;;;;;;x
EVT50301OPTA;The resolutions of the party are all that are between us and anarchic collapse.;;;;;;;;;;;;;x
EVTNAME50302;x;;;;;;;;;;;;;x #AI ONLY
EVTNAME50303;$FROMCOUNTRY$ Requests Aid Against Uprising!;;;;;;;;;;;;;x
EVTDESC50303;$FROMCOUNTRY$, one of our neighbours, seems to be experiencing extreme upheaval. Wracked by rebels and civil war, we learn every day of new atrocities by the rebels, and refugees trickle across our borders to escape the chaos, as soldiers maraude the land, requisitioning food and supplies from villages, and massacring those who resist. As we are guarantors of order and tradition, the beleaguered government has appealed to us, citing a solidarity in tradition, legitimacy, reaction, and regional stability, asking us to aid in the effort to defeat the rebels. They will certainly be grateful to us if we do.;;;;;;;;;;;;;x
EVT50303OPTA;We must stamp out revolution wherever it rises!;;;;;;;;;;;;;x
EVT50303OPTB;The $FROMCOUNTRY_ADJ$ are on their own in this matter;;;;;;;;;;;;;x
EVTNAME50304;An Historical Mystery?;;;;;;;;;;;;;x
EVTDESC50304;It is well known that the Parqmun sculpt small wooden idols of various demons and spirits, and then burn them in great holocausts, to honour Mun and destroy the power of the devils and spirits. But one of our anthropological professors, who spent a number of years living with the Parqmun, has recently compiled a great degree of observations about the character of the idols, and compared them to catalogs of the idols held by the juewaeg faithful kept in the archives and private scholarly libraries in $CAPITAL$, drawing notable similarities. He has come up with a particularly fascinating thesis that a number of more powerful Parqmum empires once ruled a much larger area in Bafozh, and came across, and came to understand, the horrendous sacrificial rites happening in the southern forests, and because of this came to identify this particular style of idol with devilish activity.;;;;;;;;;;;;;x
EVTNAME50305;x;;;;;;;;;;;;;x #AI ONLY
EVTNAME50306;The Grave Stele of Knagtka Kneg?;;;;;;;;;;;;;x
EVTDESC50306;Upon our occupation of Knutsk, we have found a fascinating scene. A towering stele on the top of a large hill, with deep relief engravings depicting the sun, a man, and a number of his deeds, as well as, it appears, his birth from the sun. Many nomadic peoples seemingly have come many thousands of miles to place small trinkets, flags, and other precious items at the foot of this huge stele. The local colonial officer began asking the local people who had erected this stele, what was it for, and why was it here. After some difficulties, they explained this is the gravesite of Knagtka Kneg, the prophet of the Dkatkang faith, and was erected on the order of the Prince of Nan Tsetk, who rules many hundreds of miles to the north. The Stele features his birth as an incarnation of the sun, his itinerant labours and miracles, during his life, and the eventual passing away of this body, his promise to send another prophet, and his reunion with the sun.;;;;;;;;;;;;;x
EVT50307NAME;The Pruunts;;;;;;;;;;;;;x 
EVT50307DESC;The Pruunts are the Diwvish speaking people living on the southern Reuhriz peninsula of Ishahfazh. They are a seafaring people, and related in tongue and race to the Poumnians, the Roshupt, and the Towuzhans. However, their cultural identity is far different. While the stolid Poumnians developed an imperial, rural culture, the Pruunts were some of the first urbanists, founding small social-military city communities millennia ago, and developing a unique ethno-religious tradition of Shamush. Gradually, Pruuntia came under the sway of Imperial Poumnia, who made the Pruuntish states tributaries of the Vopudwou, and injected the Pruuntish tongue with much Poumnianism, and somewhat feudalised their society, but the urbanism, religious mysticism, and stubbornness persists in Pruuntia. The Pruuntish elite is divided into the imperialists, who pay their respects at the imperial temples, and the Pruuntics, who attend sermons of the Shamushic teachers.;;;;;;;;;;;;;x 
EVT50308NAME;The West Gashdzii;;;;;;;;;;;;;x 
EVT50308DESC;The western Gashdzii lands are the area where the Gashdzii dialect is most pure, the traditions of the Gashdzii are the most unalloyed. The Gashdzii’s origins are from those of warlike swine-riding nomad clans. Historically they were a fiercely proud and independent people interconnected through vast familial ties. The culture of steppe-riders still marks this now long sedentary society even in contemporary ages, and many of their cultural signs like thigh-slapping are from this era. The West Gashdzii tend to prefer to live in the great plateaus of this region, in stone houses with fine courtyards, and they are the most urban of the Gashdzii. Despite this, many of the common folk live in small stone and mud houses on the great savannah and riverbeds. They mostly eat breads mainly from hardy savannah grains, as well as the meat of their swine and great aurochs that graze in the savannah. The red robe is a traditional noble dress, with most states forbidding non-aristocrats from donning it.;;;;;;;;;;;;;x 
EVT50309NAME;The South Gashdzii;;;;;;;;;;;;;x 
EVT50309DESC;The south Gashdzii mostly live in the coastal and plains regions of the ‘newer’ settlements of their empire. While they have many proud cities and are a very mercantile people, the majority are actually farmers, a continuing legacy of their settler past. Their language takes more borrowings from the Poumnian, as well as Vuyti, and they tend to speak a far more demotic language than that of the stilted west or laconic north. Despite this, their culture, in some ways, preserves a greater austerity and somberness than the ‘decadent’ aristocrats of the west or the barbarous generals of the north, for the southern Gashdzii are deeply steeped in the austere purity and fierce sense of justice of the Motkohnic faith, and their sober dress, tidy cities, and exacting agrarian landlords are famous. They, like the rest of the Gashdzii, enjoy a diet largely of grains, fruit, and large cattle animals that are raised on the plains and savannah. ;;;;;;;;;;;;;x 
EVT50310NAME;The North Gashdzii;;;;;;;;;;;;;x 
EVT50310DESC;The North Gashdzii are a warrior people, nearly all in the old ‘Vokonazh’, the eastern borderlands, where the Duyo and the Eshemi pastoralists were driven from with much difficulty. The Vokonazh used to be a violent and bloody realm, and the culture of the North keeps to this legacy. Largely settled in great serf-estates, organised to support a military lord, the tradition of noble officers leading their bonded men into battle, and the military virtues associated with this, permeate North Gashdzii society. It is no wonder that the Kadkohi deity Doshk, of the dry season, of death, of loss, and pain, as well as order and stillness, ‘the austere father’, is the preferred deity of most of the ruling dynasties, who attempt to cultivate a society of obedience and order in a harsh landscape. North Gasdhzii culture is also bound up with fidelity to the Midodazh dynasty, the ancient lords of the Vokonazh, and it is not uncommon for peasants to keep a picture of the current prince.;;;;;;;;;;;;;x 
EVT50311NAME;The Sithevan Tongues;;;;;;;;;;;;;x 
EVT50311DESC;The Sithevan people are a belt of common ethnolinguistic identity along the western edge of southern Ishahfazh. The Central Sithevan dialects are generally mutually intelligible, but remain culturally differentiated by a history of different historic ruling dynasties, different lifestyles (the pastoral north, the agrarian south), different cultural contacts, occupations, and subsequent different legal traditions (Towuzhian, Poumnian, Ghech). The experience of being ruled by the great, ancient Athisoron dynasty, however, has driven them into a consciousness of a common history. The Chyothit, the Tufume, and the Vufami, all living much further afield, having adopted different faiths, different lifestyles, and constitutions, never experienced the homogenizing influence of the Athisoron dynasty. ;;;;;;;;;;;;;x 
EVT50312NAME;The Central Sithevans;;;;;;;;;;;;;x 
EVT50312DESC;The Central Sithevans are all those tongues and cultures that spoke a Sithevan language, and experienced the homogonising rule of the house of Athis. The Sithevan people were, over a millenia ago, a disorganized collection of military tribes broadly in the tribute of either the Poumnians or lorded over by the Ghech. Sitheve was far less of an identity, but rather an etic term for a cluster of peoples. The Vewugist developments in the 400s greatly strengthened Sithevan identity, and the early Vewugist kingdoms ruled for around 200 years before collapsing. The Rise of house Athis in the 700s once again brought a consolidated Sithevan to the world, but which had to contend with the regionalism of the Ghech-ruled Thes and Sevuma, and the Poumnian influenced Hahabi. The Hahuibi consider themselves the ‘purest’ expression of Sithevan culture, and its ‘good natured’ roots in the free tribes who settled around lake Chyufov, but the Hahabi consider themselves more sophisticated, the Sevuma themselves more pious, etc.;;;;;;;;;;;;;x 
EVT50313NAME;The Vufami;;;;;;;;;;;;;x 
EVT50313DESC;The Vufami are a sithevan culture living in the southern reaches of Ishahfazh. Transplanted there after the great Vewugist migrations, they have largely adopted to the local lifestyles, tilling the jungle soils for starchy roots, living in tower-cities on the plains, in the mashes, and in the jungles, and even have taken to birding, like the elites of Toworud. Nonetheless, they remain committed to their Vewugist faith, and continue to be highly conscious of the linguistic difference between them and their neighbours. There is only one Vufami state, the monarchy of Chyivit, with which both the Poumnians and the Pruunts acknowledge as the legitimate protector of Vewugists in the Poumnian Empire. The garbled and ancient dialect, as well as their stark poverty, makes the Vufami an object of interest for most sithevans, a sort of ‘living relict’ of their ancient conquesting past, but not totally alien like the Tufume or Chyothit.;;;;;;;;;;;;;x 
EVT50314NAME;The Tufume;;;;;;;;;;;;;x 
EVT50314DESC;The Tufume are the Island Sithevans. Having arrived in the Takemogi isles in the 400s, they have gradually adopted the lifestyle of these people, even moving into the weather resistance fortresses they live in, and mostly converting to sedentarian traditions and abandoning their Vewugism. The linguistic issue remains conscientious, as the Takemogi crown, resenting the tongue of the ancient invaders, has tried variously to curb it, grant concessions, or avoid dealing with it all together. The ancient kingdom of Gibumovon is still a fond memory for highly particularist Tufume, but altogether they are mostly quiescent subjects of the Takemogi crown, who see them as a regrettable quirk of history that’s confined to a small region. They, like the Takemoujoy, subsist largely on fish and break, as well as the occasional flank of cattlemeat.;;;;;;;;;;;;;x 
EVT50315NAME;The Surgoian Peoples;;;;;;;;;;;;;x 
EVT50315DESC;The Surgoian peoples are a class of various ethnolinguistic communities living in the north west of Ishahfazh. From the Oujoys of the mountains, who share a nearly common tongue, but who have gradually adopted divergent identities due to the rule of the Bogorans over the Yamoujoy, to the oppressed Miegpaup nomads of the deserts, the Gopza of the mountains, and the Islanders of Takemog, a common linguistic root means there is a consciousness of common history, but a variety of different lifestyles and historical differences means these cultures have much variety. ‘Surgoian peoples’ takes its name from the ancient kingdom of Surgoia, which existed c. 100-500 I.R., but there were people of an ancient Surgoian tongue living in this region long before the kingdom, which merely gave rise to its ‘classical’ expression and still is the root of the high culture of Oujoy peoples, whose ancient name, but not culture, gradually has extended to the Takemoujoy, and the Miegpaup.;;;;;;;;;;;;;x 
EVT50316NAME;The Mamoujoy;;;;;;;;;;;;;x 
EVT50316DESC;The Mamoujoy are considered the ‘highest’ expression of Surgoian culture. After the collapse of the Kingdom of Surgoia, they were fractured into many small principalities, but they maintained the traditions and ancient regalia of the court. They are a settled people, depending mostly for their livelihoods on agriculture, forestry, and silkworm harvesting. Most of their homes are wooden, and their cities are known for their intricately carved wooden buildings, with elegant pavilions, carved posts, boards, and inlays, depicting many motifs of Sedenarian philosophy and faith. Their fine, flowing robes are well praised by the people of the world. The nobility of Mamatoukat continue to wear the steel plating of the older-ages, given an extreme attachment to tradition and their ancient privileges. Their society, like most Sedenatian societies, is highly stratified, with the common folk having little allowance to move and resettle, and the institution of serfdom is prolific.;;;;;;;;;;;;;x 
EVT50317NAME;The Yamoujoy;;;;;;;;;;;;;x 
EVT50317DESC;The Yamoujoy, the ‘short brother people’, are the northern mainland Oujoys. They have long been ruled by the Vewugist Bogorans, and as such: their dialect borrowed from the stilted, laconic tongue of the Bogorans, their began to organise their society in terms of clanship and hetmanship, and they take to a martial and pastoral lifestyle far easier than the Mamoujoy or the Takemogine. Despite this, they remain fiercely attached to Sedentarianism, keeping regular routes for their transhumance and cattle driving, and always wintering in the same place. They enjoy an impression of the Tehuhrite faith that emphasises harmony, balance, the flow of a river, and the idea of return. They tend to dress, as well, not in the fine, calming, silk robes of the Mamoujoy, but in more rugged leather outfits and caps, like the Bogorans. They are also great tea-growers, and some say they are the originators of the tea drinking practice.;;;;;;;;;;;;;x 
EVT50318NAME;The Takemoujoy;;;;;;;;;;;;;x 
EVT50318DESC;The Takemoujoy, the ‘military people’, a name they took, it is believed, from their feudal tradition of bonded warfare in service of a local king, are the isular Surgoians. The islands are known for their harsh weather and their dour, self-disciplined people living in great fortresses. The sedentarian faith arrived in the islands long ago, but the Takemogine are looked down upon by most mainland Sedentarians as not truly pious (for how, the theologians in Tauje say, did one get to the island? Surely, he and his kin must have moved there, and forsaken their homeland!). Perhaps consequently, they maintain a less philosophical and more animist version of the faith, venerating island deities of salt and storm, and local mountain and river spirits, and are great seafarers. The people mostly subsist on fish caught in trawlers, island grains, and the meat of the astouding ‘Takemog cattle’, whose shaggy coats and colossal size protect them from cold weather as they graze on the abundant grass of Takemog.;;;;;;;;;;;;;x 
EVT50319NAME;The Miegpaup;;;;;;;;;;;;;x 
EVT50319DESC;The Meigpaup are the Surgoian nomads of the south Vazzunak peninsula. Nominally sedentarian, they more often than not are close to simplistic animistic theists, worshiping earth and sky and honouring little the teachings of the sages and the philosophers. There are very little of them left, having been driven from Geswoup and Meigtas by the Mamoujoy kingdom and its ‘properly sedentian’ settlers, they live usually in the harsh deserts of this region, eating the meat of the small woolen ruminants the keep, and largely avoiding the government, singing ancient songs.;;;;;;;;;;;;;x 
EVT50320NAME;The Chyothit Thrall-lords;;;;;;;;;;;;;x 
EVT50320DESC;The Chyothit are the great thrall lords of the Hid Sasoth (The Kingdom of Sasoth), the monarchy of the lower Dhumuh mountains. A clan of sithevans arrived in this region during the Vewugist conquests, and has gradually converted the locals into a most wretched and oppressed people, farmed in great thralllands in the mountain scrubland, or hinterland steppe. The common people of the Chyothit, to little care by the great nobles, are entirely dependent on the Gashdzii merchants of Dhamapaha, who pay them to mine iron for the east-west trade. The Chyothit are known as brutal slavers, wild, inbred, barbarous Sithevans, with disgusting manners, and a decided taste for manflesh. In all likelihood, they are the closest people to the ancient Sithevans who were a persistent trouble for the Poumnians, and well known to the Ghechan war-parties. ;;;;;;;;;;;;;x 
EVT50321NAME;The Duttuphti Peoples;;;;;;;;;;;;;x 
EVT50321DESC;The Duttphti are a a linguistic bundle in northern Ishahfazh, their primary representative cultures being the Ûttôbânhu, the Unnahu, the Ngoghu, the Pû?urê and the Yattâe. Primarily incorporated in Rannu Empire, the Ûttôbânhu, the Unnahu, especially, and the Ngoghu to a lesser extent, share a high degree of mutual intelligibility, whereas the Pû?urê and the Yattâe diverged many centuries ago after migrations to Paukzhodo. The Rannuiac folk are known for their staid and somber morality, whereas the wild Pû?urê and Yattâe are known as bold warriors, drinkers, and adventurers, tinged with the paganism of Paukzhodo.;;;;;;;;;;;;;x 
EVT50322NAME;The Lordly Unnahu;;;;;;;;;;;;;x 
EVT50322DESC;The Unnahu refers to a large cluster of dialects and sedentarian traditions that lie on the northern coast of Ishahfazh. Largely associated with the Rannu empire, as the Rannutan dynasty themselves speak an Unnahu dialect, they nonetheless have a number of distinguishing features that mark them out from their neighbours. A strong, nucleated state centred around the tribute taking dynasties that establish themselves after the arrival of Sedentarianism helped to demarcate them from the Ngoghu on the east coast, whose settlement alongside proto-dehuogi clansmen left them a far more garbled people, while Unnahu high culture began to develop along the northern coasts, rooted in Sedentarian teachings, and highly litigious, their sedentarian ‘rootsmen’ and the gentleman lawyers of Vepht spilling our continuous treatises on the intricacies of tributary and sedentarian law. They are highly agrarian, as well as alcoholic, making ‘bark mash’ from the soft, sugary bark of the Dekh tree.;;;;;;;;;;;;;x 
EVT50323NAME;The Uttobanhu;;;;;;;;;;;;;x 
EVT50323DESC;The Uttobanhu like to pride themselves that they are the most ancient peoples of Northern Ishahfazh. It is very likely that Osju^nne^t of Gohn-Peth, the founder of the Sedentarian faith, spoke a language not far from Uttobanhu now, given their tradition of reading his scriptures in the original, and the continuous affinity for Pethian dramas. It is also the Pethians that adopted the letters of the Poumnians to a Duttuphti language, and which the Uttobanhu continue to use despite the imperial alphabetical reforms of the Unnahu. Much of the original lands of the Uttobanhu have been lost to the Vewugist desert folk, the Bogoran conquerors, and the practical Unnahu, but the Uttobanhu remain, lost in a classical memory of the great kingdoms of the ancient Pethians. They cultivate grains around the coast, and allow great herds of cattle to graze out in Ngogo desert, and usually live in large, low, wooden homes. ;;;;;;;;;;;;;x 
EVT50324NAME;The Ngoghu;;;;;;;;;;;;;x 
EVT50324DESC;The Ngoghu are broadly those Duttuphti peoples living in the region of Vadobeth, the area of land long ruled by the Dehoug when they were both pagan nomads and after they converted to Vewugism. A gradual trickle of settlers from Unnahu regions, (then all calling themselves Dutupht) tricked into these regions to settle and cultivate it, and it was in such a state that the Ngoghu were found as the Unnahu-Uttobanhu imperial complex pushed into this territory. Ngoghu identity is somewhat uncertain, with many speaking a Ngoghu register as well as fine Unnahu, but there is decidedly something regionalist and independent of the Rannu dominion that persists in the attitudes of these people.;;;;;;;;;;;;;x 
EVT50325NAME;The Yat-Pugrian Peoples;;;;;;;;;;;;;x 
EVT50325DESC;The Yattae and the Pugure are the Sedentarian and Duttuphti people who live in the wild of southern Paukzhodo. It is not known exactly when they settled here, but it must have been quite long ago, as their language is far different. It is speculated that they were settlers like the Ngoghu who went further. Nonetheless, now, they live a simple life of fishing, hunting, trapping, logging, and farming in what seasons allow it, while driving away the savage Ogrehi. They are the main point of contact between the goods of Paukzhodo and the traders of more developed nations. ;;;;;;;;;;;;;x 
EVT50326NAME;The Huighan Tongues;;;;;;;;;;;;;x 
EVT50326DESC;The Huighan tongues, it was a great surprise for the linguists, are all related, from the Unaian monks, to the Bogoran lords, the swineriders of Budobaman, and the oppressed Eshemi and Duyo. Despite great differences between them, nonetheless, they all come from a shared linguistic root, but these cultures share little between them besides language.;;;;;;;;;;;;;x 
EVT50327NAME;The Vuyti Folk;;;;;;;;;;;;;x 
EVT50327DESC;The Vuyti peoples are a collection of tri-special peoples living in the southeastern jungles and plains of the Ishahfazh. Divided into plains Paguyti, Jungle Vupuyti, and Üytophat, the Gashdzii-derived slave-soldier-custodian folk. They are renowned for their animism, fertility rituals, and strange war masks. Quite curiously, the Vuyti are an example of cross-species linguistic continuity. The Paguyti are classical ruminoids - fat, plump, gullible, and docile grazers, whereas the Vupuyti are clever semi-arboreal pygmy arboraloids, who display a remarkable intelligence, much greater than the Paguytin. It is assumed that the ancient Vupuyti actually shared the gift of language with the Paguyti through example, whether through primitive exchange, ‘animal’ husbandry - the thralldom of the Paguyti, or by simply chatting around those they deemed disinterested animals while on a journey to the plains. The Paguyti themselves taught their tongue to the Sapinoid Üytophat, the purpose bred, clever 'custodians' of Paguyti society.;;;;;;;;;;;;;x 
EVT50328NAME;The Thuidans;;;;;;;;;;;;;x 
EVT50328DESC;The Thihudian peoples are rugged folk who live along the vast central stretch of Ishahfazh - its central deserts (the Zatgibzob, the Ishahgizob, the Dhugheth) and arid mountain spine of the Dhumuh mountains. They are divided regionally, with the Ihtithot in the southern deserts, the Ihnthedehert in the northern deserts, and the Inpihmi and Ihnpedi in the mountain ranges. The desert folk are known for their nomadic lifestyle and terse speech, these people cross the lands with strange pack animals. The mountain folk are known for carrying precious and intricate metalwares mined in secluded mountain valleys, and for their fierce hostility to outsiders. They largely subsist on a diet of pack-animal mutton, fruit, and hardy seed-grains. They are all pygmy arboraloids, like the Vupuyti. It is unclear what drove them to this region in ancient prehistory.;;;;;;;;;;;;;x 
EVT50329NAME;The Dehuogi;;;;;;;;;;;;;x 
EVT50329DESC;The Dehuogi, once a proud race of nomads, now have been reduced, through the influence of the Rannutan, to a most wretched state. The Rannutan empire has forbidden access to most of their traditional swineriding and grazing lands, and gradually, out of necessity, they have been converted to an agricultural people, toiling on great estates owned by absentee landlords living in Vepht. Many centuries ago, however, they were great nomad pastoralists, and still adorn their bodies with the bones of swine and cattle as they did then. They are generally Vewugists, but a number of the Budobaman elite have converted to Kadkohi through the influence of Vokonazh. Most Dehuogi attempt to identify with the great beasts of the plains, and many cultural rituals relate to borrowing the symbolic might of these animals, or emulating them in some way.;;;;;;;;;;;;;x 
EVT50330NAME;The Bogorans;;;;;;;;;;;;;x 
EVT50330DESC;The Bogorans are the Vewugist conquerors who live in northern Ishahfazh. They arrived sometime in the 500s, and have long maintained a violent dominion over the local Oujoys. Their society is organised into five great clans, with a Hetman who regulates both social and political affairs. They are natural born swineriders, and many of the Bogorugi join the clan gendarmes and range across the northern vales policing Oujoy serfs. The cultural sign of the Bogoran elite is the black woolen cap, which is to be worn by adult Bogoran men, and is not to be worn by the Oujoy. Their preferred instrument is the long ‘fashug’, which is a soft wind instrument, a traditional implement of the herdsmen of their society for commanding the woolen ruminants without alarming them, and they are famous for their winsome melodies that echo through the vales of Bogorug. ;;;;;;;;;;;;;x 
EVT50331NAME;The Kovan Cultures;;;;;;;;;;;;;x 
EVT50331DESC;The people of Kovazh are variegated to a significant degree, both in race, culture, and habits. To the east, there are the imperial Momurist cultures, who have to a varying degree been exposed to incarnations of the large empires that have ruled eastern Kovazh since time immemorial. These people are usually a mix of small cobaloids or sturdy corpuloids. In the north there are the Rechktist warlords and tribesmen, including the Xaeve people, who give their name in ‘Kova’, the Gashdzii interpretation, to the whole continent. To the south and west there are generally found the various vewugist cobaloid ‘tea coasters’ and the feroxaloid savages of the interior.  ;;;;;;;;;;;;;x 
EVT50332NAME;The Imperial Kovans;;;;;;;;;;;;;x 
EVT50332DESC;The ‘Imperial’ cultures of Kovazh are largely those cultures which have been exposed to the various Momurist dynasties for the past few hundred years. They include the Humabi, Tingi, Teong, Dexun, Babi, Soxuppapi, Kwargoi, Rozhyu, and Aucubhur. They are known for their dour moods, contrasted with their shiny gemstones worn in reminder of the ‘purity’ of the Momurist ethic. An interesting custom that has emerged in these cultures is the tradition of ‘male marriage’. Men are expended to marry other men, but still reproduce with female concubines. Male marriages are usually important political and economic alliances, and society is, consequently, even more misogynistic than more cultures in the Miiv, though expectedly more tolerant of male homosexuality.;;;;;;;;;;;;;x 
EVT50333NAME;The North Kovans;;;;;;;;;;;;;x 
EVT50333DESC;The northern Kovans are the Biori, the Bhukhegi, and the Kova/Xaeve. They are largely Rechktist nomads, and sometimes are tributaries of the great Momurist empires, but usually try to avoid this. They are all corpuloid hominids beyond the Bhukhegi (who are cobaloids), with sturdy bodies and a glabrous paucity of hair follicles, well suited to trekking across the deserts. The Kova have been subjected to brutal slavery by the Poumnians, who conquered them in the 800s, and have made them into a class of plantation slaves for the production of Nuddi.;;;;;;;;;;;;;x 
EVT50334NAME;The Tea-Coasters;;;;;;;;;;;;;x 
EVT50334DESC;The Tea-Coast cultures refer to a variety of cultures and types of hominids found on the west coast of Kovazh. From the elegant Chobajhi, the little cobaloid men in small yellow caps, to the Bofungi of the Khanate and Coebeji of the Kanate, they are all united in their largely settled style of living, and their deep hatred for the feroxaloid hominids living among them, such as the Ftemioq. Our scholars suppose that for some many centuries the violent and tall, mostly carnivorous feroxaloids preyed upon the smaller cobaloids and bofungoids, and it was with the arrival of vewugism that the tide was turned, and the ferroxaloids were driven under the yoke.;;;;;;;;;;;;;x 
EVT50335NAME;UNUSED;;;;;;;;;;;;;x 
EVT50335DESC;x;;;;;;;;;;;;;x 
EVT50336NAME;UNUSED;;;;;;;;;;;;;x 
EVT50336DESC;x;;;;;;;;;;;;;x 
EVT50337NAME;The Cultures of Bafozh;;;;;;;;;;;;;x 
EVT50337DESC;The state of culture in Bafozh is hardly sufficiently developed to merit particular demarcation beyond large racial/linguistic groups or sets of lifestyles. The entries found below then are particularly general for our encyclopedia, based largely on anthropological notes by our explorers and colonial administrators. ;;;;;;;;;;;;;x 
EVT50338NAME;The Asyum;;;;;;;;;;;;;x 
EVT50338DESC;many Asyum in the inner jungles are not J’ur at all. The Asyum people have a wide range of lifestyles, from the hardly contracted jungle peoples, to the nomads plainsmen, to the settled cultures who fish the phosphorescent jellies that seem to abound in the Zhadnozhogid sea. Those Asyum princes in Nywut have also began to import Nuddi root, for the purposes of growing and exporting it. ;;;;;;;;;;;;;x 
EVT50339NAME;The Charchlanders;;;;;;;;;;;;;x 
EVT50339DESC;The charchlands refers to all those lands including Charch, Cherass, and Gokam. The Gokam appear to not be linguistically related at all to the Charch or Cherassians, but nonetheless are usually classed as being charchlanders. The charchlands are one of the most settled parts of bafozh, and the thatched houses of charchland are a typical quaint depiction in artwork. They are fractious people, and are quick to arms, and are very angry. A typical curse in their land is: ‘six birds are not enough.’ The idiom is hardly translatable, but the author assures the reader of this encyclopedia that it is quite biting. ;;;;;;;;;;;;;x 
EVT50340NAME;The Forest Dwellers;;;;;;;;;;;;;x 
EVT50340DESC;For material purposes, the forest dwellers of southern Bafozh may be classed into one sort of people, despite speaking a variety of languages. They hunt the great beasts of southern forests, and fish the many rivers of this land. They are little more than simple animist peoples.  ;;;;;;;;;;;;;x 
EVT50341NAME;The Northern Beast Men;;;;;;;;;;;;;x 
EVT50341DESC;The beast men of the north include the Hrussan and Hohraethy, but they are different sorts. The Hrussan are dentaloids, with large, menacing jaws, which they usually use to grind up plants, but occasionally smash into each other and their enemies. The Hohraethy are oriental gigantoids, with spectacular ‘coneheads’. It is supposed that the dry and arid landscapes attracted hominids with the capacity to survive on little and dry foods. ;;;;;;;;;;;;;x 
EVT50343NAME;The Azuroids of the Central Belt;;;;;;;;;;;;;x 
EVT50343DESC;The Azuroids of the central belt of Bafozh are only of note for their strange and frightening blue skin. Dwelling in the jungles, it is sometimes supposed that such a skin was adapted to picking up certain tones of light, or blending in with lush foliage. Our biologists and naturalists are generally quite stumped, but a notable trade in their skin, as well as the habit of capturing them to bring back to our zoos, is already beginning. ;;;;;;;;;;;;;x 
EVT50344NAME;Island Cultures;;;;;;;;;;;;;x 
EVT50344DESC;Herein is found entries related to the Island peoples of the world. One might notice a number of curious features of those living in the Islands, in that they seem to display freakish differences from most hominidae. The Orgehi of the north display a degree of Gigantism, and have furry coats, whereas the Island people of the Ishnapt are all oriental insuloids, small and delicate people who seemingly have adapted to scarce food supplies. Most of these peoples display remarkably little development beyond the Tuqqikian of Shobgizob.;;;;;;;;;;;;;x
EVT50345NAME;The Ogrehi Troglodytes;;;;;;;;;;;;;x 
EVT50345DESC;The Ogrehi are troglodytic peoples living in the northern reaches of Paukzhodo, as well as a few small islands in the surrounding area, hence why this region in many languages is 'troglodytica' or 'land-of-cavedwellers'. They seem to be a unique class of hominids that have adapted especially to the frigid lands they live in, growing large and hairy coats. They are generally in a state of depraved barbarism, eating each other's flesh in war-raids, living in caves, and mainly subsisting off of the hunting of large boreal creatures or fatty pinnipeds caught on the coast, as well as berries and nuts in the summers. However, off the coast of Paukzhodo, on the small island of Badath, they have been organised into a somewhat regular settled society. It is not clear how the Ogrehi arrived in Badath, nor why the Njutto did not occupy this region. In any case, the small kingdom of Badath was incorporated into the Rannu empire long ago, and the Ogrehi there have learned to write in Rannutan letters.;;;;;;;;;;;;;x  
EVT50346NAME;The Tuqqikian;;;;;;;;;;;;;x 
EVT50346DESC;The Tuqqikian folk are a collection of oriental insuloids living mostly in Shobgizob. They are united by speaking a common collection of dialects, but are generally divided into ‘settled’ Tuqqikian and ‘bush’ Tuqqikian. The settled folk are bloodletters mostly (some have converted to Vewugism), and worshipers of a demanding high god who asks for many sacrifices, while they bush folk seem to exhibit a number of animist and shamanist folkways. They are known for their feathered dress, which they collect from the large flightless birds that live in Shobgizob and which they both hunt and (only the settled folk) keep as livestock. They are also excellent swimmers, and are known to dive deep into water to collect kelps, small molluscs and bivalves, as well as reef-fish, much like the nearby Zagkhan. In settled Tuqqikian society, the order of priests holds great sway. They value piety and fortitude, as well as humour. They describe life as a ‘cruel dream’ of the gods (or god, for the monotheists).;;;;;;;;;;;;;x  
EVT50347NAME;The Zagkhan;;;;;;;;;;;;;x 
EVT50347DESC;‘Zagkhan’ is more of a misnomer really. The many peoples who speak a Zagkhanian language are spread out across the vast Ishnapt sea, its many volcanic islands, atolls, and some of its larger islands and island chains. They are all, it seems, oriental insuloids. They are expert rafters, and build loosely knit vessels from wood and fibers, and seem to drift across the great seas using robust and fibrous sails. They are also excellent divers and fishermen like the Tuqqikian. They are socially arranged into those who are of marriageable age, and those who are not, or are married. These groups of society are strictly segregated, and young couples are expected to live apart from their larger settlements until they marry, and then they can return. This encourages a high rate of marriage. They are, as expected, largely pescetarian-frugivorous.;;;;;;;;;;;;;x 
EVT50348NAME;The Kingdom of Gaubja;;;;;;;;;;;;;x 
EVT50348DESC;The Kingdom of Gaubja is a developed monarchical south Gashdzii state in the east of the continent. The ‘Gaub’ people (-ja) began their history as marches of the empire, and the Margravate of Gaub (of which the earliest record is an imperial grant of such a title in 664, still held in the imperial library in Pashdzii) slowly gave its name to both the people of the region and the later state. It’s known for its beautiful coasts and uplands in the far east, as well as for its hardy and daring seamen who fish the eastern oceans. The Gaubjan state was wracked in the mid 1270s by a particularly bloody palace coup against the old dynasty. The Pozâfauk Dynasty, which dates as early as the 800s, was overthrown and house Bodimhazh came to the throne, making the beheading of old Mozzanak II Pozâfauk their very flag. The state has experienced a number of popular jacqueries nominally in support of the Pozâfauk family, and tensions remain across Gaubjan society related to dynastic loyalty.;;;;;;;;;;;;;x 
EVT50349NAME;The State of Gozonazh;;;;;;;;;;;;;x 
EVT50349DESC;Gozonazh, along with Chiishozd, is one of the youngest states of Ishahfazh. As the power of the Vuyti states began to be outstripped by the increasingly wealthy and technologically advanced south Gashdzii, a number of colonial settlements were made in the fertile and temperate coastland of the far south in the mid 900s. By the early 1000s, these had organised themselves into a small federation under the protection of Gozoshovi Paptazh (968-1021), a powerful regional landowner. Paptazh gradually fashioned the federation into a private monarchy, slowly increasing his dominion over the region. Gozo’s land, as the regions of Vonjar and Yuwja came to slowly be called, formally became a monarchy in 1128, after the war of Dhaug (1121-6) with Jishanâgi settlers advancing south, when Nobamedes Paptazh (1098-1167) declared a dictatorship to organise the war effort, which he never relinquished. The court is held in Pifshop, on the river Vonjar. Gozonazh holds no deep ties to the old empire.;;;;;;;;;;;;;x 
EVT50350NAME;The Seven Cities of Chiishozd;;;;;;;;;;;;;x 
EVT50350DESC;The ‘seven cities of the burning coast’ are usually called the Chiishozd, or the young-grass lands. The region gets its name both from its sweltering and humid weather, and the regular practice of burning large parts of the local jungle to push back the local Vuyti and to clear land for farming. With the area first settled by west Gashdzii colonists in the 1160s, it is the youngest state in Ishahfazh, like its ‘brother state’ of Gozonazh. Despite its late settlement, it has managed to attract a remarkable number of colonists, who seek out free land to be burnt away from the jungle. It is dominated by a number of small walled cities, where the ‘old families’, the patrician clans of the early settlers, hold sway. The foremost city among them is Vozza, or Vozzaniz, which came to dominate the six other cities after a series of small scale military conflicts in the early 1200s, when some of the weaker cities sided with the Vuyti of Junugh in attempt to wrest trade from Vozza. The patricians of Vozza typically decide state policy. ;;;;;;;;;;;;;x 
EVTNAME50351;Mission to $FROMCOUNTRY$ Successful!;;;;;;;;;;;;;x
EVTDESC50351;Our recent mission to $FROMCOUNTRY$, we have learned, has been successful! A couple missionaries, as well as a number of neophyte natives who are on their way to Sesi to spend some years at the Drupe to learn the practice of Vewug watching and become ordained Seers, and then return to their country, have returned to $CAPITAL$ with a missive from the prince of $FROMCOUNTRY$, who thanks us for our guidance in spreading the favour of the Vewug, and has expressed his hopes that our countries will collaborate on many things in the future, all for the glory of our shared faith. Granted, there is much to do in $FROMCOUNTRY$ still - many of the common folk still must be converted, but this is a great triumph for our faith and our government!;;;;;;;;;;;;;x
EVT50351OPTA;The might of the Vewug is undeniable!;;;;;;;;;;;;;x
EVTNAME50352;Mission to $FROMCOUNTRY$ Fails!;;;;;;;;;;;;;x
EVTDESC50352;The recent mission we aided in $FROMCOUNTRY$, it seems, has fizzled out. The efforts to set up a press were successful, but much of the aristocracy were totally illiterate and struggled with any instruction, while the local pagan priests were a pernicious influence on the local prince, whispering devilish lies in his ears and slating him against our faith and our missionaries. Gradually, it seems, the prince has lost interest in the Vewugist faith and returned to the barbarous superstitions of his ancestors. The missionaries have become increasingly nervous in what is an increasingly hostile environment, and many of them have fled the capital and returned home, especially the nervous scholars and printers we despatched, while a number of fanatics have indicated that they will fearlessly remain, expecting variously a miraculous intervention from the Vewug, or to be murdered and for their soul to join his hosts in higher planes.;;;;;;;;;;;;;x
EVT50352OPTA;Bah, beastmen will be beastmen;;;;;;;;;;;;;x
EVTNAME50353;Mission Successful!;;;;;;;;;;;;;x #AI ONLY
EVTNAME50354;Mission Fails!;;;;;;;;;;;;;x #AI ONLY
EVTNAME50355;The Tribute Collection Year;;;;;;;;;;;;;x
EVTDESC50355;We are, regrettably, tributaries of the great Poumnian Vopudshawrish. The Celestial Emperor in Prousorum demands, on irregular years, contributions to the imperial treasury from the Poumnian states, both in kind, in bullion, and in coinage. Sadly, this year, the tribute has fallen upon us. From most productive districts the Vopudwou is demanding a simple tax that roughly equates to 1000¤ Gashdzii dhamaks, but the extra duties of Pruub and Nuzhdap paid in kind means that those districts effectively pay double. This is always a contentious time in $COUNTRY$, as those who are of a Pruuntish particularist bent always complain greatly, and resist the collection, while those who are pro-imperial are particularly officious and overbearing. The the tax collectors, are simply hoping for the collection to end swiftly, the tribute boats to be loaded, and this whole affair to be over, or for the government to refuse or delay collecting the tribute, which we must decide.;;;;;;;;;;;;;x
EVTNAME50356;Pruuntish Tribute Falls Short;;;;;;;;;;;;;x
EVTDESC50356;The Pruuntish people are our tributaries, and they are expected to yield to us a number of tributes, both in coinage, bullion, and commodities, which arrive at the great docks at the mouth of the delta, in what is commonly known as ‘the tribute ships’. These tributes are nominally invested in the imperial temples, who usually sell them, with profit to the government. We have noticed, however, that recently, tribute from $FROMCOUNTRY$ has been delayed by several months, and despite a few of their ships docking in our harbours, nothing has arrived. Upon making contact with a few agents in their lands, it appears their government has declined to collect the proscribed tributes and was hoping we would not notice, or care! The imperial clergy excise and tribute office is incensed, and is demanding a retributive war against these impudent upstarts.;;;;;;;;;;;;;x
EVTNAME50357;Tribute Ships Arrive;;;;;;;;;;;;;x
EVTDESC50357;The Pruuntish people are our tributaries, and they are expected to yield to us a number of tributes, both in coinage, bullion, and commodities, which arrive at the great docks at the mouth of the delta, in what is commonly known as ‘the tribute ships’. Today a large collection of tribute ships have arrived. The heavy merchantmen, laid heavy with a lastage of all sorts of goods and precious metals, as well as Pruuntish coins, and some imperial coins, have arrived. The goods will be sold on the market, and the coins that aren’t our own will be melted down and then reissued by the imperial mint or sent to the treasury. The docks are awash with activity, as longshoremen unload the great tribute ships and imperial overseers from the clergy direct the transportation of the yields to the temples and the mint.;;;;;;;;;;;;;x
EVTNAME50358;Tribute is Due;;;;;;;;;;;;;x
EVTDESC50358;We are regrettably a tributary of a greater power. They regularly dispatch tyrannical envoys and cruel collectors to assess the wealth of our treasury, and demand exacting payments that siphon away much of the wealth of our land. The time has come again for us to pay our tribute.;;;;;;;;;;;;;x
EVTNAME50359;The Tribute Arrives;;;;;;;;;;;;;x
EVTDESC50359;We have certain foreign peoples that owe us regular tribute, due to the diplomatic pacts and governmental bonds we have with them. The tributary exchequer court is an autonomous part of the customs board, and makes regular deposits into the state treasury, after calculating and requesting receipts for the costs of transport and the collection of tribute. Today is a day that the court has furnished our government with a great degree of tribute wealth, which the men at the treasury committee gleefully rejoicing of, while the military high command and the public works divisions eagerly eye this bumper crop of funds.;;;;;;;;;;;;;x
EVT50360NAME;The Kingdom of Takemog;;;;;;;;;;;;;x 
EVT50360DESC;The Island monarchy of the Takemog is an aristocratic kingdom of seafaring Surgoian Tehuhrite people, and some Tufume Vewugist relicts. The unified monarchy of Takemog is a union of various island duchies and kingdoms. Following the invasions of the Sithevan Vewugists in the 400s, the local sedentarian kingdoms in the Moutmaswau, the big island, remained fractured and weak, and the Vewugist conquerors maintained a brutal kingdom that drove most local sedentarians away from the southern islands, and the south coast of Moutmaswau. By the 700s, however, the Petty Kingdom of Souswam had proclaimed a kingdom of the Takemojouy people, having nearly unified Moumasawau, and in the next 300 years, the smaller island kingdoms would, though intermarriage, become parts of the kingdom, and in 1021, the last Tufume kingdom was conquered. The Parlements of the duchies and petty kingdoms still retain a great degree of power, and the government of the kingdom is largely in the hands of local gentry.;;;;;;;;;;;;;x 
EVTNAME50361;$FROMCOUNTRY$ Interference!;;;;;;;;;;;;;x
EVTDESC50361;The presence of $FROMCOUNTRY$ soldiers in our capital for an extended period of time has long been worrying our government, but finally they have made their purpose clear. From amongst their ranks appeared a small and infuriatingly smug envoy, who announced to us that the tribute contract we have with them is to be altered according to the whims of his government. We have little choice but to suffer and bear whatever they dictate, and no doubt this preemptive show of force is to remind us what can happen if we were to cause trouble when, during the next tribute season, we found out things had changed. The soldiers, the envoy informs us, will be departing soon, and we needn’t worry, he was merely here to inform us of the change.;;;;;;;;;;;;;x
EVTNAME50362;The Tribute Status of $FROMCOUNTRY$;;;;;;;;;;;;;x
EVTDESC50362;We have recently informed $FROMCOUNTRY$ that we will be reviewing and altering their tribute contract, and they have, our envoy to $FROMCOUNTRY$ reports, broadly acquiesced to this change. The question remains how we wish to collect the tribute from them.;;;;;;;;;;;;;x
EVTNAME50363;Tribute is Due;;;;;;;;;;;;;x
EVTDESC50363;We are regrettably a tributary of a greater power. They regularly dispatch tyrannical envoys and cruel collectors to assess the wealth of our treasury, and demand exacting payments that siphon away much of the wealth of our land. The time has come again for us to pay our tribute.;;;;;;;;;;;;;x
EVTNAME50364;AI CLEANUP;;;;;;;;;;;;;x
EVTNAME50365;AI CLEANUP;;;;;;;;;;;;;x
EVT50366NAME;The Vupuyti;;;;;;;;;;;;;x 
EVT50366DESC;The Vupuyti are the semi-arborial arboraloids of the southern jungles of the Maabizhpti peninsula. They are known for their ferocious war masks, and their strange religious rites. In Vuyti culture the elder is venerated. To reach old age is incredibly prestigious, and the words of the clan elders ought to be heeded lest the spirits punish you. The Byuwish is a common ritual observed by Vupuyti elders or ‘Dübs’. It consists of all participating members circling around a large fire, as close as they can bear to sit, and knee to knee. Either servants or slaves then throw locks of the hallucinogenic Nuzhdap repeatedly into the fire throughout the ritual. The participants then share in breathing in the fire's smoke, while masturbating in unison. This ritual is intended to be a dialogue between the spirits and the elders. The Vupuyti largely subsist off of fish and small animals caught in the jungle, as well as some primitive jungle agriculture.;;;;;;;;;;;;;x 
EVT50367NAME;The Paguyti;;;;;;;;;;;;;x 
EVT50367DESC;The Paguyti are the docile ruminoids of the plains of south eastern Ishahfazh. They largely organise themselves in large extended families, with one ‘bull’ male and his offspring forming an extended political and military unit. In the present day, most Paguyti families are the charges of an Üytophat shepherd, who fills this role for many, many households. He leads them in battle and directs the building of their settlements. Oftentimes he will raise a successor, who has been captured from a Gashdzii village, or from the Gashdzii slave class in the Paguyti villages, chosen by the collection of bull males who he is responsible for - the Üytophat children themselves are rarely chosen, and often fill special roles in the mountain city. The Paguyti worship Paphüytashu the mountain god of Twünazh, and largely subsist on a diet of fruits and grains. They are typically quite kind, perhaps given their biologically necessary vegetarianism, and generally dislike violence. ;;;;;;;;;;;;;x 
EVT50368NAME;The Üytophat;;;;;;;;;;;;;x 
EVT50368DESC;The Üytophat are the famous ‘custodian’ class of Paguyti society. The docile Paguyti grazers struggled to cope with the onslaught of Gashdzii settlement, and their vicious exploitation at the hands of the Gashd. They wept that ‘devils’ had been unleashed upon them. At some point, however, Paguyti warchiefs who resisted Gashd settlements by burning frontier villages came to keep the Gashdzii children, and raise them in the ways of the Paguyti. Gradually, the intelligent, captured offspring came to constitute an elite caste of Paguyti society. Guarding their ‘flock’ of Paguyti, these half-wild Sapinoids loath greatly their Gashdzii cousins, and while their privileged position in Paguyti society often gives way to graft and corruption, they remain fiercely devoted to the protection and preservation of a Paguyti way of life from encroachments by slavers and settlers. Like their Paguyti charges, they worship Paphüytashu the mountain god, and largely subsist on a diet of fruits and grains. ;;;;;;;;;;;;;x 
EVTNAME50369;The Seat of House Budobam!;;;;;;;;;;;;;x
EVTDESC50369;Tuoshivaw fell in 951. Then it was a sprawling, thronging, plains city, with many bazaars, inhabitants, and the great palace of the swinelords. The great Budobam Bekob of the Dehuog summoned all the Vewugist nomads of the Fuokuge, the Dibab, and the Ishahgizob to answer to his commands, and his hosts were numerous. The Rannutan dogs came and veritably destroyed the whole thing, burning and slaughtering indiscriminately, and built a small fortress city in its place, settling what Dehuog that remained in meager wooden houses. Now, however, we have come to rule these lands again. Our swineriders have set up a small encampment here again, to watch over the little fortress city, and the dusty tents stirs the mind to thoughts of the city that once stood here. The royal chamberlain suggests, in fact, now that we have driven the slovenly and weak Rannu dogs from our lands once again, that the mighty Bekob of Budobaman take up residence again in Tuoshivaw, and hold court on the mainland!;;;;;;;;;;;;;x
EVT50369OPTA;May the swine kings ride the plains of Fuokuge once again!;;;;;;;;;;;;;x
EVT50369OPTB;And leave the safety of our island? Are you mad?;;;;;;;;;;;;;x
EVTNAME50370;The City of Souls?;;;;;;;;;;;;;x 
EVTDESC50370;Deep in the mountains of Rygaas, the strange, giant people have a city. Not one of their miserable piles of hovels, but a great, stone city hewn deep into rock. But curiously, no one lives in it. In many tiny little crevices, one can find deposited jewels, with a small note, usually, written in their winding script. The only living creatures one finds are skittering insects, and ancient priests with brooms who stalk the halls. It is the ‘holy city’ of the Gyahki, where they keep the souls of the dead, they explain. We, regrettably, however, have learned about this after a cadre of our local officers conducting a military survey ransacked heaps of jewels and assaulted priests. It appears they are actually trying to sell the government the precious metals they stole, to convert to currency, of which we could take a cut, but the colonial office warns of repercussions: the rage of the Gyahki faithful as we melt the souls of their ancestors.;;;;;;;;;;;;;x 
EVTNAME50371;AI CLEANUP;;;;;;;;;;;;;x
EVTNAME50372;AI CLEANUP;;;;;;;;;;;;;x
EVTNAME50373;The Thrall Culling Season;;;;;;;;;;;;;x
EVTDESC50373;Our country is one that has certain regions that engage in the rearing and culling of thralls, or those hominids used for man-flesh cultivation. In most cases, thralls are usually made of one of the more vegetarian hominids, and encouraged to graze in the scrublands, forests, or other hinterlands where they can live ‘as in nature’ and collect foods. As they age, once the thralls have sufficiently reproduced, the men are usually castrated and the women spayed. The absence of sex-hormones encourages them to get flabby, creating a chewy, fatty meat that is prized in the trade. They are then culled at about 15-16 years of age. In the scrublands and hinterlands, it is usually a great festival, with a farmer bringing his troupe of thralls into the stockyards and a great bloodletting is done, with many killed in rapid sequence. Frequently blood puddings are quickly made, and some eyes are consumed raw, while others are pickled for urban markets, and later seasons.;;;;;;;;;;;;;x
EVTNAME50374;AI CLEANUP;;;;;;;;;;;;;x
EVT50375NAME;The Mjhm’an of Gofakidzia;;;;;;;;;;;;;x 
EVT50375DESC;It is hard to believe a people can live in the wild reaches of Gofakidzia at all, but in any case, the Mjhm’an are there. They are oriental insuloids, like many of the people living scattered throughout the Ishnapt Ocean, but their language is so strange and foreign, they must have arrived there a very long time ago. Furthermore, there is only one major current which carries water toward Gofakidzia, which makes it all the more remarkable. To weather the colossal storms that wrack the land, and the cold weather, they build small huts and cottages with thatched grass roofs on the lee sides of mountains and hills, and are seminomadic, cultivating small gardens and fields in the summer, while trapping and hunting in the winters. They believe in an animistic faith that endows all things with spiritual powers, and the spirits themselves are said to come from ‘the spirit world’ to enjoy the world of the living. They are usually clad in furs from the small animals of Gofakidzia.;;;;;;;;;;;;;x 
EVT50376NAME;The Ogrehi Fur Trade;;;;;;;;;;;;;x 
EVT50376DESC;In Paukzhodo and its environs, it is freezing cold, and there is little reason for our settlers to go to these areas. Our colonial administrators, as well as factors of monopoly fur and lumber companies, collect a lumber or fur tribute from the local Ogrehi communities, and return to warmer climes after they have visited the various stations and tribal communities known to be living there. However, we have noticed a problem emerging with the private fur traders who arrive in Paukzhodo seasonally to hunt the large game. They seem to have turned to grave robbing, coercion, and even murder to collect the pelts of our nominal Ogrehi subjects! The Ogrehi are a hominid uniquely suited to this cold climate, and their anthropic morphology means little tailoring is needed to make a winter suit. Incidentally, we have accumulated a lot of observations about Ogrehi burials, which is of interest to our scholars, but the situation risks setting the Ogrehi against us and spurring resistance to the tribute.;;;;;;;;;;;;;x 
EVT50377NAME;An Erudite Symposium;;;;;;;;;;;;;x 
EVT50377DESC;It has often been remarked by our scholars the curious fact that the Kusii cults are entirely restricted to the portion of Shobgizob that hosted settled native Tuqqikian societies before the arrival of colonial administrations. It has been assumed for many years that a settled society allowed for the development of a more sophisticated faith, temples, a priesthood, etc. Now, however, one of our professors, who has studied the gathering ‘bush’ Tuqqikian, and determined they have an extensive shaman class who holds a similar role as the Kusii priests. He has come to the conclusion that in fact the development of a sacrificial faith and strict monotheism facilitate the transition to agriculture and civilisation! It is argued that the demands for temples to carry out these rites encouraged sedentary congregations, and that the need to capture sacrifices encouraged more developed political and military structures.;;;;;;;;;;;;;x 
EVT50378NAME;A Zagkhan Mollusc Hunt;;;;;;;;;;;;;x 
EVT50378DESC;Our sailors and molluscers go on regular seasonal hunts in our stations in islands out in the great Ishnapt oceans. The great oil-molluscs in these regions grow huge off of grazing on the vast swarms of plankton in these nutritious waters. The oil molluscs caught here are an important part of our oil industry, which is used for producing ammunition, candles, and sealants. But also, it seems, the hunt of the oil mollusc is an important part of the local Zagkhan’s lives. Upon docking in $CAPITAL$, one of our captains has submitted a report to the admiralty detailing his journey, which describes a remarkable hunt by Zagkhans, who went out to sea in several small rafts with only small fibrous sails. Despite this, they managed to take down a very large oil mollusc, and tow it to shore. They explained, through an interpreter, that they use its mantle for tools, and its muscles for food. In fact, they don’t use its fatty and unctuous blubber for anything, which they yielded to the captain!;;;;;;;;;;;;;x 
EVT50379NAME;The Old Kiidnazh;;;;;;;;;;;;;x 
EVT50379DESC;The ‘Thousand Realms’ is the term for the now shattered Gashdzii empire. Rising in the second century under the sturdy rule of Godhiinimiz I ‘the First and the Great’ (r. 102-149), it spread from the plateau cities of Pashdzii around the Vodmhu river to form a vast continental empire that brought Gasdhzii culture and military might across the great plains of Ishahfazh. It began to experience great difficulties in the late ninth century, the so-called ‘age of undoing’ and experienced a slow and untidy fragmentation and collapse, despite the persistent de jure claims of the emperor in the imperial city, and despite the absence of its soldiers, the old documents, forms of imperial governance, and even economic unity, still hold much important in the Gashdzii world. However, some of the southern states have drifted away from the old slaveholding and agrarian centers of power, and have become more dependent on trade and industry. The ‘imperial reckoning’ is the standard calendar system across the world, formulated first by Godhiinimiz I.;;;;;;;;;;;;;x
EVT50380NAME;Vokonazh;;;;;;;;;;;;;x 
EVT50380DESC;Vokonazh is a collection of hereditary feudal domains on the eastern shores of Ishahfash ruled by the powerful Gashdzii aristocratic family Midodazh. Most properly the term only refers to those states south of the Zhakgizob, the old ‘imperial borderlands’. One of the most centralised and authoritarian states, it broadly weathered the collapse of the Gashdzii empire and has taken much of the mantle as the foremost aristocratic and conservative power in the region. As of 1308, it is ruled by the dynamic prince Gozomedes Midodazh, a bellicose and ambitious young ruler. The government is carried out by a number of ‘constables’ who are sent out from the royal court in Modhag, who oversee the local government in the various provinces, and make sure that the local Dhovs [lords] (who are responsible for the serfs) do not stray from the government line. Hence, the ‘constabulary’, a personal household department of the Midodazh court, is one of the most powerful implements of government. ;;;;;;;;;;;;;x  
EVT50381NAME;Pashdzii, the Imperial Capital;;;;;;;;;;;;;x 
EVT50381DESC;Pashdzii is the largest city in Ishahfazh and the ancient capital of the Gashdzii empire. It is situated on a large plateau at the headwaters of the Vodhmu river in the vast central plains of Ishahfazh. Now virtually a small independent state, it boasts of the imperial palace, most of the holy synods, imposing edifices of the imperial past, and sprawling slums of hungry mouths attracted by its central role in the trade continental trade network and towering workshops. One may find idle aristocrats lounging in quiet and ancient, tall and narrow, shady and cool, courtyards, secreted away from all the bustle, feeding the birds, smoking Pruub in long pipes, and listening to whispers of politics across the empire, or one may find the sweltering workshop towers of the outer slums, with their labour flags and winch cranes, creating clothes, metalwares, black powder, and tools for the entire Vodmhu valley. Despite the presence of the emperor, much of the government of the city itself is in the hands of the various patrician ‘dining clubs’.;;;;;;;;;;;;;x  
EVT50382NAME;The Kingdom of Vâfaut;;;;;;;;;;;;;x 
EVT50382DESC;The kingdom of Vâfaut is one of the oldest and proudest pieces of the Kiidnazhi patrimony. Won in the early conquests of Godhiimâdho “the lawgiver” (r. 149-181), the second emperor, from the Byotrin princes who swore nominal fealty to the fourth Poumnian dynasty, it was quickly settled by the great noble families and peopled by eager settlers and missionaries. It has maintained a position as a state with a strong army and has fought numerous border wars with the Poumnians, as well as maintains a protective wardship over many of the inner states of the Vodhmu delta. The current ruling dynasty of Vâfaut, the Utkoz house, maintain the nominal title of ‘imperial constable’, and claim to exercise regional rule in the name of the emperor. The government of Vâfaut is broadly dependent on collaboration between the local aristocrats and nobles of the robe and the central government, with local administration done by joint commissions sat on by hereditary officeholders and intendants appointed by the prince. ;;;;;;;;;;;;;x 
EVT50383NAME;Sublime Veyethu;;;;;;;;;;;;;x 
EVT50383DESC;Sublime Veyethu is a paternalistic council that emerged in the ruins of the state of Athisoroo, the monarchical Siethevan kingdom. Formed following a revolution in 1297, the ‘Sublime Demotic State’ champions religious freedom and agrarian liberties. Their main governing body is a council chamber, who elects a rotating ‘Lord Protector’ to command the army, navy, gendarme, and other military bodies, all in the same of preserving the popular will and the agricultural settlement. Following the revolution of 1297, the monarchical loyalists retreated to the provincial dutchies of old Athis, and continued to wage war against the Veyethun. With the reactionary monarchists aided by the efforts of the Poumnians, who took the opportunity to meddle in the old Athislands, the war ended in a practical stalemate, and the Veyethun state now controls much of the centre of the old Athisard kingdom. They look eagerly to recapturing these lands, while the monarchical duchies hope to restore the Athisoron kingdom, and return house Athis from exile. ;;;;;;;;;;;;;x 
EVT50384NAME;Vugioroo;;;;;;;;;;;;;x 
EVT50384DESC;Vugioroo is a term for the monarchical princedom that the short-lived revolutionary state of Sublime Veyethu became after the revolution was defeated. With the rightful heirs of Athis refusing to take a shattered crown, a minor prince of a cadet branch has donned the crown of Chyush, and claims to be ruling a (somewhat artificial) kingdom that happens to be conterminous with the armistice borders of Veyethu. The name is taken from the older geographic term for this region, the vug of the central plains. ;;;;;;;;;;;;;x 
EVT50385NAME;The Great Powers of Kovazh;;;;;;;;;;;;;x 
EVT50385DESC;There are about five or six powers in Kovazh that have been traditionally deemed by the Ishahfazhis as worthy of negotiating with or sufficiently developed in some way. To this day, these states maintain preponderant influence in Kovazh. ;;;;;;;;;;;;;x 
EVT50386NAME;The Qooxibi Empire;;;;;;;;;;;;;x 
EVT50386DESC;The Great Qooxibi empire is a large dynastic monarchy in eastern Kovazh. It emerged sometime in the early 900s, after the collapse of the Tingi Dyasty of the Gimeng Gon. The Southern Humabi lords of Qooxib, in the Qamo-Qooxib dynasty, seized the claim to be the legitimate protectors of the prayerlands of the silent God, and quickly conquered the lands of the Gimeng, making an alliance with the warlike Soxupappi of the steppe. Like the dynasty of Gimeng Gon, the Qooxib officially claim empire over most of the Fazhri Chrur, the northern states, the southern tributary islands, and the Ourrhond. Their state relies on a careful alliance between the Soxupappi lords and the humabi landlords of the Vetchk river watershed. The Soxupappi guard, the imperial elite regiments, are widely considered the real power in the court of Qooxib.;;;;;;;;;;;;;x 
EVT50387NAME;Ourrhond;;;;;;;;;;;;;x 
EVT50387DESC;Ourrhond is a large aristocratic commonwealth in central Kovazh. One part of the larger eastern dynasties, now it is mainly in the hands of regional warlords and governors nominally bound together under one king. The banner of the snake indicates the house of the snake, which currently holds preponderant influence in this elective monarchy. It is under much pressure from regional and overseas powers, with a Vokonazhi trading influence on the southern coasts, the Gussanans and Ratbhoki savages to the west causing endless trouble, and raids from Biori tribesmen. The political situation remains delicate, with the various alliances of lords and Starotsas shifting regularly. Despite this, the seasonal gatherings of the nobility in Andhuspkh are the height of kovan culture, with fine soirees and aristocratic pageantry. Unlike the Qooxib and the Fazhri Chrur, despite being Momurist, they are far more secular and tolerate the playing of music for joy, and most old prayerlands have been occupied by nobles.;;;;;;;;;;;;;x 
EVT50388NAME;The Rhuiqourran Empire;;;;;;;;;;;;;x 
EVT50388DESC;The Rhuiqourran empire, despite its small territorial extent, is one of the more powerful empires of Kovazh, governing millions of peoples living in a small space. Founded on the wealth of the tea trade with the Ishahfazhi powers, the Vewugist Chobaji cobaloid warlords managed to iron out a compact agriculture state amongst the rechktist and feroxaloid savages. The handsome and temperate ‘tea coast’ boasts their proud and charming cities, were dressed in their customary yellow caps, their overseers and merchants transport the cargo to Ishahfazhi vessels waiting on the large wharves. The Empire itself has a reputation for inconstancy, regularly revoking and reissuing trading permits to extract better deals. They are under significant pressure from the Pusunetone, who, despite being coreligionists, are known to covet the lands of the emperor. ;;;;;;;;;;;;;x 
EVT50389NAME;The Pusunetos of the Great Khan;;;;;;;;;;;;;x 
EVT50389DESC;The Pusunetos of the Great Khan is a new regional power in Kovazh. Riding to power on the backs of the wave of Vewugist fervor that came to Kovazh in the 1000s, the long oppressed Bofungoid Coebeju converted to Vewugism and created a dynamic state that managed to finally end their years of bloody oppression by the feroxaloid anthrophagic paorusu tribute takes of Naiosapa. The Dynasty of the Fobos managed to unite the many Coebeju tribes into a powerful collection of warbands, and hence was called their lord and master. What is translated as ‘khan’ in Coebeju roughly means ‘great warchief’. Their quick and recent formation, however, means the power of their state is changeable and prone to radical changes of policy, as well as brutal internecine wars. ;;;;;;;;;;;;;x 
EVT50390NAME;The Serene Kingdom of Anyumb;;;;;;;;;;;;;x 
EVT50390DESC;The Serene Kingdom of Anyumb is a centralised island monarchy. Divided between the lowland Anbmedh and the upland Ibhuamn, it is also divided between Vewguist converts and Paosrusu old believers. In many parts of Kovazh, this has the potential for bloody conflagration. Especially, as these faiths both make claim to the real presence of powerful spirits in the world, there is bitter hostility between the various camps. For many years, in the 700s, the isle of Anyumb was wracked by these conflicts, but by 783, the uplanders were vanquished in the great battle of Juonyaeh. Unlike previous efforts to bring peace to the island, the judicious king of the Anbmedh chose to create a court of religious disputes for the differences between the clergy, and gradually, a syncretic tolerance emerged between the Vewugists and the Paorusu witch cultists. The irenic and authoritarian policies of the Kingdom have continued for 500 years, fostering a tradition of absolute submission to the clergy, courts, and king.;;;;;;;;;;;;;x 
EVT50391NAME;Vupuyti Raid!;;;;;;;;;;;;;x 
EVT50391DESC;Reports from harrowed survivors have been trickling in: A settlement on a remote border has been laid waste by an enormous party of savage Vupuyti raiders. Donning their heinous war masks and wielding various clubs and blowguns, they descended from the trees to enact unspeakable cruelty on the innocent residents. Though we do not know where these marauders came from, the public now calls for vengeance against all Vupuyti savages!;;;;;;;;;;;;;x 
EVT50391OPTA;They will pay for this!;;;;;;;;;;;;;x 
EVT50392NAME;Return Government to Old Capital?;;;;;;;;;;;;;x 
EVT50392DESC;Some time ago, we suffered the loss of our historic administrative capital. Now, however, we have recovered the territory supporting it, and several members of our government are suggesting that we move the administrative capital back to this district. There are in such an area many purpose built buildings for hosting bureaucratic and legislative activity that would surely enhance the grandeur of our state, and we would stop having to work from the various extemporary appropriations that we made after the war through which we lost our capital.;;;;;;;;;;;;;x 
EVT50393NAME;The Ghechi Confederacy;;;;;;;;;;;;;x 
EVT50393DESC;The Ghechi Confederacy is the legacy of an alliance of Byotrish slavers living in the dry highlands and the semi-steppe and semi-desert in central Ishahfazh. In the mid first millennium, While the various iterations of the Poumnian empire carried out repeated raids into the mountains, and the Gashdzii Kiidnazh drove those Byotrins who would become the Shagmodt under the yoke, some small clans of upland and desert Byotrish managed to appease the various regional powers joining in the slave trade of the mountain Byotrins and the plains Byotrins themselves, and taxing the various trade routes and faciliating their transport. They developed a notorious reputation as cruel, self-seeking traitors, but in the present age, they are the only Byotrin country that maintains its independence. The patchwork alliance of clans gradually became a regular assembly of clan leaders, who make binding rules for all the Ghechan tribes. No longer wealthy slavers, they live in abject poverty in the uplands, and deserts. ;;;;;;;;;;;;;x 
EVT50394NAME;The Tongue of the Savage?;;;;;;;;;;;;;x 
EVT50394DESC;The most remarkable feature of the Mjhm’an, that all visitors to Gofakidzia always notice, is their strange, soft language with a paucity of vowels. It is wondered how their language became so strange, and most have heretofore attributed it to a simpleness in their minds, or their general primitive state. Now, however, a linguist of ours has come up with a remarkable hypothesis. The landscape of Gofakidzia is dotted with rocky scree in large valleys that are continuously pelted with great amounts of rain. Consequently, rockslides, mudslides, and other dangers of alpine life are many. Their high pitched soft tongue, in fact, thinks our linguist, allows them to shout to each other across the vales without triggering rockslides. Likely those who spent more time in the uplands began speaking like this, and gradually the basic features of the language became this, with the memory of the reason or older tongues long lost.;;;;;;;;;;;;;x 
EVT50395NAME;The Byotrish;;;;;;;;;;;;;x 
EVT50395DESC;The Byotrish peoples are a racially unique cluster of cultures in southern Ishahfazh. Tall, strong, glabrous, with large and long legs, in the early part of the first millenia and before, they used to range across the great plains, carrying huge spears, and savaging lesser and weaker peoples, and feasting on manflesh. However, with the rise of Poumnia and the Gashdzii empire, their once immense extent of presence was gradually decreased, and they were captured, enslaved, and reduced to the Anuvo and the Shagmodt slave populations, while the Ghechans, living in the hinterland, remained independent but impoverished, and eventually adopted Vewugism. The visage of a Byotrin still inspires great fear in many, despite that they have been for thousands of years enslaved or impoverished, for their gargantuan bodies and smooth faces seem to evoke fears that originate somewhere in the autonomous nervous system. ;;;;;;;;;;;;;x 
EVT50396NAME;The Ghech;;;;;;;;;;;;;x 
EVT50396DESC;The Ghech are the old highland and steppe Byotrish, who did not suffer the complete subjugation of their people like the plains or hills Byotrish. As the empires of the smaller men grew, the Ghech became scavengers of their civilisations, endlessly attracted to the glistening jewels, baubles and jewelry, metal trade goods, and fine silks, which they could not make themselves. They sold their racial brothers into slavery, and managed to eke out an independent existence in the hinterland, applying themselves with now the Gashdzii, next the Poumnians. Today their society does not depend on maniuplating the the Byotrish slavetrade in the mountains, foothills and plains, but the archetypical Ghechan man is still a tall warrior with a large spear, dressed in a garish mix of clothes from many cultures, bedecked in shining piercings, braggadocious, with harsh eyes and a propensity for malicious violence. They live in small stone cities or tents out on the steppe, and largely eat meat from their herd animals and fruit from their orchards. ;;;;;;;;;;;;;x 
EVT50397NAME;The Shagmodt;;;;;;;;;;;;;x 
EVT50397DESC;The Shagmodt are those Byotrin who have been enslaved by the Gashdzii, or have largely lived enough time in their empire to have adopted a specific set of customs and language. They speak a garbled dialect of old Byotrish and plateau Gashdzii, and generally are worshipers of the Kadkohi pantheon, though some slave populations have turned to the Motkohnic faith to distinguish their beliefs from their masters. Shagmodt derisively and literally means ‘piss slave’, perhaps because the original byotrin captives were forced by the Gashdzii to do the most demeaning household tasks, such as cleaning the latrines or carrying out the gongs and bed pans. The plantation slavery in the Gashdzii world is generally organised on an estate basis in the private hands of great planters and aristocrats. It is Shagmodt labour in the Vimâzhfâk and Vodhmuimak that produce a great amount of Ishahzhi grain, fruits, and provender.;;;;;;;;;;;;;x 
EVT50398NAME;The Memoires of an Ambassador;;;;;;;;;;;;;x 
EVT50398DESC;It is always a great event when an ambassador from the Kovan imperial cultures returns, because quite frequently they publish a memoir of their time in the diplomatic service, and usually about the tortured and baroque web of alliances in the imperial courts of the south. Particularly, the southern habit of ‘male marriage’ of usually of prurient interest to our public, and the subtle blending of romance, politics, and sensuality, in the brisk southern air and fine palaces tend to make them thrilling reading. They also tend to increase popular, as well as academic, awareness of the habits and cultures of these countries. ;;;;;;;;;;;;;x
EVT50399NAME;$FROMCOUNTRY_ADJ$ Capital Returned!;;;;;;;;;;;;;x 
EVT50399DESC;ai_never_seen;;;;;;;;;;;;;x 
EVTNAME50400;The Estates Question;;;;;;;;;;;;;x 
EVTDESC50400;The Privy Council has convened to finally settle the ‘aristocratic’ question or ‘estates’ question in the Royal Palace in $CAPITAL$. Amongst the royal courtiers and experts, two decided views have emerged. The more imperially minded and urban voices suggest totally suspending the Gâdân Fi Ja, and elevating the decree of the prince to absolute legislative power, allowing him to convene advisory bodies only as he sees fit. The other voices, those of the radical intellectuals and agrarian reformers, suggest that the loyal serf and peasant must be given a voice. He, they say, is the true son of Vokonazh, and he is more loyal to the Prince than the materialistic and self-seeking aristocrats. By settling up a number of village councils, with jurisdiction over local commoners that could consent to promulgate decrees of the prince, the power of the aristocratic estates could be subverted without having to formally abolish the tripartite assemblies, which would be reduced to ceremonial function. ;;;;;;;;;;;;;x 
EVTNAME50401;The Vokonazhi Commodity Crisis;;;;;;;;;;;;;x 
EVTDESC50401;For many centuries, the Vokonazhi economy thrived on the production of spindleweed. The great estates on the Vodhmu river and in the Eshemi lands of Hakduha produced copious amounts of spindleweed, which were processed by locals and then carried south by merchants, who grew wealthy trading the cloth to the primitive manufacturers of the central empire. However, with the increasing rise in trade with the great powers of Kovazh, the infernal Jiishanagi and the Poumnians have captured a massive amount of spindleweed trade which they import to Ishahfazh in quantities and at scales which our estates cannot compete with. This has sunk many of our once prosperous northern provinces into a severe agricultural depression. However, local aristocrats are disinclined to end the trade, noting our many protective tariffs and subsidies. This means the burden greatly falls upon the common people. Certain voices in the royal chamberlain suggest forcibly converting lands to grain production.;;;;;;;;;;;;;x 
EVTNAME50402;The Place of the Emperor;;;;;;;;;;;;;x 
EVTDESC50402;With the restoration of the Kiidnazhi state under our banners, we have to settle the delicate question of the role of the old emperor in Pashdzii. Our dynasty, at this point, carries far more prestige than that of the emperor, but the trouble remains of imperial devotion to him across the Gashdzii lands. Furthermore, he is still the nominal head of our state - we carry at present only the title of ‘imperial constable’. Many are suggesting that the continued presence of an emperor will serve only to create a rival base of power, and ultimate drive the empire into yet another state of collapse, and the solution is a policy of absolute dynastic security: the old emperor and his household must be exiled, and the imperial palace occupied by our current prince. However, it was one dynasty that ruled the old Kiidazh. To exile the emperor would be to uproot the lodestone and foundation of the entire Gashdzii political tradition.;;;;;;;;;;;;;x 
EVTNAME50403;The Constitution of The Kiidnazh;;;;;;;;;;;;;x 
EVTDESC50403;With the restoration of the Kiidnazhi state, the question has emerged among the intellectual public: should the emperors in Pashdzii be restored to the head of our state? For our form of government is not one that is particularly tolerant of monarchy, and the reigns of power lie in the hands of officials, not dynasts. However, the unique connection of the Kiidnazh with the lineage of Godhinimiz the first and the great, whose descendants still live in Pashdzii, means that perhaps there would be greater acquiescence to our rule if we were to hand over power to the dynasty, at least among conservative elements. This, we would have to guarantee, would be accompanied by a commitment to federalism and the preservation of local laws to placate those attached to alternative forms of government.;;;;;;;;;;;;;x 
EVTNAME50404;The Emperor Triumphant!;;;;;;;;;;;;;x 
EVTDESC50404;The Great Kiidnazh, after four centuries of ignominious chaos, has been restored, under the most ancient dynasty of Godhinimiz I. The fractious provincial jadhovs have been brought to heel, the Poumnians have been chastised for their predation of outlying territories, and our army stands truly, unmatched and undefeated. From the utter humiliation of being reduced to a mere city state in Pashdzii, with the emperor at the mercy of the burghers and the clubs, now even high officials quite literally quake before the emperor, the man who has remade the very world in less than a century. Emperor Godhnimiz was occasionally venerated as fifth high god in the Kadkohi pantheon, and it seems this practice has resumed with the current emperor. Such utter veneration and power has set off a wave of fanatical emperor devotion across the Gashdzii world, crying for the Poumnians to be punished yet again, the most outlying territories recovered, and even for the colonial states to be brought under direct rule.;;;;;;;;;;;;;x 
EVTNAME50405;The Reunited Kiidnazh;;;;;;;;;;;;;x 
EVTDESC50405;The ‘Thousand Realms’ is the term for the now shattered Gashdzii empire. Rising in the second century under the sturdy rule of Godhiinimiz I ‘the First and the Great’ (r. 102-149), it spread form the plateau cities of Pashdzii around the Vodmhu river to form a vast continental empire that brought Gasdhzii culture and military might across the great plains of Ishahfazh. It began to experience great difficulties in the late ninth century, the so-called ‘age of undoing’ and experienced a slow and untidy fragmentation and collapse, despite the persistent de jure claims of the emperor in the imperial city, and despite the absence of its soldiers, the old documents, forms of imperial governance, and even economic unity, still hold much important in the Gashdzii world. Now, however, it stands reunited, and the foremost state in Ishahfazh.;;;;;;;;;;;;;x 
EVTNAME50406;The Great Crisis of $YEAR$;;;;;;;;;;;;;x
EVTDESC50406;It happened quite slowly, but then it became a deluge. A few loans called in, a few plants closed down, a few less purchases, then, all of a sudden, a total panic - with debts called in, bonds sold at volume, and huge cuts to wages and employment. It appears our country has fallen into a terrible economic slump. Markets have contracted, industrial firms are closing down, and many thousands of working souls have been thrown into poverty and want. Indeed, even the government is having difficulties paying its bureaucrats, soldiers, and the stipends of the clergy. There are many perspectives on what caused this issue, but the cabinet has convened to attempt to resolve it. Certain voices are in favour of debasing the metal in our mints, in order to print copious amounts of money to pay our bureaucracy at least. Other voices caution that this will drive up prices and create unrest, and we’d be better off waiting the crisis out.;;;;;;;;;;;;;x
EVTNAME50407;Tensions in $PROVINCE$;;;;;;;;;;;;;x
EVTDESC50407;The current depression is causing great hardship and tension in $PROVINCE$. With many men out of employment and little to do all day, they seem to have formed what they describe as a ‘patriotic league’, egged on by extreme xenophobes, to harass foreigners who are blamed for competition, lower wages, less jobs and, more broadly, the entire economic crisis. Tensions reached a boiling point today, with a small mob congregating around the houses and homes of a small minority community. There appears to be great potential for violence if the local gendarme does not step in.;;;;;;;;;;;;;x
EVTNAME50408;The Causes of Modern Miseries?;;;;;;;;;;;;;x
EVTDESC50408;The current depression is, despite all the hardship, driving a lively debate among the intelligentsia and pamphleteers about the causes of modern economic misery. The principal sides of the debate are the statists, who say economic crisis is caused by inefficient management that leads to overproduction, and subsequent crashes, and the liberationists, who decry the entire industrial project as consigned to begetting misery, unemployment, and the slavery of the destitute and exploited common man. The statists advocate for the formation of state supervised consumer-producer cartels, and the scientific planning of the economy, while the liberationists advocate for the closing down of factories and the reclamation of new lands to be distributed to the hungry and destitute. It seems, however, in our country at least, that the consensus seems to be…;;;;;;;;;;;;;x
EVTNAME50409;AI CLEANUP;;;;;;;;;;;;;x
EVTNAME50410;AI CLEANUP;;;;;;;;;;;;;x
EVTNAME50411;AI CLEANUP;;;;;;;;;;;;;x
EVTNAME50412;AI CLEANUP;;;;;;;;;;;;;x
EVTNAME50413;AI CASH INJECTION!;;;;;;;;;;;;;x
EVTNAME50414;Chaos in Poumnia!;;;;;;;;;;;;;x
EVTDESC50414;It appears the ancient might of the Pudwou has fallen. We are receiving reports that beyond the sea, rebel mobs have sacked Prousorum and deposed the very world soul in a traumatic and tumultuous rebellion. Politically, this changes very little for Wapkam. We have long been practically independent, but it certainly will challenge the reflexive faith of our people. What we have noticed, however, is a number of members of the old government have requested asylum in 'His Majesty's Extramarine Viceroyalty of Bafozh' as they continue to refer to us. The government must decide whether it is worth risking the ire of Poumnia to offer asylum for these old nobles.;;;;;;;;;;;;;x
EVTNAME50415;Extension of the Protected Lands?;;;;;;;;;;;;;x
EVTDESC50415;x;;;;;;;;;;;;;x
EVTNAME50416;Gold Vein Struck!;;;;;;;;;;;;;x
EVTDESC50416;Gold is a precious commodity, and it is incredibly rare. In fact, the total amount of gold dug up before the fourteenth century would scarcely fill up four large rooms. Nonetheless, it plays an important role in both the international currency market, and the commodity trade in many societies. Thus, it was of great interest to the treasury that it appears credible that a large gold vein has been discovered in $PROVINCE$ by prospectors. There is already a great hubbub in $CAPITAL$, with many declaring that they intend to pack their bags, travel the great distance to $PROVINCE$ and get rich. Doubtless, for many, this is not likely to happen, but the discovery bodes well for our state.;;;;;;;;;;;;;x
EVTNAME50417;Gold Vein Depleted;;;;;;;;;;;;;x
EVTDESC50417;Some years ago, a great vein of gold was found in $PROVINCE$. $PROVINCE$ itself has become a byword for sudden and fantastical wealth, and many fortunes were both made and lost in prospecting and mining in $PROVINCE$. In recent years, however, it seems as if this fabled land of rivers of gold is becoming one of streams, and now droplets. The great gold mines of $PROVINCE$ are running dry. The eager prospectors are now packing up their bags, and mounting their swine to head to the next awaited great bonanza, and those who remain are left to try to scrounge up a little life in the undeveloped wastes.;;;;;;;;;;;;;x
EVTNAME246246;From Bad to Worse...;;;;;;;;;;;;;x
EVTDESC246246;In our currently politically vulnerable situation, it seems we have been given a premonition for further negative developments. One of our neighbours has recently elected to withdraw its ambassadorial staff, and shutter its consulates. This, it is felt, could mean only one thing: war. We must brace for this challenge!;;;;;;;;;;;;;x
EVTNAME123123;AI AGRESSOR EVENT;;;;;;;;;;;;;x
EVTNAME50418;Protection Implemented;;;;;;;;;;;;;x
EVTDEC50418;x;;;;;;;;;;;;;x
Key;English;French;German;Polish;Spanish;Italian;Swedish;Czech;Hungarian;Dutch;Portuguese;Russian;Finnish;
stack_upper_house_liberationist_title;Stack Upper-House with Liberationists;;;;;;;;;;;;;x
stack_upper_house_liberationist_desc;In recent months our executive agenda has been entirely stymied by the uncooperative legislature of our government, and the ruling party is unable to govern freely, and remake the nation in its image. After many contentious negotiations, it seems constitutionally possible that we could stack the upper house and create enough members such that we could force our own legislative agenda through the executive. However, this would be sure to cause massive political uproar. For while this isn’t strictly unconstitutional, it goes against the spirit of our laws, and all accepted political tradition. Those endorsing opposing ideologies are sure to be enraged, and we are sure to suffer some international humiliation as well for our untamed legislature. This would have to be carefully done, but it will allow us, on the other hand, to pass most reforms the current government feels are desperately needed for the health of the nation.;;;;;;;;;;;;;x
stack_upper_house_free_yoker_title;Stack Upper-House with Free-Yokers;;;;;;;;;;;;;x
stack_upper_house_free_yoker_desc;In recent months our executive agenda has been entirely stymied by the uncooperative legislature of our government, and the ruling party is unable to govern freely, and remake the nation in its image. After many contentious negotiations, it seems constitutionally possible that we could stack the upper house and create enough members such that we could force our own legislative agenda through the executive. However, this would be sure to cause massive political uproar. For while this isn’t strictly unconstitutional, it goes against the spirit of our laws, and all accepted political tradition. Those endorsing opposing ideologies are sure to be enraged, and we are sure to suffer some international humiliation as well for our untamed legislature. This would have to be carefully done, but it will allow us, on the other hand, to pass most reforms the current government feels are desperately needed for the health of the nation.;;;;;;;;;;;;;x
stack_upper_house_reactionary_title;Stack Upper-House with Reactionaries;;;;;;;;;;;;;x
stack_upper_house_reactionary_desc;In recent months our executive agenda has been entirely stymied by the uncooperative legislature of our government, and the ruling party is unable to govern freely, and remake the nation in its image. After many contentious negotiations, it seems constitutionally possible that we could stack the upper house and create enough members such that we could force our own legislative agenda through the executive. However, this would be sure to cause massive political uproar. For while this isn’t strictly unconstitutional, it goes against the spirit of our laws, and all accepted political tradition. Those endorsing opposing ideologies are sure to be enraged, and we are sure to suffer some international humiliation as well for our untamed legislature. This would have to be carefully done, but it will allow us, on the other hand, to pass most reforms the current government feels are desperately needed for the health of the nation.;;;;;;;;;;;;;x
stack_upper_house_statist_title;Stack Upper-House with Statists;;;;;;;;;;;;;x
stack_upper_house_statist_desc;In recent months our executive agenda has been entirely stymied by the uncooperative legislature of our government, and the ruling party is unable to govern freely, and remake the nation in its image. After many contentious negotiations, it seems constitutionally possible that we could stack the upper house and create enough members such that we could force our own legislative agenda through the executive. However, this would be sure to cause massive political uproar. For while this isn’t strictly unconstitutional, it goes against the spirit of our laws, and all accepted political tradition. Those endorsing opposing ideologies are sure to be enraged, and we are sure to suffer some international humiliation as well for our untamed legislature. This would have to be carefully done, but it will allow us, on the other hand, to pass most reforms the current government feels are desperately needed for the health of the nation.;;;;;;;;;;;;;x
stack_upper_house_absolutist_title;Stack Upper-House with Absolutists;;;;;;;;;;;;;x
stack_upper_house_absolutist_desc;In recent months our executive agenda has been entirely stymied by the uncooperative legislature of our government, and the ruling party is unable to govern freely, and remake the nation in its image. After many contentious negotiations, it seems constitutionally possible that we could stack the upper house and create enough members such that we could force our own legislative agenda through the executive. However, this would be sure to cause massive political uproar. For while this isn’t strictly unconstitutional, it goes against the spirit of our laws, and all accepted political tradition. Those endorsing opposing ideologies are sure to be enraged, and we are sure to suffer some international humiliation as well for our untamed legislature. This would have to be carefully done, but it will allow us, on the other hand, to pass most reforms the current government feels are desperately needed for the health of the nation.;;;;;;;;;;;;;x
stack_upper_house_theocratist_title;Stack Upper-House with Theocratists;;;;;;;;;;;;;x
stack_upper_house_theocratist_desc;In recent months our executive agenda has been entirely stymied by the uncooperative legislature of our government, and the ruling party is unable to govern freely, and remake the nation in its image. After many contentious negotiations, it seems constitutionally possible that we could stack the upper house and create enough members such that we could force our own legislative agenda through the executive. However, this would be sure to cause massive political uproar. For while this isn’t strictly unconstitutional, it goes against the spirit of our laws, and all accepted political tradition. Those endorsing opposing ideologies are sure to be enraged, and we are sure to suffer some international humiliation as well for our untamed legislature. This would have to be carefully done, but it will allow us, on the other hand, to pass most reforms the current government feels are desperately needed for the health of the nation.;;;;;;;;;;;;;x
form_kiidnazh_title;Form Kiidnazh;;;;;;;;;;;;;x
form_kiidnazh_desc;§RNOTE: You must controll Pashdzii to form the Kiidnazh.§! The 'Kiidnazh', the 'thousand-realms' was ostensibly the greatest and most dynamic state in history until its shattering around three hundred years ago. Encompassing at its height around 50 million subjects, the domain and law of the emperor carried from the northern reaches to the southern jungles. An integrated political entity for nearly a millennium, the empire rose up from humble beginnings on the central plateaus of Ishahfazh, centered eventually around the imperial city and legendary urban settlement of Pashdzii. Its great weight and imperium carried Gashdzii culture, language, commerce, and peoples across the reaches of the south of Ishafazh, in the long term assimilating or replacing most of the native identities. However, centuries of increasingly corrupt, incompetent, or distracted leadership and spiraling devolution of power into local “Jadhov”s [“Greatlords” - Provincial governors and military commanders] led to a slow and painful decoupling of the bonds of empire. Riven by civil wars, puppet emperors, rebellious provinces, imperial pretenders, the “age of undoing” shattered the empire, and it is widely reckoned that Boshâdâzzi IV, so-called “the sorrowful”, (r. 877-930 I.R.) was the last true emperor of the lineage of Godhiinimiz the first and the great, despite the long and continued presence of a nominal imperial personage in Pashdzii. Now, however, things are changing - our state, to the exclusion of others, for the first time in centuries, holds paramount influence across the old imperial lands. Our rivals lay defeated and submissive or totally conquered. Truly, one trembles to think of this historic moment - across these lands, millions upon millions of souls now look to our state for lawgiving, direction, and hegemony. This is the age of the new empire, and it is the day that the Kiidnazh is reforged from the strewn ruins of greed and strife. In a grand ceremony in Pashdzii, where throning hoards from thousands of miles and millions of homes crowded the streets, today the empire was proclaimed reunited and a constitution was ratified to formally incorporate all our disparate lands under one banner and one sovereign identity.;;;;;;;;;;;;;x
not_interested_in_grants_title;Not Interested in Grants;;;;;;;;;;;;;x
not_interested_in_grants_desc;This is a multiplayer feature. Selecting this will mean that you will no longer receive requests for grants from other players and you will no longer be able to request grants either. This can be changed at any point during the game.;;;;;;;;;;;;;x
interested_in_grants_title;Interested in Grants;;;;;;;;;;;;;x
interested_in_grants_desc;This is a multiplayer feature. Selecting this will mean that you will be able to receive requests for grants from other players and will be able to request grants as well. This can be changed at any point during the game.;;;;;;;;;;;;;x
request_grant_title;Request Grant;;;;;;;;;;;;;x
request_grant_desc;This is a multiplayer feature. Clicking this will send a request for money to all other players who are currently set to 'Interested in Grants'.;;;;;;;;;;;;;x
form_the_great_nag_title;Form the Great Nâg;;;;;;;;;;;;;x
form_the_great_nag_desc;The political traditions of the south Gashdzii have long been different from our northern neighbors. Much of these lands were settled not during the feudal-aristocratic days of early-high empire, but in the later sturdy years when wagons of settlers went south and east to found small communities of free yeomen and cities of merchant traders. The nominal marcher lords were quick to compromise, and adapt to their advantage, these robust free communities. Forming small confederations of barons and free men-at-arms, the baronial elite were able to maintain profitable plantations worked by landless labor, and the urban conglomerates were able to derive some protection from pressing demands of northern taxes. A gradual tendency to enclosure and plantation stimulated migration to the cities, and a gentle equilibrium of political moderatism and commonwealth emerged. This political tradition, identifiable in the “nâg” or commonwealth, lasted through the shattering of the empire, and has been strengthened by a religious-cultural identity shaped by Motkohnism, the ethico-judical fatalistic faith of the south. Now, indeed, the paramount influence of our state in the southern regions, but not the proper political integration of which, has led to a number of cries for equal representation and the formation of a great southern political confederation. Our ministry has drafted a broad constitution and delegates from across these lands have gathered in $CAPITAL$ to ratify the birth of this new state.;;;;;;;;;;;;;x
restore_house_athis_title;Restore House Athis!;;;;;;;;;;;;;x
restore_house_athis_desc;The House of Athis is one of the oldest in Sithevan history, tracing its lineage far back into the prehistory of our Sithevan warbands that struggled against the dour Poumnians and the savage Ghech. The formal branch of Athis ascended the throne over six hundred years ago, and governed a kingdom of the Sithevans with the blessing of the Sublime Vewug undisturbed for centuries. Now, however, the heir to his holy legacy languishes in the court of the Vokonazhi, deprived of his birthright. But why is this? Who would overturn a government ordained by the master of the mondrial plane? Driven from his ancestral home, his family butchered, the house of Athis was overthrown in the year 1297 by the fanatical hoards of Free-Yoker madmen who seized the capital and established their preposterous heretical regime of the ‘Sublime Veyethu’! But now we are in a position to right these wrongs… having reunified the lands of the Sitheve under our hegemony, our government has invited the scion of house Athis to return from his ignominious exile, and to retake the mantle of government and don once more the Crown of the Chyush! Hurrah for the Sithevan People! Hurrah for House Athis! Hurrah for the will of the Mighty Vewug!;;;;;;;;;;;;;x
embrace_shamush_title;Embrace Shamush;;;;;;;;;;;;;x
embrace_shamush_desc;We peoples of Pruuntia have long languished in the shadow of the Poumnian empire. Our tongue is not far off from the Poumnians of the north, and indeed our kings, temples, and small principalities have long been considered tributary parts of their great celestial empire. But we are a different sort of folk than they. We are seafarers and fishermen, where they are a staid, agricultural people. We are joyous and free, where they are dour slaves of the empire. And for centuries our people have kept our own traditions and folkways around the ‘Shamush’ way, the awareness of the bicephalous serpentine spirits that knit the very world together, despite the presence of the imperial cult among our elites. But in recent years, more and more of our poets, our writers, even local princes themselves speak of Shamush lore, and above all what that means for one who would call themselves a Pruunt. For too long, cries on impassioned writer, we have languished under the cultural, political, and religious tyranny of the government of the Vopudwou. We should have our our faith, our own state, our own destiny, as the Pruuntish people! Proud, noble seafarers! It is we who first journeyed to Kovazh, many centuries ago. It is we who hunt the great bloated molluscs of the Diwvo depths, and trawl the thronging shoals of the western oceans. We are not Poumnians, we are Pruuntish people, and we follow the Shamush way! The government, it is said, should close the imperial temples, stop sending offerings to the capital, and above all, they should call the emperor not a god but a despot, if they wish to be a Pruuntish government. It is time we heard this call. To challenge the Poumnian empire like this would surely lead to a swift and terrible reaction from their large army - the empire has never been challenged in such away in recorded memory, and the cult of the Divine Vopudwou is the very foundation of their statehood.;;;;;;;;;;;;;x
form_pruuntawrish_title;Form Pruuntawrish;;;;;;;;;;;;;x
form_pruuntawrish_desc;There has never been in history a unified Pruuntish state. Long fractured amongst rival sea-lords, small ecclesiastical dominions, petty merchant republics, and above all tyrannized by the Poumnians to the north, our lands now lay for the first time in history unified, sovereign, and unbowed. It is we who challenged the Poumnian ‘elder brother’ and locked horns with the imperialist cause. Today, then, we proclaim the Pruuntawrish - the Pruuntish state. In a grand ceremony in $CAPITAL$, attended by the scions of the old naval houses, the merchant families, the Shamush teacher-priest dynasties, and above all the cheering populace, the minister of state proclaimed the formal adoption of this new name and the promulgation of a unified government for Pruunts everywhere. There will be many challenges ahead as we strive to fend for ourselves in the international political arena, but today is truly a momentous, perhaps the most momentous, day in Pruuntish history.;;;;;;;;;;;;;x
annex_dhuknag_title;Bring Dhuknâg into the Fold;;;;;;;;;;;;;x
annex_dhuknag_desc;The diminutive region known as 'Dhuknâg' has always had a difficult and tenuous existence. On the borders between the Gashdzii empire and ancient Poumnia, this flexible borderland has developed a flimsy identity around its frontier status and consequent tradition of moderate autonomy. However, now that we are a major regional power, a number of bureaucrats of the foreign office have made the curious suggestion that this region needs to be annexed for security reasons. Long an unsure part of both Poumnia and the Gashdzii empire, they believe we could easily trump up a story of ‘effective administration’ and a ‘supervised district’ despite the strong governance of the region as it is. If done swiftly, this region may be an important asset for our security in continental and regional politics.;;;;;;;;;;;;;x
embrace_shamush_peaceful_title;Embrace Shamush;;;;;;;;;;;;;x
embrace_shamush_peaceful_desc;Recent changes in the government of Poumnia have forced us to reflect on the religious constitution of our country. The dramatic overthrow of the Vopudwou, their celestial empire who is worshiped as a god, not only in their kingdom but all around the circle sea, into our Pruuntish lands, has shaken the very foundation of the world. We have many temples to the emperor, and most of our elites belong to the imperial cult, sending small offerings across the sea yearly to pray to his majesty. But now it seems we are at a loss for what to do - his majesty, it seems, is not God, but man. His kingdom fell and the rivers continued to run, and the sun continued to rise. In Poumnia many of their temples have been converted to messianic cults of a transcendent, unconquered and reborn world-spirit-emperor, but we in Pruuntia have our own indigenous faith, that of the ‘Shamush’ way. These esoteric folkways have been preserved by itinerant preachers, secretive religious schools, and village rites. Above all Shamush is almost less a faith, but a ‘way of seeing’. It might be prudent to dissociate our government from the dying empire, and publicly endorse Shamush rites for the first time in recorded memory.;;;;;;;;;;;;;x
the_ghan_gheecha_idea_title;The Ghan-Gheecha Idea;;;;;;;;;;;;;x
the_ghan_gheecha_idea_desc;We Byotrish have always been foreign to our neighbors. Tall, strong, and fast, we are not like those stout little fellows who came to live in the river and on the plateau and eastern plains. For indeed it was we who lived there long before those plateau men came with their boars from the east. The poets and bards sing of times of yore when we used to range across the vast plains, heroic warriors with sturdy frames, able to fight five of the stout and low men with ease. Now, though, it is not like this. Driven into the mountains, we live a complacent and impoverished life on the margins of civilization, while our racial brothers, our fellow Ghechan people, toil on the fields of the stout men in Poumnia and Gashdziik. How long must this state of affairs persist, lament our authors, our leaders, and indeed all those who have seen the suffering of the slaves of the lowlands? Shall we be blind to our fate? Nay! In recent years not only has our confederation gained material strength, political order, but the spirit of our people have been stirred to a new national consciousness of our racial destiny to right the wrongs of a 1000 years and liberate our brothers! This is the "the Ghan-Gheecha idea" - the unabashed birthright of the Ghechi, whether Byotrin, Anuvo, or Shagmodt!;;;;;;;;;;;;;x
liberate_the_anuvo_title;Liberate the Anuvo;;;;;;;;;;;;;x
liberate_the_anuvo_desc;The Byotrish of the Poudwouvas have toiled for so many centuries in slavery not only do most of them speak a wretched Poumnian patois tongue, but they happily call themselves ‘Anuvo’, the slur for us that the Poumnian brutes speak bitterly. Nonetheless, they are our racial brethren, and we have a historic responsibility to free them from their suffering. For it was the Poumnians above all who were most cruel to our people - it was they who were not content just to drive us from our lands, but continued to stage slave raids into our lands for centuries. To recover even a fraction of these lands would bring unending glory to our forces. It is time to right the sins of history with blood!;;;;;;;;;;;;;x
liberate_the_shagmodt_title;Liberate the Shagmodt;;;;;;;;;;;;;x
liberate_the_shagmodt_desc;The Byotrish of the plains have toiled for so many centuries in slavery not only do most of them speak a wretched Gashdzii patois tongue, but they have become alarmingly attached to the several heathen and idolatrous faiths of the intellectually backwards Gashdzii, doubtless an abomination in the eyes of the Great Vewug. The faster this situation is remedied, the better. We must retake the nearest lands stolen from us long ago, and let our warrior range free over the planes of the east once again!;;;;;;;;;;;;;x
liberate_the_west_ghechi_title;Liberate the West Ghechi;;;;;;;;;;;;;x
liberate_the_west_ghechi_desc;The west Ghech territories have long lain under the yoke of the Sithevan peoples. Politically driven from these lands long ago, some of our people still scrape by in a meager living along these plains and on the banks of the great lake. While effectively governed by the Sithevans, we surely can make an irredentist claim to these lands. These long fallen territories must be recovered too!;;;;;;;;;;;;;x
player_settings_open_title;Open Player Settings;;;;;;;;;;;;;x
player_settings_open_desc;This is a player only decision. Clicking this will open a set of decisions for the player offering various game rule changes. This will be available for first year, 1308, only. Decisions selected from here cannot be undone.;;;;;;;;;;;;;x
player_settings_close_title;Close Player Settings;;;;;;;;;;;;;x
player_settings_close_desc;Minimize the game rule decisions. This can be undone before the year 1309.;;;;;;;;;;;;;x
bankruptcy_events_title;Disable Bankruptcy Events;;;;;;;;;;;;;x
bankruptcy_events_desc;§RThis is highly recommended!§! This will stop events related to bankruptcy from spawning. This may be helpful due to the fact that these events can become spammy at certain points during the game.;;;;;;;;;;;;;x
conquest_kovazhi_desert_title;Conquest the Great Bauxae;;;;;;;;;;;;;x
conquest_kovazhi_desert_desc;For all of known history the great empty white sands of the Bauxae have remained a wild and dangerous place. To our northern border towns and cities it is known for harboring bandits and Biori raiders who for centuries have made forays into our land to loot homes, pillage temples, and capture children to be made into thralls, but now after a series of centralization and modernization projects our government now finally has the means to do something about this hazardous wasteland. Our generals tell us it would take one swift military operation to occupy the desert, subdue the Biori tribesmen, and finally bring peace to the northlands.;;;;;;;;;;;;;x
centralize_the_empire_title;Abolish the Prayerlands;;;;;;;;;;;;;x
centralize_the_empire_desc;The crown of the Qooxib has long put aside vast lands for relentless contemplation and worship of the silent god. Only through perfect ritual purity can His sublime and exacting will be pleased, and the world be a perfect mirror of this sacrosanct will. The slender prayer towers of these monastic reservations stand tall and imperiously over rolling valleys, in which only are heard the endless reminiscent bells tolling to drown the words and thoughts of men, and these lands are bounded by the little old stones that every Qooxiban knows to cross unpurified means to offend God. For many hundreds of years the state has encouraged the maintenance of these monastic domains within the patrimony of empire, considering it a pious policy to safeguard the worshiplands. Now, however, it is a new age. The first rolling automotives imported from Ishahfazh have thundered through our lands, the mechanical presses churn out constant gazettes and pamphlets, and towers belching soot and ash now rise beside their older kin which housed men - everyone agrees that life has gotten faster, dirtier, and chattier. The prayer lands, say the writers and the modernisers, are thus an anachronism. The tenants toll under the tyranny of zealot monks living in a different century, and the boundary stones block the swift movement of worldly goods. Extreme brutality and all sorts of evils persist - slavery, gougings for impurities, draconian legal dues, and worse. The modern state must do away with these abuses and abolish the prayerlands for the sake of good governance - we must please the silent god, all of us, in our own lives, and not trust distant monks to do it for us.;;;;;;;;;;;;;x
enable_multiplayer_title;Enable Multiplayer Content;;;;;;;;;;;;;x
enable_multiplayer_desc;This will enable decisions and events that are specific to a multiplayer game, such as grant decisions. It is recommended you do not enable multiplayer content if you are playing singleplayer. If you are playing a multiplayer make sure someone selects this decision.;;;;;;;;;;;;;x
torching_of_the_great_drupe_title;Raze the Great Drupe;;;;;;;;;;;;;x
torching_of_the_great_drupe_desc;The 'Great Drupe' is a site of immense importance to the Vewugi faith. It is a sprawling ancient palace with seemingly endless labyrinthine hallways and rooms inhabited by hundreds of Vewugi holy men. Inside, it is reported that residing within this palace is the Great Vewug himself, an immensely powerful spirit or deity which the Vewugis worship. The Vewug is said to appear before certain holy men at certain times within the palace, and the Vewug's every movement or word spoken is to be recorded and later deliberated on and interpreted. Perhaps it comes from collective delusion or the use of the hallucinogenic Nuzhdap - these fanatics are certain that this being exists within these very walls. But now that we have occupied the surrounding landscape, many high-ranking military men have floated the idea of razing this palace once and for all. This will surely be a devastating blow to our enemy and to the entirety of the Vewugist faith, but it will most certainly enrage Vewugists across the world and drive them to violence against us.;;;;;;;;;;;;;x
embrace_the_yamatoukat_title;Adopt the Hetmanship of Yamajoury;;;;;;;;;;;;;x
embrace_the_yamatoukat_desc;The Oujoy people, in ancient times, were one. A large kingdom of Oujoury, the kingdom of Surgoia, ruled most of the northeastern vales from the 100s to the 500s, before suffering colossal collapse with the advent of the Bogorugi and the larger Vewugist migrations. And from such a point onward, the customs and nature of our peoples diverged. The Mamajouy, the ‘tall’ brother, who stood against the Vewugist conquerors, continued to speak a purer Oujouy tongue, to use the courtly rituals of ancient Surgoia, and lived a far more agrarian lifestyle, while the Yamajouy, the ‘shorter’ brother, took gradually to the customs of the Bogorans: their dialect borrowed from the stilted, laconic tongue of the Bogorans, their began to organise their society in terms of clanship and hetmanship, and they took to a martial and pastoral lifestyle far easier. Now, however, with the Borogan conquers defeated, and the Yamajouy much under our sway, it is considered prudent to adopt, in a congress of the Yamajoury clans, the Hetmanship of All the Yamajouy, and to reunify our once fractured national identity! ;;;;;;;;;;;;;x
embrace_the_mamatoukat_title;Adopt the Surgoian Regalia;;;;;;;;;;;;;x
embrace_the_mamatoukat_desc;The Oujoy people, in ancient times, were one. A large kingdom of Oujoury, the kingdom of Surgoia, ruled most of the northeastern vales from the 100s to the 500s, before suffering colossal collapse with the advent of the Bogorugi and the larger Vewugist migrations. And from such a point onward, the customs and nature of our peoples diverged. The Mamajouy, the ‘tall’ brother, who stood against the Vewugist conquerors, continued to speak a purer Oujouy tongue, to use the courtly rituals of ancient Surgoia, and lived a far more agrarian lifestyle, while the Yamajouy, the ‘shorter’ brother, took gradually to the customs of the Bogorans: their dialect borrowed from the stilted, laconic tongue of the Bogorans, their began to organise their society in terms of clanship and hetmanship, and they took to a martial and pastoral lifestyle far easier. Now, however, having secured our independence from the Borgan tyrants, and brought the Mamajouy much under our sway, it is considered prudent for our Hetman to adopt the ancient Surgoian regalia, as a show our goodwill to the Mamajouy and to signify a practical reunion of our ancient peoples!;;;;;;;;;;;;;x
annex_deuuyeuru_title;Annex Deuuyeru;;;;;;;;;;;;;x
annex_deuuyeuru_desc;For centuries, Poumnian sailors and soldiers have stopped along the shores of Deuuyeuru to trade and resupply. Some of these Poumnians married Pruuntish women and settled in the capital city of Aaykeum. Many of these expatriates rose to become some of the most important and affluent citizens of Deuuyeuru and have proved invaluable in asserting Poumnian influence over the island. In recent years, however, with the rise of Pruuntish nationalism and Shamushi snake-worship, tensions in Aaykeum have become shockingly high, with several assassinations of prominent Poumnians. Many of these expatriates fear they will soon be forced to flee the island or face violence at the hands of radicals. However, officials in our government think we could use our influence and military to pressure the Deuuyeuruhn government to accept annexation and military occupation to safeguard our citizens and their assets, while also asserting our dominance across the entire Diwvish Sea;;;;;;;;;;;;;x
conquest_of_the_bushlands_title;Conquest of the Bushlands;;;;;;;;;;;;;x
conquest_of_the_bushlands_desc;The bushlands have become a place of increasing violent conflict. Outside the borders of $COUNTRY$, Bafozhi beast-men, not tied to the land, are able to roam and pillage freely. Encroaching Gâshdzii settlers do battle with Hohraeth and Hrusaan war parties nearly every day, and stories of heinous Bafozhi-orchestrated massacres have become the norm in our newspapers. Public opinion has become staunchly in favor of military action to bring these wild lands under control, put these Bafozhis to work tilling the fields, and divide the newly acquired estates to eager would-be settlers back in $CAPITAL$.;;;;;;;;;;;;;x
conquest_of_the_ishagizob_title;Conquest of the Great Ishagizob;;;;;;;;;;;;;x
conquest_of_the_ishagizob_desc;The Ishagizob to our south has always remained a free and lawless place. No fearsome conquerors or great emperors of old ever bothered to subjugate these vast barren lands, and only in recent years has the idea of conquering this great desert been floated in government. This desert is now seen as a security threat, a wide open and unmonitored patch of land that leads right into the heart of $COUNTRY_ADJ$ territory. To conquer these lands would be simple and would assure us a more secure border, putting our officials and people at ease.;;;;;;;;;;;;;x
conquest_of_the_zatgizob_title;Conquest of the Zatgizob;;;;;;;;;;;;;x
conquest_of_the_zatgizob_desc;The Zatgizob to our west has always remained a free and lawless place. No fearsome conquerors or great emperors of old ever bothered to subjugate these vast barren lands, and only in recent years has the idea of conquering this great desert been floated in government. This desert is now seen as a security threat, a wide open and unmonitored patch of land that leads right into the heart of $COUNTRY_ADJ$ territory. To conquer these lands would be simple and would assure us a more secure border, putting our officials and people at ease.;;;;;;;;;;;;;x
embrace_ngoghu_title;Reform the Imperial Parliament;;;;;;;;;;;;;x
embrace_ngoghu_desc;Our state is a strange one. The empire is secured by virtue of the immense wealth and private property of the imperial dynasty, and the nominally private treasury of the house Rannu acts effectively as the state treasury. In most other states, the household of the monarchy has been gradually separated from the formal state apparatus, but in our empire, we exist in an uneasy equilibrium of a preponderant imperial household, and a nominal ‘political’ bureaucracy of the old tribute treaties and lordly districts of the Unnahu and Uttobanhu elites, who jealously guard their ancestral privileges. Beyond this, the Empire maintains massive estates in the Ngoghu lands of Vadobeth, conquered many centuries ago, in the 7th century, and still held by the imperial family and their many thousands of overseers, adjutants, and factors. But the Ngoghu speak a language remarkably similar to us, and centuries ago before the conquest, the Vadobethi lands were a mere geographic distinction between the three ‘brothers of the north’, the Duttuphti peoples. Embattled by enemies on all sides, we can no longer allow our archaic political system to sow discord between the Ngoghu and the traditional elites. We must radically reform the imperial parliament, to include equal representation in all districts of the country, to include a collection of ennobled Ngoghu landowners in the imperial upper house, and finally we must relinquish a great degree of private land to be free Ngoghu districts. In turn, it is hoped, the Ngoghu people will mobilize their people for conflict in times of crisis and assist the $COUNTRY$ in with higher taxes and further material production.;;;;;;;;;;;;;x
remove_serfs_title;Suppress Serfdom;;;;;;;;;;;;;x
remove_serfs_desc;Our state laws are explicit on the illegality of any sort of arrangements of serfdom or land-bondage. The strict enforcement of these is the business of our censors, tax collectors and assessors, and regional government officials, who work to extend this legislation into all the reaches of our great territory in order to abolish this archaic practice wherever it may be.;;;;;;;;;;;;;x
remove_thralls_title;Suppress Thralldom;;;;;;;;;;;;;x
remove_thralls_desc;Our state laws explicitly forbid the rearing, culling, vending, driving, transhumance, pasturing, breeding, and above all consuming the flesh of hominid cattle, or ‘thralls’. Commonly the preserve of ranchers and herdsmen in the desolate reaches or barbarous uplands of our society, the abolition and enforcement of this policy is usually the purview of regional sheriffs and the mounted gendarme, who work tirelessly to eradicate the practice wherever they may find it.;;;;;;;;;;;;;x
enslave_the_thralls_title;Enslave the Thralls!;;;;;;;;;;;;;x
enslave_the_thralls_desc;Thralldom - the practice of keeping other species of hominid as laboring livestock - is a very common practice in the more desolate and barren parts of the world. In marginal economies of small freeholding peasants, especially in hinterland regions like mountain uplands, arid scrub, and rocky wastes, where even the most hardy ruminants and other grazing animals struggle to survive, keeping slaves whom you plan to eat is sometimes a common practice, despite the long cycle of raising them. However, this practice in recent years has not only been condemned as barbaric, given recent cultural exchange with the civilized others across the oceans, but also seems manifestly backwards and inefficient. Government economists project that by compelling our subjects to legally treat their thralls as slaves, not only will marginal land be freed for mining, prospect, or more efficient agricultural usage, but the labor redirection will be highly beneficial - once idle thralls lolling about in the scraglands eating small lizards and other meager foods will likely be sold to our great corporations, departments, and slave merchants, redirecting the labor of potentially hundreds of thousands to profitable enterprises. However, there is likely to be a great backlash. Thrall keeping is deeply ingrained in the cultural patterns of homesteaders and common men, who prize it as ‘the finest meat’ and the culling of thralls is in some places even celebrated under the sanction of the local religious authorities. Even some traditional men in the cities or the great estates prize it and consume it for cultural reasons, believing that the proteins of manflesh are curative to the brain and eyes, and was what allowed our civilization to rise and prosper. Indeed, none can doubt that it is highly nutritious - very likely because these other hominids are so close to us biologically, they carry all that we need to survive…;;;;;;;;;;;;;x
subjugate_the_pruunts_title;Extend the Imperial Citizenship;;;;;;;;;;;;;x
subjugate_the_pruunts_desc;To belong to the imperial citizenship, in these lands, has been seen as a great privilege and honor - to serve in the divine plan of the world spirit, the holy Vopudwou (Emperor) who makes the sun rise and the rivers run is a near sacrosanct responsibility. Typically, it has belonged to the governing aristocracy, the servants of the empire, and the soldiery (among other honored figures here and abroad). However, the extension of citizenship in the Pruuntish states to the south, since time immemorial our nominal tributaries, has always been curious. A disdain for their garbled dialect, strange morals, and raucous natures has inclined our people to keep a distance from their government and practices - the citizenship is granted sparsely and delicately in these lands, and they have largely been left govern themselves provided the nominal tributes arrive and due respect is accorded. Now, however, since our direct annexation of a variety of loyal Pruuntish states, our interior ministry has come up with a curious proposal. A broad and sweeping extension of the imperial citizenship through the political and social elites and the military of Pruuntia, as well as bilingual bureaucratic documentation in the southern peninsula, would allow for closer integration and easier governance of the Pruuntish territories. It would pave the way, the ministry argues, for a broad expansion of our tax base, and increase social and political stability within these regions, righting, really, a sense of injustice to these sturdy men of the south, and extending the imperial honors to our seafaring peninsular brothers. Extension of such a citizenship, however, would preclude the preservation of tributary status for most of these principalities, and we would be effectively abolishing the tributary system in the south - the interior ministry expects some resistance should some of these petty states try to preserve their haphazard existence against our effective occupation.;;;;;;;;;;;;;x
end_paknag_banditry_title;End Banditry in Paknâg;;;;;;;;;;;;;x
end_paknag_banditry_desc;Paknâg is a land that has long been plagued by a tradition of social banditry. Since the disentanglement of the empire and the attendant periods of violence as borders were readjusted, Paknâg’s central position has left it a regular victim to the transit of pillaging armies. The perennial devestion, and the cruelty of the castellan lords who barely kept order in the region usually, allowed for the development of a tradition of social bandits living on the margins of society. These freebooters and warriors in previous times often lent their weapons to the defense of farming communities or worked as mercenaries abroad, but now, as the confederal Paknâg state is better able to keep order, they have merely become a menace to the east-west trade out of the south. Now, however, as the coercive infrastructure of our state has greatly grown, the interior ministry feels we are in possession of the power to wage a campaign for the permanent suppression of banditry in Paknâg. By destroying the bandits and implementing extensive surveillance efforts, as well as conscripting unruly youth, the ministry feels we can finally put a rest to this cyclical violence.;;;;;;;;;;;;;x
integrate_north_gashdzii_princely_states_title;Lay Claim to Northern Realms;;;;;;;;;;;;;x
integrate_north_gashdzii_princely_states_desc;The northern principalities or Realm is a term for a number of diminutive princely states that cling to the edge of central Gashdziik where the Vodmhu river reaches the northern deserts. Their dialect and martial culture make them much more similar to the people of Vokonazh, the ‘northern Gashdzii’, rather than those closer to the Gashdzii heartland. Sometimes under the dominion of the lords of the East, they nevertheless cling to independence and often associate with the west. In recent months, our government has deemed it essential to bring these regions under our formal legal control - the prospect of them falling decidedly under the influence of the western lords is too much of a security threat. We have a number of historic de jure claims to these lands based on Viceroyal jurisdictions granted by various emperors, which the government has invoked to attempt to legitimise our claims to these regions.;;;;;;;;;;;;;x
form_chiibnazh_title;Form the Chiibnazh;;;;;;;;;;;;;x
form_chiibnazh_desc;The Chiibnazh, the ‘defensive state’, ‘citadel league’, of the times of trouble - the first anti-magesterialist instability that began over 150 years ago, was a military union with political functions that flourished for around 10 years in the lands of central Gashdziik. For central Gashdziik for centuries has been a fractured and vulnerable realm. The titular emperor rules in great Pashdzii, but the Jadhovs (greatlords) of the provinces rule with iron fists as lords of separate states. Worst still, we are prey to the ambitions of the lords on our borders. The great southern states treat us with little but contempt, Vokozazh has long pretended to the imperial mantle and had regularly occupied the inland in various wars, and for many ages has lonely and proud Vafaut stood, beleaguered, against the might of Poumnia, who would dismantle our fortresses and make us tributaries. In recent years, there is talk of reviving the Chiibnazh, this time with even greater centralised political authority. These dreams have often failed - in the lands of the old empire, political fragmentation, bitter enmity between the local lordship, and the political designs of the border powers, who invoke imperial levy laws, feudal rites, and sly manipulation to rule our states, leave our people fraught with suspicious and ill-inclined to work together. Not anymore, however! Our paramount influence in central Gashdziik has brought us to a position where we can organise the Chiibnazh once more - indeed, as we speak delegates are assembling in $CAPITAL$ to swear loyalty to the new flag. Gone are the days when the little states of the Empire will be weak to the predatory borderlands and southern marcher lords!;;;;;;;;;;;;;x
end_right_to_the_familiar_title;End the Right to the Familiar;;;;;;;;;;;;;x
end_right_to_the_familiar_desc;The Right to the Familiar is a traditional Tehuhrite legal tradition that allows those whose way of life has been disrupted by others, politicians or government officials to appeal to the autonomous legal-religious scholarly community for a verdict on the right to maintain traditional ways of life. Pending the holy man or scholar’s condemnation of the disruptions, there is usually great pressure to right these wrongs. Historically, this was often invoked in conflicts between agricultural communities and herdsmen, but recently it has been applied increasingly to disruptions attendant in canal building and factory construction. However, with the recent changes in our government, and the advent of a statist administration, we may finally dispose of this obstacle to progress, and allow the forces of modernity to range across our land. By refusing to acknowledge verdicts by the holy men, arresting those that issue verdicts, and making our state officially secular, we will make it clear that this old right will no longer be respected. No longer will religious intransigence and backward zealotry impede the material progress of civilization!;;;;;;;;;;;;;x
fight_paknag_banditry_title;Fight Banditry in Paknâg;;;;;;;;;;;;;x
fight_paknag_banditry_desc;There has been, sadly, a recent flare up on banditry in Paknâg! Social brigands are wreaking havoc across these lands and disrupting life greatly. We must organise and equip a section of the gendarmerie to go and destroy these devilish troublemakers. This will be expensive, and require persistent efforts, not the casual work of soldiers, to track, find, and destroy bandits that range out on the great plains, who hide in glades in the wooded areas, as well as arrest their supporters in the towns and villages.;;;;;;;;;;;;;x
decide_our_national_objective_title;Decide Our National Objective;;;;;;;;;;;;;x
decide_our_national_objective_desc;Our current government has not resolved on a national objective! The ministers of the new administration are suggesting a meeting of the cabinet to resolve on a broad policy and a number of objectives for the government.  §RNOTE: We must take a decision to choose a 'national objective' for the next ten years. This will provide our country with a number of modifiers by means of the vanilla national value system that will serve to effect this objective. You will have an opportunity to pick a new objective once this one ends. §!;;;;;;;;;;;;;x
national_objective_assimilation_title;Assimilation;;;;;;;;;;;;;x
national_objective_assimilation_desc;Assimilation Rate: §G+5.0%§!\nConsciousness for Non-Accepted: §R+0.01§!;;;;;;;;;;;;;x
national_objective_research_title;National Research;;;;;;;;;;;;;x
national_objective_research_desc;Research Points: §G+0.75§!\nResearch Points Modifier: §G+5.0%§!;;;;;;;;;;;;;x
national_objective_administration_title;Effective Administration;;;;;;;;;;;;;x
national_objective_administration_desc;Tax Efficiency: §G+5.0%§!\nAdministrative Efficiency: §G+10.0%§!;;;;;;;;;;;;;x
national_objective_stability_title;Stability;;;;;;;;;;;;;x
national_objective_stability_desc;Ruling Party Support: §G+50.0%§!\nMilitancy in Non-Colonial: §G-0.02§!\nConsciousness in Non-Colonial: §G-0.01§!;;;;;;;;;;;;;x
national_objective_extraction_title;Extraction;;;;;;;;;;;;;x
national_objective_extraction_desc;Tax Efficiency: §G+10.0%§!\nRGO Output: §G5.0%§!\nRGO Throughput: §G5.0%§!;;;;;;;;;;;;;x
national_objective_expansion_title;Expansion;;;;;;;;;;;;;x
national_objective_expansion_desc;Infamy: §G-0.02§!\nCasus Belli acquisition speed: §G+15.0%§!;;;;;;;;;;;;;x
national_objective_military_command_title;Military Command;;;;;;;;;;;;;x
national_objective_military_command_desc;Leadership Modifier: §G+15.0%§!\nLand Organisation: §G+5.0%§!\nLand Starting Experience: §G+5.00§!;;;;;;;;;;;;;x
national_objective_national_defense_title;National Defense;;;;;;;;;;;;;x
national_objective_national_defense_desc;Leadership Modifier: §G+10.0%§!\nMobilisation Size: §G+1.0%§!;;;;;;;;;;;;;x
national_objective_industrialization_title;Industrialization;;;;;;;;;;;;;x
national_objective_industrialization_desc;Factory Owner Cost: §G-10.0%§!\nFactory Input: §G-5.0%§!\nFactory Cost: §G-5.0%§!;;;;;;;;;;;;;x
national_objective_reform_title;Reform;;;;;;;;;;;;;x
national_objective_reform_desc;Social Reform Desire: §G+5.0%§!\nPolitical Reform Desire: §G+5.0%§!\nConsciousness in Non-Colonial: §R+0.01§!;;;;;;;;;;;;;x
national_objective_reaction_title;Reaction;;;;;;;;;;;;;x
national_objective_reaction_desc;Social Reform Desire: §R-5.0%§!\nPolitical Reform Desire: §R-5.0%§!\nConsciousness in Non-Colonial: §G-0.01§!;;;;;;;;;;;;;x
national_objective_diplomacy_title;Diplomacy;;;;;;;;;;;;;x
national_objective_diplomacy_desc;Influence: §G+50.0%§!\nDiplomatic Points: §G+25.0%§!\nCasus Belli acquisition speed: §G+5.0%§!;;;;;;;;;;;;;x
national_objective_encourage_immigration_title;Encourage Immigration;;;;;;;;;;;;;x
national_objective_encourage_immigration_desc;Immigrant Attraction: §G+25.0%§!;;;;;;;;;;;;;x
conquer_hupennohu_title;Establish Protectorate over Hûpênnohu;;;;;;;;;;;;;x
conquer_hupennohu_desc;The wild stormy reaches of Paukzhodo, ‘The Land of the Spears’ (named so either because of its hostile inhabitants or the large horned animals that graze in its cool forests). Lying just of the northern coast of Ishahfazh, its own northern coast hugs the great northern sea and is buffeted by brutal storms and cold winds, but it's more temperate south is marked by large river complexes populated by fishing, hunting, and farming communities who bring strange pelts and fine timber out of the north. These hardy folk, both the troglodyte Ogrehi of the north and semi-subterranean Nahu of the southern coasts have tended to live in low, underhill, semi-buried settlements For this land is dangerously foreboding: wracked by great storms and host to dangerous extremophile bacteria, our settlers, not suited to this peculiar lifestyle, have mostly avoided this place. Now, however, our state has established a number of settlements, actually, in the ungoverned reaches of this land. The foreign ministry is increasingly thus interested in the lands of Hûpênnohu, the state of the Purgure. The Purgure are known as bold warriors, drinkers, and adventurers, tinged with the paganism of Paukzhodo, who speak a language similar to that of the Rannutan Elite, but seemingly have settled the southern coasts here several centuries ago, as slavers, traders, and piratical warriors. These fertile lands, however, are clumsily managed, and we have already wrung several concessions from them, to own roads and manage ports to facilitate our settlement. The foreign ministry suggests we urgently should establish protectorate over these lands, to protect our further settlements, lest some other power could seize these lands and menace our colonies.;;;;;;;;;;;;;x
conquer_ngjutto_title;Establish Protectorate over Ngjuttô;;;;;;;;;;;;;x
conquer_ngjutto_desc;The wild stormy reaches of Paukzhodo, ‘The Land of the Spears’ (named so either because of its hostile inhabitants or the large horned animals that graze in its cool forests). Lying just of the northern coast of Ishahfazh, its own northern coast hugs the great northern sea and is buffeted by brutal storms and cold winds, but it's more temperate south is marked by large river complexes populated by fishing, hunting, and farming communities who bring strange pelts and fine timber out of the north. These hardy folk, both the troglodyte Ogrehi of the north and semi-subterranean Nahu of the southern coasts have tended to live in low, underhill, semi-buried settlements For this land is dangerously foreboding: wracked by great storms and host to dangerous extremophile bacteria, our settlers, not suited to this peculiar lifestyle, have mostly avoided this place. Now, however, our state has established a number of settlements, actually, in the ungoverned reaches of this land. The foreign ministry is increasingly thus interested in the lands of Ngjuttô, the state of the Yattâe. The Yattâe are known as bold warriors, drinkers, and adventurers, tinged with the paganism of Paukzhodo, who speak a language similar to that of the Rannutan Elite, but seemingly have settled the southern coasts here several centuries ago, as slavers, traders, and piratical warriors. These fertile lands, however, are clumsily managed, and we have already wrung several concessions from them, to own roads and manage ports to facilitate our settlement. The foreign ministry suggests we urgently should establish a protectorate over these lands, to protect our further settlements, lest some other power could seize these lands and menace our colonies.;;;;;;;;;;;;;x
liberate_hahabi_title;Liberate the Hahabi;;;;;;;;;;;;;x
liberate_hahabi_desc;After the revolution of 1297, the lands of the Sithevans were shattered. Our state, the liberationist government, was seen as illegitimate, and local lords and potentates of reactions channeled local revolutionary impulses into the restoration of once independent duchies of regional minorities. The Hahabi of the south long remained outside of the old Athisard monarchy, and speak a dialect inmixed with what can only be assumed to be the barbarous pelegasian tongue of those who lived on the Sithevan plains before we arrived. The lord Gush Gooth-So in 1300 marshalled his own claim to the duchy of Hahab, and ironed out a small monarchy when we were preoccupied with our campaigns against the Athisards of the north. Several years have passed, and a minor Hahabi state seemed to weather the years, and clinged to their independence. Now, however, we have reclaimed Hahaboroo! People still view our new state with suspicion, so we may have to make a number of concessions to integrate this region. We have promised to respect their local dialect and gave them an autonomous governor, and these people seem to have acquiesced to our rule. ;;;;;;;;;;;;;x
liberate_thesathi_title;Liberate the Thesathi;;;;;;;;;;;;;x
liberate_thesathi_desc;After the revolution of 1297, the lands of the Sithevans were shattered. Our state, the liberationist government, was seen as illegitimate, and local lords and potentates of reactions channeled local revolutionary impulses into the restoration of once independent duchies of regional minorities. The Athisard monarchy and their supporters fled to the north, and organised the hardy Thesathi into a military rump state. We’ve long struggled against these devilish enemies, and finally we have crushed the old monarchy. The interior ministry recommends making a brutal display of the old Athisards and aristocrats, to totally dismantle whatever remains of the old ‘Thesoroo’ and legitimize our rule over these lands. The army is already readying the gallows for the old lords.;;;;;;;;;;;;;x
disable_sanctions_title;Disable Sanctions;;;;;;;;;;;;;x
disable_sanctions_desc;Nations that go over 46 infamy are subject to harshly punitive sanction events. Enabling this decision will disable the sanctions feature for everyone. This cannot be undone.;;;;;;;;;;;;;x
organize_wushaw_title;Organise Wushauwland;;;;;;;;;;;;;x
organize_juruntine_title;Organsie the Juruntine;;;;;;;;;;;;;x
organize_wushaw_desc;The Wushauw of the southern forests are a people we have come to know since our colonization of the southern coast of Bafozh. These brave woodsmen dominate a substantial area of the southern forests, and lead a semi-nomadic lifestyle, taking shelter during the windy season, and raising fat, shaggy forest ruminants during the off seasons. As we’ve tried to establish an effective government of this region, one official has suggested organising these forests into a Wushauw ‘state’, prioritizing their tongue above others and attempting to integrate them into our government by sharing some of the privileges of the state. ;;;;;;;;;;;;;x
organize_juruntine_desc;The J’ur faithful have given their name to the large island that is generally considered part of Bafozh. Their persistence in calling the world ‘the House’ (J’ur) led to the appellation ‘the Juruntine’ for these lands where they throng in great numbers. These lands have long remained fragmented between petty little coastal lordships, but we have now become predominant in these lands. Since conquering these lands, however, we have vaguely maintained the pretentious of local principalities and princely states as part of our colonial administration: collaborating with local elites, recruiting sepoys, and respecting, to some degree, old treaties. Our merchants and Industrialists, however, who trade in this area, bewail this state of affairs. They complain that internal levies and clumsy and chaotic local government generally suppress trade and ruin this region. A few of our Juruntine Trading companies have suggested a total reorganization of the government into a single market and federated state, merging various colonial authorities, trading companies, and princely states into one government.;;;;;;;;;;;;;x
organize_paukzhodo_title;Organise the Paukzhodo Colony;;;;;;;;;;;;;x
organize_paukzhodo_desc;Subcontinental Paukzhodo is now practically entirely within our grasp. However, the colony itself is a hodgepodge mix of settler districts and our two protectorates with no central authority. The north, in particular, is very poorly managed and very poor. The colonial office suggests merging these three districts into one colonial governorate for the purposes of order and prosperity. ;;;;;;;;;;;;;x
open_encyclopedia_title;Open Encyclopedia;;;;;;;;;;;;;x
open_encyclopedia_desc;This will open an event chain where you can learn things about the lore of GGG, its countries, regions, and peoples.;;;;;;;;;;;;;x
3055_treaty_port_title;The Niiz Moji Treaty;;;;;;;;;;;;;x
3055_treaty_port_desc;Niiz Moji, or ‘Gold Port’ was the oldest continuously established Gashdzii possession on the great mainland of Kovazh. Acquired in 1089 by a concession of Qooxib Emperor Ohadh-Bohen Qamo III, a perpetual charter to trade free of duties was granted to the Jiishanâgi South Seas Trading League. The Merchants had long kept an informal residence in cities on the great delta, but now they began building a fortress to protect against the violence of Poumnian rival trader-governors, who often employed the imperial garrisons of Mra-Ouswun in the interest of private profit. However, Niiz Moji’s proximity to the Imperial capital and its place on the river allows for supreme access to the trade of Qooxib and its interior, allowing it to eclipse the older Poumnian traders. Nowadays, Niiz Moji is a byword for lucrative profit, and has grown into a teeming metropolis boasting of over 200,000 residents, with elegant gardens on the river deltas, proud and bright walls, and sober townhouses.;;;;;;;;;;;;;x
3056_treaty_port_title;The Mra-Ouswun Treaty;;;;;;;;;;;;;x
3056_treaty_port_desc;Mra-Ouswun, or ‘Fort Mra’ was the oldest Ishahfazhi possession on the Kovan mainland. It meaningly consists of the trading factory and settlement of Mra, begun in 1035 oy the orders of the Viceroy-General Ashou Sha-Shoummid, an adventurous scion of House Ibu, who was that time the ‘Viceroy of the Pudwou in the Southern Continent’. A fine title for a man who was not much more than a merchant in the Qooxibi capital, but he nominally held the power to dispense justice to Poumnian subjects in all of Mainlanz Kovazh. Employing private levies to aid against a Souxappi revolt, he impressed and gained the favour of Odadh-Bohen Qamo II, who granted him extraterritoriality and allowed him to build a fort, as a nominal ‘vassal’ of the Qooxib. This factory station gradually became a great trading town, was granted independence of the Qooxib, and was still a fief of House Shoummid until very recently.;;;;;;;;;;;;;x
3057_treaty_port_title;The Niiz Jadhov Treaty;;;;;;;;;;;;;x
3057_treaty_port_desc;Old Niiz Jadhov, ‘Kingsport’, was a commanding Vokonazhi factory in the land of the Ourrhond, the great monarchy of central Kovash. This aristocratic confederacy, fraught by regular internal conflict, nonetheless yields great trade goods, with carved furniture made from the lumber of the rich woodlands that dot the plains, ivories from the great beasts of Kovazh, and precious objects made by the locals. Niiz Jadhov was established in 1167 by a number of intrepid Vokonazhi traders who took advantage of a civil conflict between local tribesmen in the local region and its lord, Hana Birhim. Delicately balancing various loyalties between the distracted locals, the fort was satisfactorily risen, and became a great holdfast for Vokonazhi trading in the area. Eventually a smaller inland fort was raised, which attracted the local manufacturing community. Niiz Jadhov boasted of the headquarters of the Imperial Kovan Trading Company, nominally granted by the Emperor in Pashdzii.;;;;;;;;;;;;;x
3058_treaty_port_title;The Niiz Kan Treaty;;;;;;;;;;;;;x
3058_treaty_port_desc;Niiz Kan was the premier Gashdzii trading port in the west of Kovazh. Established by Ishapt Tea Company charter in 1160, its key figure intrepid Bida Kazak, a trader originally based in the island of Rouxaem. Kazak settled a fertile stretch of coast with a hope to plant his own tea crops - he married a local Chobaji heiress and added to his fortune a number of large estates nearby. Shockingly, he and his wife both were buried after the fashion of the Vewugist. A community began to grow around this settlement, attracting goods brought down the coastal road. Until 1221, however, the main Gashdzii trading settlement in the area, Anzhapt, was on the southern delta, but in 1221 the new Emperor declared the expulsion of all foreigners from the delta, and riotous violence drove many Gashdzii north, eventually to hybrid Niiz Kan. The city survived the failure of the Ishapt Tea Company in 1241, and was given a responsible government by the Parliament in Nozho.;;;;;;;;;;;;;x
3059_treaty_port_title;The Port Ragor Treaty;;;;;;;;;;;;;x
3059_treaty_port_desc;Port Ragor is one of the most handsome ports of the gulf of the empire of Nhuiqour. Once called Anzapht by the Jiishanâgi merchants who controlled it from 1171-1222, this disconnected exclave now plays a sleepy part in the Nhuiquourran economy, where the markets are thin and overseas trade is mostly carried by Niiz Kan, the new Gashdzii trading capital in the west of Kovazh. Now, however, since we have defeated the Nhuiquourrans and wrung from them many concessions, we can take over this once bustling city. With renewed charters of extraterritoriality, a 103 year lease, our merchants are sure to prosper, and this port could once again come to overshadow Niiz Kan.;;;;;;;;;;;;;x
3060_treaty_port_title;The Bir Territory Treaty;;;;;;;;;;;;;x
3060_treaty_port_desc;The Bir Territory is a stretch of relatively uncultivated land near the capital of the Ourrhond. It is mostly occupied by small settlements of impoverished fishing communities that serve the capital. Nonetheless, its proximity to the capital and the Caigur river mean it could be, with development, a prime location for trade. With our recent victory over the local Aucbhur, we have demanded this territory to be conceded to us and our subjects for the development of a commercial city, unburdend by duties, for the sake of trading in the local region, and already trading companies are eager to build makeshift wharves and warehouses.;;;;;;;;;;;;;x
3061_treaty_port_title;The Mójib Treaty;;;;;;;;;;;;;x
3061_treaty_port_desc;The Pusunetos of the Great Khan is a strange state, and merchants tread there with caution. None can know when suddenly alliances will shift and those lords once in favour, and their foreign merchant friends, will suddenly be enemies. One hears enough blood curdling tales from the Court of the Great Khan. Now, however, we should be free of this trouble, and in fact gain great advantage over many other foreign traders in the Pusunetos. For since we have defeated the Armies of the Khan, we have won handsome Mójib, a little fishing town, for lease by our government. This will provide a haven for traders in the lands of the Khan, and he has kindly agreed also that disputes between his subjects and our merchants will be heard in whatever court we choose to establish in Mójib.;;;;;;;;;;;;;x
collectivise_agriculture_title;Collectivize Agriculture;;;;;;;;;;;;;x
collectivise_agriculture_desc;The ‘peasant problem’ is a much discussed issue in statist thought. The inefficient organisation of land tenure in the countryside - commons, patchwork private ownership - depresses the production possibilities frontier of our society. Excess labour is invested in inefficient and clumsily small projects. The economy falters and other industries grow slower because food prices are higher than they could be. As a modern state, we have no reason to tolerate this. The agricultural ministry, with the aid of a number absolutist commissars, have prepared an ambitious plan to effect the large scale collectivisation of agriculture in the countryside. ;;;;;;;;;;;;;x
enable_pandemics_title;Enable Pandemics;;;;;;;;;;;;;x
enable_pandemics_desc;§RNOTE: Enabling pandemics can negatively effect the game's performance!§! GGG has a system for simulating the spread of one major pandemic per game. Enacting this decision will enable pandemics for everyone. This cannot be undone.;;;;;;;;;;;;;x
annex_sog_title;Annex Sog;;;;;;;;;;;;;x
annex_sog_desc;Some time ago we established the Sogan Lands as a military protectorate of our lands. While far less integrated than most imperial-military districts, maintaining a great degree of independence in most domestic matters, the Sogans still recognise the Pudwou as their official head of state. For a while, the status quo was ideal: we maintained the right to use Sogan lands for building military roads, building supply depots, and quartering troops, giving us a commanding strategic over the Sithevan plain. However, their nominal neutrality allowed us to avoid attack on such a flank, and funnel enemies into more defensible positions, such as the Roshutan jungle and the western hills. Now, however, there seems to be little strategic utility in maintaining Sog’s nominal independence, since we have expanded further into the Sithevan plains. Rather, the jurisdictional difference is really a hindrance. The imperial clergy have prepared plans for declaring Sog a formal governorate of the crown, appointing a royal governor, and establishing a number of imperial temples for official business. ;;;;;;;;;;;;;x
embrace_vewugism_title;Embrace Vewugism;;;;;;;;;;;;;x
embrace_vewugism_desc;The Vewugists are an evangelizing faith. Year after year they come to our land, bearing what they call ‘the seeing root’ and distributing texts describing their great and holy Master, the Vewúg of the Drupe of Sesi. In little wooden sloops, they brave these great oceans with, they tell us, the goal of saving us from the trouble the malign eye of a disapproving Vewúg would apparently bring upon us, and to increase the power of the Vewúg by increasing the number of his loyal host, which is apparently a concern he has intimated to the faithful. Often they are tolerated, and even nursed to health after their arduous journey, until they transgress an important rite of ours, which they adore to interrupt, citing the displeasure of the Vewúg, and then typically they are beheaded on the orders of the local prince or holy man. However, increasingly, the missionaries are more well provisioned and in better shape. They no longer die from illness, they are clothed in fine fabrics, wielding expertly crafted firearms, and distribute what they describe as the ‘favours’ of their master: modern technologies, commodities, and sciences. This has ushered in a notable reflection among the elite and the rules of our nation: perhaps they do have something to share with us - either the Vewúg really has favoured them, or at the very least communion with these nations will bring us great advantages. Perhaps we should request the next arrival of missionaries to send for further evangelists and institutionalize the respect of the Vewúg across our lands.;;;;;;;;;;;;;x
restore_order_north_gashdzii_princely_states_title;Restore Order to the Northern Realms;;;;;;;;;;;;;x
restore_order_north_gashdzii_princely_states_desc;In the reign of Bozzamâdho IV (r. 721-728), the empire reestablished order in the northern principalities, drawing them away from the sway of the avaricious Ishahmenes II Midodazh of Vokonazh. The emperor disturbed a number of princely titles of the lords of Nobhau, Nofshidi, etc, and entrusted them with the maintenance of this region. Thoroughly chastised, for some years again the Vokonazhi submitted to the emperor. But soon the contest was renewed again, and in times of trouble some centuries later, the northern principalities regularly fell under the sway of the emperor, then the central lordships, then the Vokonazhi, and back again. Many members of the Chiibnazh have legitimate claim to the northern principalities: we should once again establish rightful governance. ;;;;;;;;;;;;;x
dehuogi_question_ai_rannu_title;Invite Dehuogi Settlers;;;;;;;;;;;;;x
dehuogi_question_ai_rannu_desc;We Bogorans have long maintained our minority rule over a vast amount of local Oujoy peoples. Ever since we arrived in the 530s, then great nomadic conquerors loyal to the early Vewugist Theocracies of the mountains, we have had to jealously guard our privileges from restive locals: restrictive citizenship laws, brutal punishments, and great estates in the hands of our landed gentry, supporting a great bogoran knightly class who keep the local ‘owls’, as the bald faced oujoys are called, in check. However, in the modern age, our state lies divided and in danger from all sides. Oujouy particularism, in greater communication with the foreign monarchies, has grown in scale, and daily there are pamphlets found by the constabulary calling for the end to the rule of the Bogoran. We are an embattled minority in our own nation. However, there is, perhaps, a solution. A small faction in the assembly of the old clans, our national legislature, has been calling for the invitation for Dehuogi to come settle in our lands, to grant them a status as a special clan, and develop a Dehuogi marchland to strengthen our state. For the Dehuogi speak a tongue roughly similar to ours. Many centuries ago, our people lived close to their deserts. And they are of the same species as us, and in general they enjoy a degree of trust with us. However, the problem is that the current Dehuogi lands lie mostly under the rule of the great ‘elder brother’, the Rannu, who have been our traditional ally. To undermine their claims to rule of the Dehuogi would be sheer folly. Rather, the proposal goes, we should open negotiations with the Rannu, such that they would facilitate the relocation of the Dehuogi. ;;;;;;;;;;;;;x
dehuogi_question_player_rannu_title;Invite Dehuogi Settlers;;;;;;;;;;;;;x
dehuogi_question_player_rannu_desc;We Bogorans have long maintained our minority rule over a vast amount of local Oujoy peoples. Ever since we arrived in the 530s, then great nomadic conquerors loyal to the early Vewugist Theocracies of the mountains, we have had to jealously guard our privileges from restive locals: restrictive citizenship laws, brutal punishments, and great estates in the hands of our landed gentry, supporting a great bogoran knightly class who keep the local ‘owls’, as the bald faced oujoys are called, in check. However, in the modern age, our state lies divided and in danger from all sides. Oujouy particularism, in greater communication with the foreign monarchies, has grown in scale, and daily there are pamphlets found by the constabulary calling for the end to the rule of the Bogoran. We are an embattled minority in our own nation. However, there is, perhaps, a solution. A small faction in the assembly of the old clans, our national legislature, has been calling for the invitation for Dehuogi to come settle in our lands, to grant them a status as a special clan, and develop a Dehuogi marchland to strengthen our state. For the Dehuogi speak a tongue roughly similar to ours. Many centuries ago, our people lived close to their deserts. And they are of the same species as us, and in general they enjoy a degree of trust with us. However, the problem is that the current Dehuogi lands lie mostly under the rule of the great ‘elder brother’, the Rannu, who have been our traditional ally. To undermine their claims to rule of the Dehuogi would be sheer folly. Rather, the proposal goes, we should open negotiations with the Rannu, such that they would facilitate the relocation of the Dehuogi. ;;;;;;;;;;;;;x
redeem_serfs_title;Redeem the Serfs;;;;;;;;;;;;;x
redeem_serfs_desc;§RNOTE: This means you will pay 4500¤ for every instance of a collection of aristocrats, e.g. 200 a certain culture and faith in a location where there is serfs. Make sure you have the money!§! The issue of serfdom is a contentious one. While the country perhaps is not ripe for the total abolition of this ancient institution, the current government thinks that it ought to take steps towards the liberation of the serfs by 'redeeming' or purchasing their old charters from the landed gentry. This will pave the way for a peaceful liberation of the serfs. The government has agreed to pay each landowner the value of their serfs yeilds for the equivalent of 100 years of labour, based on real incomes collected in the year 1308 I.R.. This works out to about 4500¤ per aristocrat.;;;;;;;;;;;;;x
restoration_of_yauje_valley_title;Grant the Yauje Valley Viceroyal Status;;;;;;;;;;;;;x
restoration_of_yauje_valley_desc;The Uttobanhu of the Yauje Valley long were part of the ancient Kingdom of Bennareth, which was the original basis of the Imperial complex that later came to be called the Rannu Empire. The Uttobanhu Bennaru dynasty, which was the leading partner in the series of tribute-talking sedentarian military alliances, gradually fell to pieces due to increased pressure from Thuidan Vewguists in the age of Vewugist conquering, and by the 8th century was decidedly a junior partner to the Unnahu dynasties, and above all the powerful Rannu family of Vepht and the coastal districts, which became the new focal point of the imperial system. Now, however, since we have reconquered the Yauje valley, a number of members of the imperial parliament believe that it would be decidedly to our advantage to endow a number of ancient Bennaru claimants with viceroyal powers in this region, to pave the way for legitimate acceptance by those Uttobanhu in the region and indeed the Oujouy settlers who found their way in the Vewugist interregnum. ;;;;;;;;;;;;;x
establish_cordon_sanitaire_capital_title;Establish a Cordon Sanitaire on $CAPITAL$;;;;;;;;;;;;;x
establish_cordon_sanitaire_capital_desc;The recent alarming spread of the horrendous pandemic to our lands has stimulated certain figures in the government to suggest that we establish a cordon sanitaire at the very least around our capital. Soldiers would serve to garrison and even build specialised roads for transport of goods and persons in and out, and such entities would be expected to undergo a specified quarantine period. This will be an effective way of preserving the lives of our elite in the capital, but will likely alarm and worsen the quality of life of those living there.;;;;;;;;;;;;;x
end_cordon_sanitaire_capital_title;End Cordon Sanitaire on $CAPITAL$;;;;;;;;;;;;;x
end_cordon_sanitaire_capital_desc;The time has come to end the Cordon Sanitaire of our capital. No longer can we shut ourselves off from the nation.;;;;;;;;;;;;;x
establish_cordon_sanitaire_nation_title;Establish a Cordon Sanitaire on our National Borders;;;;;;;;;;;;;x
establish_cordon_sanitaire_nation_desc;The alarming reports of a new and worrisome epidemic, which seems to be killing many hundreds of thousands of people indiscriminately impresses upon us the urgent need to establish a national cordon saintaire. The military will be dispatched to the borders to enforce a strict quarantine on goods and persons coming into our country, and major ports will expect unloading ships to do the same. This will be expensive, but perhaps it will protect our country from the alarming ravages of the epidemic!;;;;;;;;;;;;;x
end_cordon_sanitaire_nation_title;End the National Cordon Sanitaire;;;;;;;;;;;;;x
end_cordon_sanitaire_nation_desc;The time has come to end the Cordon Sanitaire of our nations borders.;;;;;;;;;;;;;x
compensate_slaveowners_title;Force Sale of Slaves;;;;;;;;;;;;;x
compensate_slaveowners_desc;§RNOTE: This means you will pay 1000¤ for every instance of a collection of aristocrats, e.g. 200 a certain culture and faith in a location, where there is slaves. Make sure you have the money!§! The Government, with an eye to the ultimate ambition of abolishing the institution of slavery in our lands, has deemed it prudent to compel major slaveowners to accept a substantial sum for the practical redemption of their slaves. Major reactionary voices are denouncing this as great folly, and a cheap bribe to wrest consent from the people for the loss of their property, but overall we think it will be a prudent decision. The value of the slaves have been fixed at an abstract amount, decreed by the government.;;;;;;;;;;;;;x
extend_dumuv_title;Extend the Dumuv System;;;;;;;;;;;;;x
extend_dumuv_desc;§RNOTE: This means you will pay 4000¤ for every instance of a collection of aristocrats, e.g. 200 a certain culture and faith in a location, where there is slaves. Make sure you have the money!§! The ‘Dumuv’ System, or the ‘provisional benefit’ of the serf (‘Fadumuv’ - the one who is Dumuv) class of Poumnia from the Vopudwou to the provincial aristocracy, is an ancient system. The Poumnian state is for all intents and purposes the imperial clergy and the military aristocracy. The Pudwou claimed nominal mastery of the serfs, who gave them in provisional benefit (captured by the Poumanian world ‘dumuv’) to the aristocracy, to support their government and military functions. The slave (‘Wrontou’ - literally, ‘captive’’) trade, however, remained basically in the private hands of the aristocracy, captured in the mountains, or in warfare against the lords of the Kovan Isles, and brought and settled on their personal estates in the provinces, the outlying islands, trading fortresses. The slave, in Poumnia, unlike the serf, who at least enjoys freedom from being moved from his station on the river, has been regularly traded throughout the country, and supports the large bulk of the wealth of the great aristocracy. Now, however, as our state modernises, and the imperial clergy takes on ever more functions in governing the country, they jealously look to the private slave system as a potential source of state revenue. These slaves do not owe any service to the state, they cannot serve in the military, and enrich the already troublesome military aristocracy. By formally extending the Dumuv system to the slaves of Poumnia, the clergy and by extension the Pudwou, would gain great revenues, at the expense of alienating the military aristocracy. We would have to compensate them, to some extend, else we would face outright revolt, it is certain.;;;;;;;;;;;;;x
vassal_neg_title;Revise Tribute Terms with Vassal;;;;;;;;;;;;;x
vassal_neg_desc;§RNOTE: You MUST have soliders in the capital of your tributary to do this. Otherwise this descision does nothing!§! Due to the presence of a number of our soldiers in the capital of one of our vassals, we are in an excellent position to revise the terms of our tributary relationship with them. Our diplomatic staff in the country, as well as the political police or commissars of the soldiers have already concocted a plan to stage a few drills and make their presence more visible, to hopefully cow our tributaries into complying with whatever terms we dictate.;;;;;;;;;;;;;x
demand_civilian_contribution_title;Expand Civilian Requisitioning;;;;;;;;;;;;;x
demand_civilian_contribution_desc;The war is not going well, and our soldiers are lacking everything from ordinance to uniforms to provisions. A number of members of the general staff are pressuring our government to expend their powers of requisition for a two year period, allowing them to demand private citizens turn over large quantities of metals, city halls to yield their bells and other things for building makeshift artillery pieces, as well as for citizens to turn in private weaponry for use by the army. This will doubtlessly make people angry, and increase the influence of the army over the state, but times are desperate.;;;;;;;;;;;;;x
draft_merchant_ships_title;Draft Merchant Vessels;;;;;;;;;;;;;x
draft_merchant_ships_desc;We are in a desperate war for our existence, and the navy as it stands is not able to meet in suitable force the many ships of our enemies. As a result of the war, much civilian shipping has been suspended anyway, and several large civilian shipping vessels are languishing in our ports. The admiralty is putting pressure on the government, suggesting that these ships be requisitioned, retrofitted, and put into service of the navy at the expense of their owners. This will doubtlessly enrage many as signifying a loss of civilian control of the state, but the hour is late and we must make heavy choices.;;;;;;;;;;;;;x
embrace_vewugism_bud_title;Return to the Vewugist Faith;;;;;;;;;;;;;x
embrace_vewugism_bud_desc;We Dehuogi are by instinct Vewugists. Since the faith was given to us through conquest in the 500s, for many years the Dehuogi identity has been bound up in Vewugism. It was the arrival of the faith that sculpted the steppe and plains nomads of yore into the common culture and nation it is today. However, since the Rannutan have driven us from our home, and we have been driven to the island of Kaubtashug, we have gradually drifted into the influence of the despotate of Vokonazh. In the 1100s, one of our princes made the decision to officially sponsor the cult of Dozshk, the Kadkohi high god favoured by the Midodazh dynasty of Vokonazh. While this secured us favours with our protector, now, with the recovery of our ancestral capital and the reincorporation of many devout Vewugist Dehuogis, there is much grumbling about the official sponsorship of a Gashdzii God. The state ought to renew its connection to the Great Vewug, and throw down these false idols!;;;;;;;;;;;;;x
the_electoral_question_title;The Question of the Estates;;;;;;;;;;;;;x
the_electoral_question_desc;The figure of the aristocratic estate owner is a well loathed person in Vokonazhi society. Lazy, cruel, prone to smoking copious amounts of Pruub, he tyrannizes the serf, the peasant, and even the local central government official. Ever since the ‘Gâdân Fi Ja' or the ‘law of the three orders’ of 755, the serfs have been entirely subjugated politically and financially to the regional aristocrats. Furthermore, the complicated system of estates and national assemblies, which this law gave the hereditary master of many districts a right to sit on, the headstrong and obstreperous regional aristocrat has been a continual source of annoyance for the royal constabulary in reforming the country. Recently, the situation has become considerably intolerable, with many in the national press crying out for reforms of various ways, and our government increasingly amenable to this, but with copious amounts of arrogant assemblymen getting in the way of meaningful reform. It is said that the power of the aristocrats must be broken somehow. We must call the privy council to make an extraordinary decree to deal with this problem!;;;;;;;;;;;;;x
double_all_pops_title;Double All Pops;;;;;;;;;;;;;x
double_all_pops_desc;§RNOTE: Doubling all pops can negatively effect the game's performance!§! Enacting this decision will make all pops in land owned by a country double. This is intended to help with economic problems and bolster national armies. This cannot be undone.;;;;;;;;;;;;;x
ai_cash_injections_title;AI Econ Helper;;;;;;;;;;;;;x
ai_cash_injections_desc;This decision will give all AI countries a permanent large tax and administrative efficiency modifier. They will also receive a cash injection if their treasury ever dips below a certain amount. This is intended to make AI countries struggle less with their economies and encourage them to build more formidable armies and industry.;;;;;;;;;;;;;x
reenable_craftsmen_exploit_title;Reenable Craftsmen Exploit;;;;;;;;;;;;;x
reenable_craftsmen_exploit_desc;The craftsmen 'exploit' happens when non-accepted pops are automatically assimiliated to the primary culture due to the way that the Victoria II engine creates craftsmen pops. GGG has changed this by not allowing unnacepted pops to become craftsmen. There are a number of special rules that GGG adds to try to stop different species of hominid from converting to eachother. The craftsmen exploit would ruin these rules. However, the player may wish for it return, for economic or other reasons. This cannot be undone.;;;;;;;;;;;;;x
integration_of_strangers_act_title;Pass Integration of Strangers Act;;;;;;;;;;;;;x
integration_of_strangers_act_desc;x;;;;;;;;;;;;;x
repeal_strangers_act_title;Repeal Restrictions on Xenotic Immigration;;;;;;;;;;;;;x
repeal_strangers_act_desc;x;;;;;;;;;;;;;x
guest_worker_act_title;Insitute Metical Restrictions;;;;;;;;;;;;;x
guest_worker_act_desc;x;;;;;;;;;;;;;x
repeal_guests_act_title;Abolish the Status of Metic;;;;;;;;;;;;;x
repeal_guests_act_desc;x;;;;;;;;;;;;;x
Key;English;French;German;Polish;Spanish;Italian;Swedish;Czech;Hungarian;Dutch;Portuguese;Russian;Finnish;
firebrand_congregation;Firebrand Congregation;;;;;;;;;;;;;x
desc_firebrand_congregation;There is a radical preacher who dwells in this province. His firey sermons stray into dangerous social criticism, inciting the populace against their government and the prevailing order.;;;;;;;;;;;;;x
desc_pruub_epidemic;Multiudes of people in this province are severely addicted to Pruub, the smokeable oils of a unique flower grown mostly in Poumnia. This drug sends them into a near catatonic stupor, interfering with regular social function, political engagement, and work.;;;;;;;;;;;;;x
pruub_epidemic;Pruub Epidemic;;;;;;;;;;;;;x
brigand_war;Brigand War;;;;;;;;;;;;;x
desc_brigand_war;This province is plagued by roving bands of dissafected paupers under the command of local ruffians. These brigands have control of swathes of the countryside, harrasing local peasants, looting harvests and robbing travellers. The chaos caused by both these troublemakers and the efforts of the local gendarme to counteract them has severely disrupted regular country life.;;;;;;;;;;;;;x
wicked_governor;Wicked Governor;;;;;;;;;;;;;x
desc_wicked_governor;The governor of this province is a crooked man with ill morals. Renowned for his brutality, greed, and sloth, it is an open secret that he treats the province as his private fief. The local administration as a consequence has descended into a hotbed of venality, corruption, and harassment.;;;;;;;;;;;;;x
squalid_tenements;Squalid Tenements;;;;;;;;;;;;;x
desc_squalid_tenements;Vast and squalid tenements have risen up in the urban and/or industrialised regions of this province. Appartitioned blocks with paper thin walls, families crowded into filthy one room hovels, general living conditions are packed and insufferable. The endless tension of close proximities drives up abuse and crime, leaving many people experiencing a living hell.;;;;;;;;;;;;;x
militant_ruralfolk;Militant Rural-folk;;;;;;;;;;;;;x
desc_militant_ruralfolk;The rustics of this province are enraged. They've organised themselves into a local protective band and have begun using this network as a means to collectively evade local tax collectors, openly scorn governmental authority, and harrass overseers on firm property, leading to a slackening of the productivity of this region.;;;;;;;;;;;;;x
powder_keg_plots;Powder Keg Plots;;;;;;;;;;;;;x
desc_powder_keg_plots;A collection of terroristically minded folk in this province have organised a small operation for producing powder kegs. They then plant these at local government or industrial sites, trying to destroy local officals or overseers, in an apparent attempt to undermine the very foundations of society.;;;;;;;;;;;;;x
smuggling_ring;Smuggling Ring;;;;;;;;;;;;;x
desc_smuggling_ring;The commerce of this province is severely impeded by a local smuggling ring. Evading tariffs and local tax regulations, this local problem has downstream effects of depressing prices and encouraging contraband consumption.;;;;;;;;;;;;;x
Key;English;French;German;Polish;Spanish;Italian;Swedish;Czech;Hungarian;Dutch;Portuguese;Russian;Finnish;
POU;Poumnia;;;;;;;;;;;;;
POU_ADJ;Poumnian;;;;;;;;;;;;;
VOK;Vokonazh;;;;;;;;;;;;;
VOK_ADJ;Vokonazhi;;;;;;;;;;;;;
JII;Jiishanâg;;;;;;;;;;;;;
JII_ADJ;Jiishanâgi;;;;;;;;;;;;;
JII_princely_despotate;Jiishan Princedom;;;;;;;;;;;;;
JII_princely_despotate_ADJ;Jiishan;;;;;;;;;;;;;
HAH;Hahaboroo;;;;;;;;;;;;;
HAH_paternalistic_council;Hahaboron Guard;;;;;;;;;;;;;
HAH_ADJ;Hahaboron;;;;;;;;;;;;;
VUG;Vugioroo;;;;;;;;;;;;;
VUG_ADJ;Vugioron;;;;;;;;;;;;;
VUG_paternalistic_council;Sublime Veyethu;;;;;;;;;;;;
VUG_paternalistic_council_ADJ;Veyethun;;;;;;;;;;;;;
SOG;Sog;;;;;;;;;;;;;
SOG_ADJ;Sogi;;;;;;;;;;;;;
GHE;Ghechi Confederacy;;;;;;;;;;;;;
GHE_ADJ;Ghechin;;;;;;;;;;;;;
VAF;Vâfaut;;;;;;;;;;;;;
VAF_ADJ;Vâfauti;;;;;;;;;;;;;
SHZ;Shuknazh;;;;;;;;;;;;;
SHZ_ADJ;Shuknazhi;;;;;;;;;;;;;
PAK;Paknâg;;;;;;;;;;;;;
PAK_princely_despotate;Pakfa;;;;;;;;;;;;;
PAK_princely_despotate_ADJ;Pakfan;;;;;;;;;;;;;
PAK_ADJ;Paknâgi;;;;;;;;;;;;;
GOZ;Gozonazh;;;;;;;;;;;;;
GOZ_ADJ;Gozonazhi;;;;;;;;;;;;;
GOZ_paternalistic_council;Gozonâg;;;;;;;;;;;;;x
TWD;Towuorud;;;;;;;;;;;;;
TWD_ADJ;Towuorudhi;;;;;;;;;;;;;
FAH;Fahseuhn;;;;;;;;;;;;;
FAH_ADJ;Fahseuhni;;;;;;;;;;;;;
PRE;Preuhn;;;;;;;;;;;;;
PRE_ADJ;Preuhni;;;;;;;;;;;;;
BAH;Bahdro;;;;;;;;;;;;;
BAH_ADJ;Bahdroan;;;;;;;;;;;;;
SON;Soneuhn;;;;;;;;;;;;;
SON_ADJ;Soneuhni;;;;;;;;;;;;;
YEU;Yeuhn;;;;;;;;;;;;;
YEU_ADJ;Yeuhni;;;;;;;;;;;;;
RUD;Rudtum;;;;;;;;;;;;;
RUD_ADJ;Rudtumnian;;;;;;;;;;;;;
WUH;Wuhntahs;;;;;;;;;;;;;
WUH_ADJ;Wuhntasi;;;;;;;;;;;;;
DEU;Deuuyeuru;;;;;;;;;;;;;
DEU_ADJ;Deuuyeuruhn;;;;;;;;;;;;;
TAH;Tahsrot;;;;;;;;;;;;;
TAH_ADJ;Tahsroti;;;;;;;;;;;;;
CHY;Chyivit;;;;;;;;;;;;;
CHY_ADJ;Chyivitian;;;;;;;;;;;;;
ROD;Rodhrot;;;;;;;;;;;;;
ROD_ADJ;Rodhroti;;;;;;;;;;;;;
PHW;Phiwjuino;;;;;;;;;;;;;
PHW_ADJ;Phiwjuinoti;;;;;;;;;;;;;
DAZ;Dazhuntar;;;;;;;;;;;;;
DAZ_ADJ;Dazhuntari;;;;;;;;;;;;;
YUB;Yubi;;;;;;;;;;;;;
YUB_ADJ;Yubaian;;;;;;;;;;;;;
DOP;Dophoravo;;;;;;;;;;;;;
DOP_ADJ;Dophoravan;;;;;;;;;;;;;
TIT;Tityir;;;;;;;;;;;;;
TIT_ADJ;Tityiri;;;;;;;;;;;;;
VUP;Vüpwod;;;;;;;;;;;;;
VUP_ADJ;Vüpwodi;;;;;;;;;;;;;
BYI;Byintar;;;;;;;;;;;;;
BYI_ADJ;Byintari;;;;;;;;;;;;;
DUG;Dugwod;;;;;;;;;;;;;
DUG_ADJ;Dugwodi;;;;;;;;;;;;;
NTU;Ntü'iagh;;;;;;;;;;;;;
NTU_ADJ;Ntü'iaghan;;;;;;;;;;;;;
JJG;Junugh Jügh Gash;;;;;;;;;;;;;
JJG_ADJ;Junughi;;;;;;;;;;;;;
PHP;Phipigh;;;;;;;;;;;;;
PHP_ADJ;Phipighi;;;;;;;;;;;;;
CHS;Chiishozd;;;;;;;;;;;;;
CHS_ADJ;Chiishozdi;;;;;;;;;;;;;
GAU;Gaubja;;;;;;;;;;;;;
GAU_ADJ;Gaubjian;;;;;;;;;;;;;
GAU_princely_despotate;Kingdom of Gaubja;;;;;;;;;;;;;x
GAU_statist_bureaucracy;Gaubjan State;;;;;;;;;;;;;x
GAU_paternalistic_council;Free Gaubjan Lands;;;;;;;;;;;;;x
PAS;Pashdzii;;;;;;;;;;;;;
PAS_ADJ;Pashdzo;;;;;;;;;;;;;
POZ;Pozha;;;;;;;;;;;;;
POZ_ADJ;Pozhadi;;;;;;;;;;;;;
KIF;Kift;;;;;;;;;;;;;
KIF_ADJ;Kifti;;;;;;;;;;;;;
VUF;Vufnazh;;;;;;;;;;;;;
VUF_ADJ;Vufnazhi;;;;;;;;;;;;;
VII;Viin;;;;;;;;;;;;;
VII_ADJ;Viini;;;;;;;;;;;;;
CHA;Chaugii;;;;;;;;;;;;;
CHA_ADJ;Chaugo;;;;;;;;;;;;;
POD;Podaun;;;;;;;;;;;;;
POD_ADJ;Podauni;;;;;;;;;;;;;
DIM;Dimog;;;;;;;;;;;;;
DIM_ADJ;Dimogi;;;;;;;;;;;;;
CII;Chiibfa;;;;;;;;;;;;;
CII_ADJ;Chiibfadi;;;;;;;;;;;;;
SHA;Shafiftnazh;;;;;;;;;;;;;
SHA_ADJ;Shafiftnazhi;;;;;;;;;;;;;
PZH;Pozhfa;;;;;;;;;;;;;
PZH_ADJ;Pozhfadi;;;;;;;;;;;;;
PII;Piijafa;;;;;;;;;;;;;
PII_ADJ;Piijafadi;;;;;;;;;;;;;
POF;Pofanazh;;;;;;;;;;;;;
POF_ADJ;Pofanazhi;;;;;;;;;;;;;
FOB;Fobhinazh;;;;;;;;;;;;;
FOB_ADJ;Fobhinazhi;;;;;;;;;;;;;
SHD;Shadiim;;;;;;;;;;;;;
SHD_ADJ;Shadiimi;;;;;;;;;;;;;
JOB;Jobiinâg;;;;;;;;;;;;;
JOB_ADJ;Jobiinâgi;;;;;;;;;;;;;
KAZ;Kazhaukiim;;;;;;;;;;;;;
KAZ_ADJ;Kazhaukiimi;;;;;;;;;;;;;
NUZ;Nuzh;;;;;;;;;;;;;
NUZ_ADJ;Nuzhi;;;;;;;;;;;;;
NOF;Nofknazh;;;;;;;;;;;;;
NOF_ADJ;Nofknazhi;;;;;;;;;;;;;
GOM;Gomudnazh;;;;;;;;;;;;;
GOM_ADJ;Gomudnazhi;;;;;;;;;;;;;
KIB;Kibt;;;;;;;;;;;;;
KIB_ADJ;Kibti;;;;;;;;;;;;;
DZH;Dauzh;;;;;;;;;;;;;
DZH_ADJ;Dauzhi;;;;;;;;;;;;;
CHH;Chazhfa;;;;;;;;;;;;;
CHH_ADJ;Chazhfadi;;;;;;;;;;;;;
NFS;Nofshidi;;;;;;;;;;;;;
NFS_ADJ;Nofshido;;;;;;;;;;;;;
NOB;Nobhau;;;;;;;;;;;;;
NOB_ADJ;Nobhaudi;;;;;;;;;;;;;
GIZ;Gizobnazh;;;;;;;;;;;;;
GIZ_ADJ;Gizobnazhi;;;;;;;;;;;;;
ZHO;Zhofuzt;;;;;;;;;;;;;
ZHO_ADJ;Zhofuzti;;;;;;;;;;;;;
NIH;Nihidiim;;;;;;;;;;;;;
NIH_ADJ;Nihidiimi;;;;;;;;;;;;;
MOJ;Mojifa;;;;;;;;;;;;;
MOJ_ADJ;Mojifadi;;;;;;;;;;;;;
ZHD;Zhodofa;;;;;;;;;;;;;
ZHD_ADJ;Zhodofadi;;;;;;;;;;;;;
NOK;Nokishdza;;;;;;;;;;;;;
NOK_ADJ;Nokishdzadi;;;;;;;;;;;;;
NII;Niidad;;;;;;;;;;;;;
NII_ADJ;Niidadi;;;;;;;;;;;;;
ZAT;Zatiim;;;;;;;;;;;;;
ZAT_ADJ;Zatiimi;;;;;;;;;;;;;
DHU;Dhuk;;;;;;;;;;;;;
DHU_ADJ;Dhuki;;;;;;;;;;;;;
DHA;Dhamapaha;;;;;;;;;;;;;
DHA_ADJ;Dhamapahan;;;;;;;;;;;;;
NIZ;Niizfa;;;;;;;;;;;;;
NIZ_ADJ;Niizfadi;;;;;;;;;;;;;
VON;Vonadmi;;;;;;;;;;;;;
VON_ADJ;Vonadmini;;;;;;;;;;;;;
UPO;Upo;;;;;;;;;;;;;
UPO_ADJ;Upon;;;;;;;;;;;;;
MAB;Mabii;;;;;;;;;;;;;
MAB_ADJ;Mabo;;;;;;;;;;;;;
SHK;Shukshoz;;;;;;;;;;;;;
SHK_ADJ;Shukshozi;;;;;;;;;;;;;
JAD;Jadiim;;;;;;;;;;;;;
JAD_ADJ;Jadiimi;;;;;;;;;;;;;
KID;Kiidnazh;;;;;;;;;;;;;
KID_ADJ;Kiidnazhi;;;;;;;;;;;;;
RAN;Rannu Empire;;;;;;;;;;;;;
RAN_ADJ;Rannutan;;;;;;;;;;;;;
BUD;Budobaman;;;;;;;;;;;;;
BUD_ADJ;Budobam;;;;;;;;;;;;;
TAK;Takemog;;;;;;;;;;;;;
TAK_ADJ;Takemogi;;;;;;;;;;;;;
MAM;Mamatoukat;;;;;;;;;;;;;
MAM_ADJ;Mamatouki;;;;;;;;;;;;;
BOG;Bogorug;;;;;;;;;;;;;
BOG_ADJ;Bogorugi;;;;;;;;;;;;;
YAM;Yamatoukat;;;;;;;;;;;;;
YAM_ADJ;Yamatouki;;;;;;;;;;;;;
PED;Hid Sasoth;;;;;;;;;;;;;
PED_ADJ;Sasothi;;;;;;;;;;;;;
OMU;Omuthuhd;;;;;;;;;;;;;
OMU_ADJ;Omuthudhan;;;;;;;;;;;;;
POH;Pohethud;;;;;;;;;;;;;
POH_ADJ;Pohethudhan;;;;;;;;;;;;;
SIH;Sihnthuhd;;;;;;;;;;;;;
SIH_ADJ;Sihnthudhan;;;;;;;;;;;;;
SPO;Spohthuhd;;;;;;;;;;;;;
SPO_ADJ;Spohthudhan;;;;;;;;;;;;;
MUB;Muboroo;;;;;;;;;;;;;
MUB_ADJ;Muboron;;;;;;;;;;;;;
VAS;Vasimoroo;;;;;;;;;;;;;
VAS_ADJ;Vasimoron;;;;;;;;;;;;;
STH;Sithit;;;;;;;;;;;;;
STH_ADJ;Sithiti;;;;;;;;;;;;;
MAC;Machy;;;;;;;;;;;;;
MAC_ADJ;Machan;;;;;;;;;;;;;
THS;Thesoroo;;;;;;;;;;;;;
THS_ADJ;Thesoron;;;;;;;;;;;;;
THS_paternalistic_council;Thesoron Revolutionary Committee;;;;;;;;;;;;;
UNI;Uni;;;;;;;;;;;;;
UNI_ADJ;Unaian;;;;;;;;;;;;;
QOO;Qooxib;;;;;;;;;;;;;
QOO_ADJ;Qooxibi;;;;;;;;;;;;;
QOO_princely_despotate;Qooxibi Empire;;;;;;;;;;;;
QOO_aristocratic_commonwealth;Qooxibi Empire;;;;;;;;;;;;
ORH;Ourrhond;;;;;;;;;;;;;
ORH_ADJ;Ourrhondan;;;;;;;;;;;;;
FCH;The Fazhri Chrur;;;;;;;;;;;;;
FCH_ADJ;Fazhrin;;;;;;;;;;;;;
HUH;Huhob;;;;;;;;;;;;;
HUH_ADJ;Huhobi;;;;;;;;;;;;;
EID;Eidhiganod;;;;;;;;;;;;;
EID_ADJ;Eidhiganodi;;;;;;;;;;;;;
BUM;Bumid;;;;;;;;;;;;;
BUM_ADJ;Bumidan;;;;;;;;;;;;;
GOX;Goxoor;;;;;;;;;;;;;
GOX_ADJ;Goxoori;;;;;;;;;;;;;
SOM;Soma;;;;;;;;;;;;;
SOM_ADJ;Soman;;;;;;;;;;;;;
CHR;Chro;;;;;;;;;;;;;
CHR_ADJ;Chroyan;;;;;;;;;;;;;
CRR;Chirran;;;;;;;;;;;;;
CRR_ADJ;Chirrani;;;;;;;;;;;;;
OHO;Ohochk;;;;;;;;;;;;;
OHO_ADJ;Ohochky;;;;;;;;;;;;;
MHI;Mhivoundho;;;;;;;;;;;;;
MHI_ADJ;Mhivoundhan;;;;;;;;;;;;;
NEX;Nexabo;;;;;;;;;;;;;
NEX_ADJ;Nexaban;;;;;;;;;;;;;
GHU;Ghurghik;;;;;;;;;;;;;
GHU_ADJ;Ghurghiki;;;;;;;;;;;;;
VUN;Vun Mour;;;;;;;;;;;;;
VUN_ADJ;Mouri;;;;;;;;;;;;;
TIA;Tiamten;;;;;;;;;;;;;
TIA_ADJ;Tiamtenese;;;;;;;;;;;;;
UXA;Uxamiar;;;;;;;;;;;;;
UXA_ADJ;Uxamiari;;;;;;;;;;;;;
BHI;Bhibaunghir;;;;;;;;;;;;;
BHI_ADJ;Bhibaunghiri;;;;;;;;;;;;;
AYU;Anyumb;;;;;;;;;;;;;
AYU_ADJ;Anyumbo;;;;;;;;;;;;;
AYU_princely_despotate;Serene Kingdom of Anyumb;;;;;;;;;;;;;x
AYU_statist_bureaucracy;Anyumb State;;;;;;;;;;;;;x
AYU_paternalistic_council;Anyumb Commonwealth;;;;;;;;;;;;;x
BBO;Bu-Boum;;;;;;;;;;;;;
BBO_ADJ;Buboumdi;;;;;;;;;;;;;
BIW;Biwautk;;;;;;;;;;;;;
BIW_ADJ;Biwautki;;;;;;;;;;;;;
NAR;Narabospkh;;;;;;;;;;;;;
NAR_ADJ;Narabospkhi;;;;;;;;;;;;;
OIU;Oiubah;;;;;;;;;;;;;
OIU_ADJ;Oiubah;;;;;;;;;;;;;
RBU;Rabukh;;;;;;;;;;;;;
RBU_ADJ;Rabukhi;;;;;;;;;;;;;
EBE;Ebejueng;;;;;;;;;;;;;
EBE_ADJ;Ebejuengo;;;;;;;;;;;;;
DRI;Durieng;;;;;;;;;;;;;
DRI_ADJ;Duriengo;;;;;;;;;;;;;
UIN;Uina;;;;;;;;;;;;;
UIN_ADJ;Uinan;;;;;;;;;;;;;
RIB;Ribhitk;;;;;;;;;;;;;
RIB_ADJ;Ribhitki;;;;;;;;;;;;;
NHQ;Rhuiqourr;;;;;;;;;;;;;
NHQ_ADJ;Rhuiqourran;;;;;;;;;;;;;
NHQ_princely_despotate;Rhuiqourran Empire;;;;;;;;;;;;;x
NHQ_statist_bureaucracy;Rhuiqourran Empire;;;;;;;;;;;;;x
NHQ_paternalistic_council;Rhuiqourran Commonwealth;;;;;;;;;;;;;x
RSS;Risso;;;;;;;;;;;;;
RSS_ADJ;Risson;;;;;;;;;;;;;
PUS;Pusunetos;;;;;;;;;;;;;
PUS_ADJ;Pusunetone;;;;;;;;;;;;;
PUS_princely_despotate;Pusunetos of the Great Khan;;;;;;;;;;;;;x
PUS_statist_bureaucracy;Pusunetos of the State;;;;;;;;;;;;;x
PUS_paternalistic_council;Pusunetos of the People;;;;;;;;;;;;;x
SUG;Sugteq;;;;;;;;;;;;;
SUG_ADJ;Sugteqi;;;;;;;;;;;;;
GUS;Gussana;;;;;;;;;;;;;
GUS_ADJ;Gussanan;;;;;;;;;;;;;
GOG;Gogion;;;;;;;;;;;;;
GOG_ADJ;Gogon;;;;;;;;;;;;;
NAI;Naiosapa;;;;;;;;;;;;;
NAI_ADJ;Naiosapan;;;;;;;;;;;;;
GAF;Gafe;;;;;;;;;;;;;
GAF_ADJ;Gafen;;;;;;;;;;;;;
IBE;Ibeije;;;;;;;;;;;;;
IBE_ADJ;Ibeije;;;;;;;;;;;;;
GAP;Gapa;;;;;;;;;;;;;
GAP_ADJ;Gapanni;;;;;;;;;;;;;
PNU;Pounu;;;;;;;;;;;;;
PNU_ADJ;Pounune;;;;;;;;;;;;;
AIO;Aiofaiopioks;;;;;;;;;;;;;
AIO_ADJ;Aiofaiopioke;;;;;;;;;;;;;
STU;Stugoug;;;;;;;;;;;;;
STU_ADJ;Stugougan;;;;;;;;;;;;;
TNB;Tanbog;;;;;;;;;;;;;
TNB_ADJ;Tanbogu;;;;;;;;;;;;;
TUT;Tutzob;;;;;;;;;;;;;
TUT_ADJ;Tutzobi;;;;;;;;;;;;;
OTI;Otisa;;;;;;;;;;;;;
OTI_ADJ;Otisan;;;;;;;;;;;;;
BEO;Beobiq;;;;;;;;;;;;;
BEO_ADJ;Beobiqi;;;;;;;;;;;;;
MOM;Momneb;;;;;;;;;;;;;
MOM_ADJ;Momneb;;;;;;;;;;;;;
MAJ;Majumeft;;;;;;;;;;;;;
MAJ_ADJ;Majumefti;;;;;;;;;;;;;
STA;Stastrus;;;;;;;;;;;;;
STA_ADJ;Stastrusi;;;;;;;;;;;;;
FIB;Fibut;;;;;;;;;;;;;
FIB_ADJ;Fibuti;;;;;;;;;;;;;
CHD;Châzd;;;;;;;;;;;;;
CHD_ADJ;Châzdi;;;;;;;;;;;;;
NGJ;Ngjuttô;;;;;;;;;;;;;
NGJ_ADJ;Ngjuttôn;;;;;;;;;;;;;
HUP;Hûpênnohu;;;;;;;;;;;;;
HUP_ADJ;Hûpênnohun;;;;;;;;;;;;;
NYW;Nywut;;;;;;;;;;;;;
NYW_ADJ;Nywuti;;;;;;;;;;;;;
NIK;Nikwiss;;;;;;;;;;;;;
NIK_ADJ;Nikwiss;;;;;;;;;;;;;
MJO;Mj'otass;;;;;;;;;;;;;
MJO_ADJ;Mj'otassan;;;;;;;;;;;;;
KOC;Kochusa;;;;;;;;;;;;;
KOC_ADJ;Kochusan;;;;;;;;;;;;;
JUR;J'urhunt;;;;;;;;;;;;;
JUR_ADJ;J'urhunt;;;;;;;;;;;;;
NGG;J'gafeh;;;;;;;;;;;;;
NGG_ADJ;J'gafehnine;;;;;;;;;;;;;
MPA;Mpacha;;;;;;;;;;;;;
MPA_ADJ;Mpachan;;;;;;;;;;;;;
KUC;Kuchwu;;;;;;;;;;;;;
KUC_ADJ;Kuchwune;;;;;;;;;;;;;
PWA;Pwamke;;;;;;;;;;;;;
PWA_ADJ;Pwamken;;;;;;;;;;;;;
SES;Sesy;;;;;;;;;;;;;
SES_ADJ;Sesian;;;;;;;;;;;;;
DHC;Dhurch;;;;;;;;;;;;;
DHC_ADJ;Dhurchine;;;;;;;;;;;;;
MTU;Mtuntass;;;;;;;;;;;;;
MTU_ADJ;Mtuntassan;;;;;;;;;;;;;
MWI;Mwid'a;;;;;;;;;;;;;
MWI_ADJ;Mwid'an;;;;;;;;;;;;;
BIM;B'imku;;;;;;;;;;;;;
BIM_ADJ;B'imkune;;;;;;;;;;;;;
SUC;Suchup;;;;;;;;;;;;;
SUC_ADJ;Suchupine;;;;;;;;;;;;;
RAS;Rashev;;;;;;;;;;;;;
RAS_ADJ;Rashevi;;;;;;;;;;;;;
DAU;Daushim;;;;;;;;;;;;;
DAU_ADJ;Daushimi;;;;;;;;;;;;;
YAW;Yaw;;;;;;;;;;;;;
YAW_ADJ;Yawan;;;;;;;;;;;;;
MJE;Mj'ekwu;;;;;;;;;;;;;
MJE_ADJ;Mj'ekwune;;;;;;;;;;;;;
SHO;Shomn;;;;;;;;;;;;;
SHO_ADJ;Shomni;;;;;;;;;;;;;
THO;Thokie;;;;;;;;;;;;;
THO_ADJ;Thokine;;;;;;;;;;;;;
BOZ;Bozzanazh;;;;;;;;;;;;;
BOZ_ADJ;Bozzanazhi;;;;;;;;;;;;;
WCH;Wechzang;;;;;;;;;;;;;
WCH_ADJ;Wechzangi;;;;;;;;;;;;;
ZHE;Zheset;;;;;;;;;;;;;
ZHE_ADJ;Zhesetine;;;;;;;;;;;;;
KHR;Khragirou;;;;;;;;;;;;;
KHR_ADJ;Khragiroune;;;;;;;;;;;;;
SWM;Swemboum;;;;;;;;;;;;;
SWM_ADJ;Swembouman;;;;;;;;;;;;;
HOV;Hovyi;;;;;;;;;;;;;
HOV_ADJ;Hovyine;;;;;;;;;;;;;
YBA;Yub'a;;;;;;;;;;;;;
YBA_ADJ;Yub'an;;;;;;;;;;;;;
GIK;Giktu;;;;;;;;;;;;;
GIK_ADJ;Giktu;;;;;;;;;;;;;
UMC;Umcho;;;;;;;;;;;;;
UMC_ADJ;Umchone;;;;;;;;;;;;;
MWN;Mwan;;;;;;;;;;;;;
MWN_ADJ;Mwani;;;;;;;;;;;;;
FET;Fetass;;;;;;;;;;;;;
FET_ADJ;Fetassan;;;;;;;;;;;;;
ZIV;Zivur;;;;;;;;;;;;;
ZIV_ADJ;Zivuri;;;;;;;;;;;;;
CHK;Chokess;;;;;;;;;;;;;
CHK_ADJ;Chokessan;;;;;;;;;;;;;
MTC;Mturch;;;;;;;;;;;;;
MTC_ADJ;Mturchi;;;;;;;;;;;;;
WOJ;Woj'asyu;;;;;;;;;;;;;
WOJ_ADJ;Woj'asyune;;;;;;;;;;;;;
YSG;Yusanggum;;;;;;;;;;;;;
YSG_ADJ;Yusanggum;;;;;;;;;;;;;
DNT;D'ont;;;;;;;;;;;;;
DNT_ADJ;D'onti;;;;;;;;;;;;;
SHN;Shurnu;;;;;;;;;;;;;
SHN_ADJ;Shurnune;;;;;;;;;;;;;
BWU;B'wunt;;;;;;;;;;;;;
BWU_ADJ;B'wunti;;;;;;;;;;;;;
NZO;Nze-Ochwo;;;;;;;;;;;;;
NZO_ADJ;Ochwoni;;;;;;;;;;;;;
HMO;Hamog;;;;;;;;;;;;;
HMO_ADJ;Hamogine;;;;;;;;;;;;;
KUS;Kushnâg;;;;;;;;;;;;;
KUS_princely_despotate;Kushfa;;;;;;;;;;;;;
KUS_princely_despotate_ADJ;Kushfan;;;;;;;;;;;;;
KUS_ADJ;Kushnâgi;;;;;;;;;;;;;
CHM;Chömebed;;;;;;;;;;;;;
CHM_ADJ;Chömebedi;;;;;;;;;;;;;
GYR;Gyriedaav;;;;;;;;;;;;;
GYR_ADJ;Gyriedaavi;;;;;;;;;;;;;
HIE;Hiedaav;;;;;;;;;;;;;
HIE_ADJ;Hiedaavi;;;;;;;;;;;;;
KAH;Kahafkidaav;;;;;;;;;;;;;
KAH_ADJ;Kahafkidaavi;;;;;;;;;;;;;
ISA;Isaudaav;;;;;;;;;;;;;
ISA_ADJ;Isaudaavi;;;;;;;;;;;;;
HYU;Hyutdaav;;;;;;;;;;;;;
HYU_ADJ;Hyutdaavi;;;;;;;;;;;;;
TAR;Tahradaav;;;;;;;;;;;;;
TAR_ADJ;Tahradaavi;;;;;;;;;;;;;
RYG;Rygdaav;;;;;;;;;;;;;
RYG_ADJ;Rygdaavi;;;;;;;;;;;;;
HUD;Hudaav;;;;;;;;;;;;;
HUD_ADJ;Hudaavi;;;;;;;;;;;;;
NEH;Nehrshi;;;;;;;;;;;;;
NEH_ADJ;Nehrshine;;;;;;;;;;;;;
DDH;Do Dhruzd;;;;;;;;;;;;;
DDH_ADJ;Do Dhruzdi;;;;;;;;;;;;;
GUD;Gudzö;;;;;;;;;;;;;
GUD_ADJ;Gudzön;;;;;;;;;;;;;
BSH;Bösharë;;;;;;;;;;;;;
BSH_ADJ;Bösharën;;;;;;;;;;;;;
GRM;Gërmgan;;;;;;;;;;;;;
GRM_ADJ;Gërmgani;;;;;;;;;;;;;
MSH;Mashad;;;;;;;;;;;;;
MSH_ADJ;Mashad;;;;;;;;;;;;;
MNJ;Mnëjöz;;;;;;;;;;;;;
MNJ_ADJ;Mnëjözi;;;;;;;;;;;;;
IDA;Idarm;;;;;;;;;;;;;
IDA_ADJ;Idarman;;;;;;;;;;;;;
PER;Perzob;;;;;;;;;;;;;
PER_ADJ;Perzobi;;;;;;;;;;;;;
KAN;Kaneun;;;;;;;;;;;;;
KAN_ADJ;Kaneuni;;;;;;;;;;;;;
NTS;Nan Tsetk;;;;;;;;;;;;;
NTS_ADJ;Nan Tsetki;;;;;;;;;;;;;
NSP;Nasup;;;;;;;;;;;;;
NSP_ADJ;Nasupan;;;;;;;;;;;;;
JAN;Janaa;;;;;;;;;;;;;
JAN_ADJ;Janaan;;;;;;;;;;;;;
MSQ;Misuq;;;;;;;;;;;;;
MSQ_ADJ;Misuqine;;;;;;;;;;;;;
JGG;Jigguva;;;;;;;;;;;;;
JGG_ADJ;Jigguvai;;;;;;;;;;;;;
BAA;Baastuu;;;;;;;;;;;;;
BAA_ADJ;Baastuu;;;;;;;;;;;;;
TGN;The Great Nâg;;;;;;;;;;;;;
TGN_ADJ;Nâgi;;;;;;;;;;;;;
ATH;Athisoroo;;;;;;;;;;;;;
ATH_ADJ;Athisoron;;;;;;;;;;;;;
PRT;Pruuntawrish;;;;;;;;;;;;;
PRT_ADJ;Pruuntish;;;;;;;;;;;;;
VAD;Vadobeth;;;;;;;;;;;;;
VAD_ADJ;Vadobethu;;;;;;;;;;;;;
DKN;Dhuknâg;;;;;;;;;;;;;
DKN_ADJ;Dhuknâgi;;;;;;;;;;;;;
RST;Roshuut;;;;;;;;;;;;;
RST_ADJ;Roshuutan;;;;;;;;;;;;;
HAK;Hakduha;;;;;;;;;;;;;
HAK_ADJ;Hakduhan;;;;;;;;;;;;;
D01;$REGION$;;;;;;;;;;;;;x
D01_ADJ;$REGION$ite;;;;;;;;;;;;;x
D02;Organised $REGION$ Colonies;;;;;;;;;;;;;x
D02_ADJ;$REGION$ite;;;;;;;;;;;;;;x
D03;$REGION$ Territories;;;;;;;;;;;;;x
D03_ADJ;$REGION$ite;;;;;;;;;;;;;x
D04;$REGION$land;;;;;;;;;;;;;x
D04_ADJ;$REGION$lander;;;;;;;;;;;;;x
D05;The Dominion of $REGION$;;;;;;;;;;;;;x
D05_ADJ;$REGION$ite;;;;;;;;;;;;;x
D06;Governate of $REGION$;;;;;;;;;;;;;x
D06_ADJ;$REGION$ite;;;;;;;;;;;;;x
D07;$REGION$ Free State;;;;;;;;;;;;;x
D07_ADJ;Freestater;;;;;;;;;;;;;x
D08;$REGION$ Colony;;;;;;;;;;;;;x
D08_ADJ;$REGION$ite;;;;;;;;;;;;;x
D09;$REGION$ Protectorate;;;;;;;;;;;;;x
D09_ADJ;$REGION$ite;;;;;;;;;;;;;x
D10;The $REGION$ Protectorate;;;;;;;;;;;;;x
D10_ADJ;$REGION$ite;;;;;;;;;;;;;x
D11;The $REGION$ Concession;;;;;;;;;;;;;x
D11_ADJ;$REGION$ite;;;;;;;;;;;;;x
D12;$REGION$ Districts Protectorate;;;;;;;;;;;;;x
D12_ADJ;$REGION$ite;;;;;;;;;;;;;x
D13;The $REGION$ Company;;;;;;;;;;;;;x
D13_ADJ;Company;;;;;;;;;;;;;x
D14;The Dominion of $REGION$;;;;;;;;;;;;;x
D14_ADJ;$REGION$ite;;;;;;;;;;;;;x
D15;$REGION$ Protectorate;;;;;;;;;;;;;x
D15_ADJ;$REGION$ite;;;;;;;;;;;;;x
D16;The $REGION$ Colonies;;;;;;;;;;;;;x
D16_ADJ;$REGION$ite;;;;;;;;;;;;;x
D17;The $REGION$ Colony;;;;;;;;;;;;;x
D17_ADJ;$REGION$ite;;;;;;;;;;;;;x
D18;Captiancy of $REGION$;;;;;;;;;;;;;x
D18_ADJ;$REGION$ite;;;;;;;;;;;;;x
D19;Colonial $REGION$;;;;;;;;;;;;;x
D19_ADJ;$REGION$ite;;;;;;;;;;;;;x
D20;$REGION$ Territory;;;;;;;;;;;;;x
D20_ADJ;$REGION$ite;;;;;;;;;;;;;x
D21;Concession Territory of $REGION$;;;;;;;;;;;;;x
D21_ADJ;$REGION$ite;;;;;;;;;;;;;x
D22;$REGION$land;;;;;;;;;;;;;x
D22_ADJ;$REGION$lander;;;;;;;;;;;;;x
D23;$REGION$land;;;;;;;;;;;;;x
D23_ADJ;$REGION$lander;;;;;;;;;;;;;x
D24;$REGION$ Dependencies;;;;;;;;;;;;;x
D24_ADJ;$REGION$ite;;;;;;;;;;;;;x
D25;$REGION$ District;;;;;;;;;;;;;x
D25_ADJ;$REGION$ite;;;;;;;;;;;;;x
D26;The $REGION$ Free State;;;;;;;;;;;;;x
D26_ADJ;Freestater;;;;;;;;;;;;;x
D27;The $REGION$ Settlements;;;;;;;;;;;;;x
D27_ADJ;$REGION$ite;;;;;;;;;;;;;x
D28;$REGION$ Protectorate;;;;;;;;;;;;;x
D28_ADJ;$REGION$ite;;;;;;;;;;;;;x
D29;The $REGION$ Colony;;;;;;;;;;;;;x
D29_ADJ;$REGION$ite;;;;;;;;;;;;;x
D30;$REGION$land;;;;;;;;;;;;;x
D30_ADJ;$REGION$lander;;;;;;;;;;;;;x
D31;$REGION$land;;;;;;;;;;;;;x
D31_ADJ;$REGION$ite;;;;;;;;;;;;;x
D32;The $REGION$ Colony;;;;;;;;;;;;;x
D32_ADJ;$REGION$ite;;;;;;;;;;;;;x
D33;The $REGION$ Department;;;;;;;;;;;;;x
D33_ADJ;$REGION$ite;;;;;;;;;;;;;x
D34;United Colonies of $REGION$;;;;;;;;;;;;;x
D34_ADJ;$REGION$ite;;;;;;;;;;;;;x
D35;The $REGION$ Governate;;;;;;;;;;;;;x
D35_ADJ;$REGION$ite;;;;;;;;;;;;;x
D36;The $REGION$ Concession;;;;;;;;;;;;;x
D36_ADJ;$REGION$ite;;;;;;;;;;;;;x
D37;$REGION$ Colonial Governate;;;;;;;;;;;;;x
D37_ADJ;$REGION$ite;;;;;;;;;;;;;x
D38;$REGION$ Land;;;;;;;;;;;;;x
D38_ADJ;$REGION$lander;;;;;;;;;;;;;x
D39;$REGION$ Territories;;;;;;;;;;;;;x
D39_ADJ;$REGION$ite;;;;;;;;;;;;;x
D45;Free Commonwealth;;;;;;;;;;;;;x
D45_ADJ;Commonwealther;;;;;;;;;;;;;x
D41;Freemans' Commonwealth;;;;;;;;;;;;;x
D41_ADJ;Commonwealthan;;;;;;;;;;;;;;x
D42;Freemans' State;;;;;;;;;;;;;x
D42_ADJ;Freedman;;;;;;;;;;;;;x
D43;Freestate;;;;;;;;;;;;;x
D43_ADJ;Freestater;;;;;;;;;;;;;x
D40;Commonwealth of Goodhope;;;;;;;;;;;;;x
D40_ADJ;Goodhoper;;;;;;;;;;;;;x
D44;The Free Cities;;;;;;;;;;;;;x
D44_ADJ;Freistadter;;;;;;;;;;;;;x
D46;Commonwealth of Man;;;;;;;;;;;;;x
D46_ADJ;Commonwealther;;;;;;;;;;;;;x
D47;The Liberated Territories;;;;;;;;;;;;;x
D47_ADJ;Territorial;;;;;;;;;;;;;x
D48;The Sublime Commonwealth;;;;;;;;;;;;;x
D48_ADJ;Commonwealthan;;;;;;;;;;;;;x
D49;The Freedman's Bund;;;;;;;;;;;;;x
D49_ADJ;Bunder;;;;;;;;;;;;;x
#D40;$REGION$ Protectorate;;;;;;;;;;;;;x
#D40_ADJ;$REGION$itet;;;;;;;;;;;;;x
#D41;The $REGION$ Protectorate;;;;;;;;;;;;;x
#D41_ADJ;$REGION$ite;;;;;;;;;;;;;x
#D42;$REGION$ Protectorate;;;;;;;;;;;;;x
#D42_ADJ;$REGION$ite;;;;;;;;;;;;;x
#D43;$REGION$ Colony;;;;;;;;;;;;;x
#D43_ADJ;$REGION$ite;;;;;;;;;;;;;x
#D44;Trucical $REGION$;;;;;;;;;;;;;x
#D44_ADJ;Trucical;;;;;;;;;;;;;x
#D45;Colony and Protectorate of $REGION$;;;;;;;;;;;;;x
#D45_ADJ;$REGION$ite;;;;;;;;;;;;;x
#D46;$REGION$land;;;;;;;;;;;;;x
#D46_ADJ;$REGION$lander;;;;;;;;;;;;;x
#D47;The $REGION$ Dominion;;;;;;;;;;;;;x
#D47_ADJ;$REGION$ite;;;;;;;;;;;;;x
#D48;The $REGION$ Protectorate;;;;;;;;;;;;;x
#D48_ADJ;$REGION$ite;;;;;;;;;;;;;x
#D49;$REGION$land Colony;;;;;;;;;;;;;x
#D49_ADJ;$REGION$lander;;;;;;;;;;;;;x
D50;$REGION$land;;;;;;;;;;;;;x
D50_ADJ;$REGION$lander;;;;;;;;;;;;;x
DEX;Dexunu;;;;;;;;;;;;;
DEX_ADJ;Dexun;;;;;;;;;;;;;
GGN;Gimeng Gon;;;;;;;;;;;;;
GGN_ADJ;Gimengi;;;;;;;;;;;;;
HID;Hiduherath;;;;;;;;;;;;;
HID_ADJ;Hiduherathi;;;;;;;;;;;;;
WAP;Wapkam;;;;;;;;;;;;;
WAP_ADJ;Wapkami;;;;;;;;;;;;;
PPN;Poponazh;;;;;;;;;;;;;
PPN_aristocratic_commonwealth;Poponâg;;;;;;;;;;;;;
PPN_aristocratic_commonwealth_ADJ;Poponâgi;;;;;;;;;;;;;
PPN_ADJ;Poponazhi;;;;;;;;;;;;;
DZN;Dozhnâg;;;;;;;;;;;;;
DZN_ADJ;Dozhnâgi;;;;;;;;;;;;;
CHB;Chiibnazh;;;;;;;;;;;;;
CHB_ADJ;Chiibnazhi;;;;;;;;;;;;;
THN;Theanâg;;;;;;;;;;;;;x
THN_ADJ;Theanâgi;;;;;;;;;;;;;x
PAU;Paukzhodo;;;;;;;;;;;;;x
PAU_ADJ;Paukzhodan;;;;;;;;;;;;;x
TTT;Colonial Paukzhodo;;;;;;;;;;;;;x
TTT_ADJ;Troglodytican;;;;;;;;;;;;;x
WBC;West Bafozh;;;;;;;;;;;;;x
WBC_ADJ;West Bafozhi;;;;;;;;;;;;;x
SBC;South Bafozh;;;;;;;;;;;;;x
SBC_ADJ;South Bafozhi;;;;;;;;;;;;;x
EBC;East Bafozh;;;;;;;;;;;;;x
EBC_ADJ;East Bafozhi;;;;;;;;;;;;;x
CBC;Central Bafozh;;;;;;;;;;;;;x
CBC_ADJ;Central Bafozhi;;;;;;;;;;;;;x
SLC;Sarengiland;;;;;;;;;;;;;x
SLC_ADJ;Sarengilander;;;;;;;;;;;;;x
CSC;Colonial Shobgizob;;;;;;;;;;;;;x
CSC_ADJ;Shobgizobi;;;;;;;;;;;;;x
JTC;Juruntine Territories;;;;;;;;;;;;;x
JTC_ADJ;Juruntine;;;;;;;;;;;;;x
IIC;Colonial Ishnesia;;;;;;;;;;;;;x
IIC_ADJ;Ishnesian;;;;;;;;;;;;;x
TGC;Gofakidzia;;;;;;;;;;;;;x
TGC_ADJ;Gofakidzian;;;;;;;;;;;;;x
WSW;Wushauwland;;;;;;;;;;;;;x
WSW_ADJ;Wushavian;;;;;;;;;;;;;x
WSW_paternalistic_council;Wushauw Free State;;;;;;;;;;;;;x
WSW_aristocratic_commonwealth;Wushauw Free State;;;;;;;;;;;;;x
WSW_princely_despotate;Wushauw Free State;;;;;;;;;;;;;x
WSW_theocracy;Wushauwland;;;;;;;;;;;;;x
WSW_theocratist_dictatorship;Wushauw Free State;;;;;;;;;;;;;x
WSW_paternalistic_council_ADJ;Wushavian;;;;;;;;;;;;;x
WSW_aristocratic_commonwealth_ADJ;Wushavian;;;;;;;;;;;;;x
WSW_princely_despotate_ADJ;Wushavian;;;;;;;;;;;;;x
WSW_theocracy_ADJ;Wushavian;;;;;;;;;;;;;x
WSW_theocratist_dictatorship_ADJ;Wushavian;;;;;;;;;;;;;x
JTN;Juruntine Territories;;;;;;;;;;;;;x
JTN_ADJ;Juruntine;;;;;;;;;;;;;x
JTN_paternalistic_council;United Juruntine Provinces;;;;;;;;;;;;;x
JTN_aristocratic_commonwealth;United Juruntine Provinces;;;;;;;;;;;;;x
JTN_princely_despotate;United Juruntine Provinces;;;;;;;;;;;;;x
JTN_theocracy;Juruntine Territories;;;;;;;;;;;;;x
JTN_theocratist_dictatorship;United Juruntine Provinces;;;;;;;;;;;;;x
JTN_paternalistic_council_ADJ;Juruntine;;;;;;;;;;;;;x
JTN_aristocratic_commonwealth_ADJ;Juruntine;;;;;;;;;;;;;x
JTN_princely_despotate_ADJ;Juruntine;;;;;;;;;;;;;x
JTN_theocracy_ADJ;Juruntine;;;;;;;;;;;;;x
JTN_theocratist_dictatorship_ADJ;Juruntine;;;;;;;;;;;;;x
BEN;Bennareth;;;;;;;;;;;;;
BEN_ADJ;Bennu;;;;;;;;;;;;;
ZHN;Zhakdnâg;;;;;;;;;;;;;x
ZHN_princely_despotate;Zhakdnazh;;;;;;;;;;;;;x
ZHN_ADJ;Zhakdi;;;;;;;;;;;;;x
GBM;Gibumovon;;;;;;;;;;;;;
GBM_ADJ;Gibumovon;;;;;;;;;;;;;
